# Blender 5.0.1
# www.blender.org
mtllib Accesibilidad.mtl
o Cubo
v -0.666667 1.640469 1.427325
v -0.666667 6.863087 2.352012
v -0.666667 1.640469 -1.427325
v -0.666667 6.863087 -2.338929
v 0.666667 1.640469 1.427325
v 0.666667 6.863087 2.352011
v 0.666667 1.640469 -1.427325
v 0.666667 6.863087 -2.338929
v -0.666667 7.205423 0.541907
v 0.666667 1.392940 0.442963
v -0.666667 1.392940 0.442963
v 0.666667 7.205423 0.541907
v -0.666667 1.392940 -0.442963
v 0.666667 7.205423 -0.541907
v -0.666667 7.205423 -0.541907
v 0.666667 1.392940 -0.442963
v 0.500000 9.756783 0.666730
v -0.500000 9.756781 0.666730
v 0.500000 9.756783 -0.666730
v -0.500000 9.756783 -0.666730
v -0.666667 8.508848 -0.790029
v -0.666667 8.508848 0.790030
v 0.666667 8.508848 0.790029
v 0.666667 8.508848 -0.790029
v 0.500000 -1.533939 -1.439629
v -0.500000 -1.533939 -1.439629
v -0.500000 -1.533939 1.439629
v 0.500000 -1.533939 1.439629
v -0.500000 -1.460181 0.775185
v 0.500000 -1.460181 -0.775185
v 0.500000 -1.460181 0.775185
v -0.500000 -1.460181 -0.775185
v -0.666667 5.382926 -2.486583
v 0.666667 5.382925 -2.486583
v -0.500000 6.943707 -5.874070
v 0.500000 6.943707 -5.874070
v -0.500000 6.203626 -5.874070
v 0.500000 6.203626 -5.874070
v -0.500000 6.943707 5.932942
v 0.500000 6.943707 5.932942
v -0.666667 5.382926 2.499666
v 0.666667 5.382926 2.499666
v -0.500000 6.203626 5.932942
v 0.500000 6.203626 5.932942
v 0.527344 1.587366 -1.540372
v 0.364583 1.549435 -1.621121
v 0.186198 1.526677 -1.669570
v 0.000000 1.519091 -1.685719
v -0.186198 1.526677 -1.669570
v -0.364583 1.549435 -1.621121
v -0.527344 1.587366 -1.540372
v -0.527344 7.010959 -2.379303
v -0.364583 7.116583 -2.408142
v -0.186198 7.179957 -2.425445
v 0.000000 7.201082 -2.431213
v 0.186198 7.179957 -2.425445
v 0.364583 7.116583 -2.408142
v 0.527344 7.010960 -2.379303
v -0.527344 1.587366 1.540372
v -0.364583 1.549435 1.621121
v -0.186198 1.526677 1.669570
v -0.000000 1.519091 1.685719
v 0.186198 1.526677 1.669570
v 0.364583 1.549435 1.621121
v 0.527344 1.587366 1.540372
v 0.527344 7.010960 2.392386
v 0.364583 7.116583 2.421224
v 0.186198 7.179957 2.438528
v 0.000000 7.201082 2.444295
v -0.186198 7.179956 2.438528
v -0.364583 7.116583 2.421225
v -0.527344 7.010959 2.392386
v -0.776042 1.509690 0.505831
v -0.854167 1.630792 0.586003
v -0.901042 1.733821 0.686938
v -0.916667 1.796353 0.812099
v -0.901042 1.802955 0.961868
v -0.854167 1.766159 1.124326
v -0.776042 1.705489 1.284477
v 0.666667 7.029961 0.573922
v 0.666667 6.866199 0.642193
v 0.666667 6.735993 0.759857
v 0.666667 6.661199 0.940052
v 0.666667 6.656013 1.192839
v 0.666667 6.703998 1.515974
v 0.666667 6.781054 1.904138
v -0.666667 7.029961 -0.573897
v -0.666667 6.866199 -0.641989
v -0.666667 6.735993 -0.759168
v -0.666667 6.661199 -0.938417
v -0.666667 6.656013 -1.189645
v -0.666667 6.703998 -1.510455
v -0.666667 6.781054 -1.895374
v 0.776042 1.509690 -0.505831
v 0.854167 1.630792 -0.586003
v 0.901042 1.733821 -0.686938
v 0.916667 1.796353 -0.812099
v 0.901042 1.802955 -0.961868
v 0.854167 1.766159 -1.124326
v 0.776042 1.705489 -1.284477
v -0.666667 6.781054 1.904138
v -0.666667 6.703998 1.515974
v -0.666667 6.656013 1.192839
v -0.666667 6.661199 0.940052
v -0.666667 6.735993 0.759857
v -0.666667 6.866199 0.642193
v -0.666667 7.029961 0.573922
v 0.776042 1.705489 1.284477
v 0.854167 1.766159 1.124326
v 0.901042 1.802955 0.961868
v 0.916667 1.796353 0.812099
v 0.901042 1.733821 0.686938
v 0.854167 1.630792 0.586003
v 0.776042 1.509690 0.505831
v -0.666667 1.768878 -0.350390
v -0.666667 2.077690 -0.242245
v -0.666667 2.286837 -0.123718
v -0.666667 2.363783 -0.000000
v -0.666667 2.286837 0.123718
v -0.666667 2.077689 0.242245
v -0.666667 1.768878 0.350391
v 0.776042 7.089155 -0.428657
v 0.854167 6.972887 -0.296355
v 0.901042 6.883451 -0.151353
v 0.916667 6.847675 0.000000
v 0.901042 6.883451 0.151353
v 0.854167 6.972887 0.296355
v 0.776042 7.089155 0.428657
v 0.527344 1.299227 0.394514
v 0.364583 1.232289 0.359907
v 0.186198 1.192127 0.339143
v 0.000000 1.178739 0.332222
v -0.186198 1.192126 0.339143
v -0.364583 1.232289 0.359907
v -0.527344 1.299227 0.394514
v -0.527344 7.299332 0.630814
v -0.364583 7.366409 0.694318
v -0.186198 7.406656 0.732421
v 0.000000 7.420072 0.745122
v 0.186198 7.406655 0.732421
v 0.364583 7.366410 0.694318
v 0.527344 7.299332 0.630814
v -0.776042 1.705489 -1.284477
v -0.854167 1.766159 -1.124326
v -0.901042 1.802955 -0.961868
v -0.916667 1.796353 -0.812099
v -0.901042 1.733821 -0.686938
v -0.854167 1.630792 -0.586003
v -0.776042 1.509690 -0.505831
v 0.666667 6.781054 -1.895374
v 0.666667 6.703998 -1.510455
v 0.666667 6.656013 -1.189645
v 0.666667 6.661199 -0.938417
v 0.666667 6.735993 -0.759168
v 0.666667 6.866199 -0.641989
v 0.666667 7.029961 -0.573897
v -0.776042 7.089155 0.428657
v -0.854167 6.972887 0.296355
v -0.901042 6.883451 0.151353
v -0.916667 6.847675 -0.000000
v -0.901042 6.883451 -0.151353
v -0.854167 6.972887 -0.296355
v -0.776042 7.089155 -0.428657
v 0.666667 1.768878 0.350390
v 0.666667 2.077689 0.242245
v 0.666667 2.286837 0.123718
v 0.666667 2.363783 -0.000000
v 0.666667 2.286837 -0.123718
v 0.666667 2.077689 -0.242245
v 0.666667 1.768878 -0.350390
v 0.527344 1.299227 -0.394514
v 0.364583 1.232290 -0.359907
v 0.186198 1.192127 -0.339143
v 0.000000 1.178739 -0.332222
v -0.186198 1.192126 -0.339143
v -0.364583 1.232289 -0.359907
v -0.527344 1.299227 -0.394514
v -0.527344 7.299332 -0.630814
v -0.364583 7.366409 -0.694318
v -0.186198 7.406655 -0.732421
v 0.000000 7.420072 -0.745122
v 0.186198 7.406655 -0.732421
v 0.364583 7.366409 -0.694318
v 0.527344 7.299332 -0.630814
v 0.666221 8.695038 -0.822094
v 0.663098 8.886274 -0.842473
v 0.654622 9.075619 -0.848757
v 0.638117 9.256135 -0.838536
v 0.611680 9.421144 -0.810433
v 0.576501 9.565014 -0.767196
v 0.535564 9.681694 -0.713960
v 0.666221 8.695038 0.822094
v 0.663098 8.886274 0.842473
v 0.654622 9.075619 0.848757
v 0.638117 9.256135 0.838536
v 0.611680 9.421144 0.810433
v 0.576501 9.565014 0.767196
v 0.535564 9.681694 0.713960
v -0.535564 9.681694 -0.713960
v -0.576501 9.565014 -0.767196
v -0.611680 9.421144 -0.810433
v -0.638117 9.256135 -0.838536
v -0.654622 9.075619 -0.848757
v -0.663098 8.886273 -0.842473
v -0.666221 8.695037 -0.822094
v -0.666221 8.695037 0.822094
v -0.663098 8.886273 0.842473
v -0.654622 9.075619 0.848757
v -0.638117 9.256135 0.838536
v -0.611680 9.421144 0.810433
v -0.576501 9.565014 0.767196
v -0.535564 9.681694 0.713960
v -0.535118 9.788992 0.558519
v -0.572933 9.823675 0.395571
v -0.599635 9.848167 0.204554
v -0.609568 9.857277 0.000000
v -0.599636 9.848166 -0.204554
v -0.572933 9.823675 -0.395571
v -0.535118 9.788992 -0.558519
v 0.535118 9.788992 -0.558519
v 0.572933 9.823675 -0.395571
v 0.599636 9.848167 -0.204554
v 0.609568 9.857277 0.000000
v 0.599636 9.848167 0.204554
v 0.572933 9.823675 0.395571
v 0.535118 9.788992 0.558519
v -0.418850 9.788992 0.713558
v -0.296650 9.823675 0.763983
v -0.153401 9.848166 0.799590
v 0.000000 9.857277 0.812835
v 0.153401 9.848166 0.799590
v 0.296650 9.823675 0.763983
v 0.418850 9.788992 0.713558
v -0.418849 9.788992 -0.713558
v -0.296650 9.823675 -0.763983
v -0.153401 9.848167 -0.799590
v -0.000000 9.857277 -0.812835
v 0.153401 9.848167 -0.799590
v 0.296650 9.823675 -0.763983
v 0.418850 9.788992 -0.713558
v -0.527344 8.508848 -0.919644
v -0.364583 8.508848 -1.012225
v -0.186198 8.508848 -1.067774
v 0.000000 8.508848 -1.086290
v 0.186198 8.508848 -1.067774
v 0.364583 8.508848 -1.012225
v 0.527344 8.508848 -0.919644
v -0.666667 8.333029 0.748962
v -0.666667 8.166428 0.702668
v -0.666667 8.006277 0.655197
v -0.666667 7.849811 0.610598
v -0.666667 7.694260 0.572920
v -0.666667 7.536857 0.546212
v -0.666667 7.374833 0.534525
v 0.666667 7.374833 0.534525
v 0.666667 7.536856 0.546213
v 0.666667 7.694260 0.572920
v 0.666667 7.849811 0.610598
v 0.666667 8.006277 0.655197
v 0.666667 8.166427 0.702668
v 0.666667 8.333029 0.748962
v -0.527344 8.508848 0.919644
v -0.364583 8.508848 1.012225
v -0.186198 8.508848 1.067774
v 0.000000 8.508848 1.086290
v 0.186198 8.508848 1.067774
v 0.364583 8.508848 1.012225
v 0.527344 8.508848 0.919644
v -0.666667 8.333028 -0.748962
v -0.666667 8.166427 -0.702668
v -0.666667 8.006277 -0.655197
v -0.666667 7.849811 -0.610598
v -0.666667 7.694260 -0.572920
v -0.666667 7.536857 -0.546212
v -0.666667 7.374834 -0.534525
v 0.666667 7.374833 -0.534525
v 0.666667 7.536856 -0.546213
v 0.666667 7.694260 -0.572920
v 0.666667 7.849811 -0.610598
v 0.666667 8.006277 -0.655197
v 0.666667 8.166427 -0.702668
v 0.666667 8.333029 -0.748962
v 0.776042 8.508848 -0.624926
v 0.854167 8.508848 -0.432047
v 0.901042 8.508848 -0.220653
v 0.916667 8.508848 0.000000
v 0.901042 8.508848 0.220653
v 0.854167 8.508848 0.432047
v 0.776042 8.508848 0.624926
v -0.776042 8.508848 0.624926
v -0.854167 8.508848 0.432047
v -0.901042 8.508848 0.220653
v -0.916667 8.508848 0.000000
v -0.901042 8.508848 -0.220653
v -0.854167 8.508848 -0.432047
v -0.776042 8.508848 -0.624926
v 0.418849 -1.607171 -1.462963
v 0.296650 -1.685815 -1.488089
v 0.153401 -1.741182 -1.505831
v -0.000000 -1.761727 -1.512431
v -0.153401 -1.741182 -1.505831
v -0.296650 -1.685815 -1.488089
v -0.418850 -1.607171 -1.462963
v -0.418850 -1.607171 1.462963
v -0.296650 -1.685815 1.488089
v -0.153401 -1.741182 1.505831
v 0.000000 -1.761727 1.512431
v 0.153401 -1.741182 1.505831
v 0.296650 -1.685815 1.488089
v 0.418849 -1.607171 1.462963
v -0.535118 -1.539697 0.829105
v -0.572933 -1.627408 0.910300
v -0.599636 -1.693049 1.005481
v -0.609568 -1.724337 1.107407
v -0.599636 -1.714418 1.209333
v -0.572933 -1.669280 1.304514
v -0.535118 -1.600113 1.385709
v 0.535118 -1.539697 -0.829105
v 0.572933 -1.627408 -0.910300
v 0.599636 -1.693049 -1.005481
v 0.609568 -1.724337 -1.107407
v 0.599636 -1.714418 -1.209333
v 0.572933 -1.669280 -1.304514
v 0.535118 -1.600113 -1.385709
v 0.535118 -1.600113 1.385709
v 0.572933 -1.669281 1.304514
v 0.599636 -1.714418 1.209333
v 0.609568 -1.724337 1.107407
v 0.599636 -1.693049 1.005481
v 0.572933 -1.627408 0.910300
v 0.535118 -1.539696 0.829105
v 0.418850 -1.532639 0.751851
v 0.296650 -1.610873 0.726725
v 0.153401 -1.666284 0.708983
v 0.000000 -1.686945 0.702383
v -0.153401 -1.666285 0.708983
v -0.296650 -1.610874 0.726725
v -0.418849 -1.532638 0.751851
v -0.535118 -1.600112 -1.385709
v -0.572933 -1.669280 -1.304514
v -0.599636 -1.714417 -1.209333
v -0.609568 -1.724337 -1.107407
v -0.599636 -1.693049 -1.005481
v -0.572933 -1.627408 -0.910300
v -0.535118 -1.539696 -0.829105
v 0.418849 -1.532638 -0.751851
v 0.296650 -1.610873 -0.726725
v 0.153401 -1.666285 -0.708983
v 0.000000 -1.686945 -0.702383
v -0.153401 -1.666285 -0.708983
v -0.296650 -1.610873 -0.726725
v -0.418850 -1.532639 -0.751851
v -0.666221 1.085006 -1.467643
v -0.663098 0.555632 -1.496089
v -0.654622 0.062160 -1.512327
v -0.638117 -0.385594 -1.516020
v -0.611680 -0.778361 -1.507345
v -0.576501 -1.109036 -1.488537
v -0.535564 -1.369586 -1.463019
v -0.535564 -1.284154 -0.751122
v -0.576501 -1.011712 -0.720893
v -0.611680 -0.677429 -0.689300
v -0.638117 -0.296167 -0.655728
v -0.654622 0.118199 -0.618374
v -0.663098 0.549229 -0.573378
v -0.666220 0.979837 -0.516365
v 0.666221 1.085006 1.467643
v 0.663098 0.555632 1.496089
v 0.654622 0.062160 1.512327
v 0.638117 -0.385594 1.516020
v 0.611680 -0.778361 1.507345
v 0.576501 -1.109036 1.488537
v 0.535564 -1.369586 1.463019
v 0.535564 -1.284154 0.751122
v 0.576501 -1.011712 0.720893
v 0.611680 -0.677429 0.689300
v 0.638117 -0.296167 0.655728
v 0.654622 0.118200 0.618374
v 0.663098 0.549229 0.573378
v 0.666221 0.979837 0.516365
v -0.666221 0.979837 0.516365
v -0.663098 0.549229 0.573378
v -0.654622 0.118200 0.618374
v -0.638117 -0.296166 0.655728
v -0.611680 -0.677429 0.689300
v -0.576501 -1.011712 0.720893
v -0.535564 -1.284154 0.751122
v -0.535564 -1.369587 1.463019
v -0.576501 -1.109036 1.488537
v -0.611680 -0.778361 1.507345
v -0.638117 -0.385594 1.516020
v -0.654622 0.062161 1.512327
v -0.663098 0.555632 1.496089
v -0.666220 1.085006 1.467643
v 0.666221 1.085006 -1.467643
v 0.663098 0.555632 -1.496089
v 0.654622 0.062161 -1.512327
v 0.638117 -0.385594 -1.516020
v 0.611680 -0.778361 -1.507345
v 0.576501 -1.109036 -1.488537
v 0.535564 -1.369587 -1.463019
v 0.535564 -1.284154 -0.751122
v 0.576501 -1.011712 -0.720893
v 0.611680 -0.677429 -0.689300
v 0.638117 -0.296166 -0.655728
v 0.654622 0.118200 -0.618374
v 0.663098 0.549229 -0.573378
v 0.666221 0.979837 -0.516365
v -0.666667 5.089313 -2.105271
v -0.666667 4.733821 -1.796143
v -0.666667 4.319951 -1.564378
v -0.666667 3.851200 -1.415154
v -0.666667 3.333304 -1.348651
v -0.666667 2.780940 -1.345055
v -0.666667 2.211024 -1.379551
v 0.666667 5.089313 -2.105271
v 0.666667 4.733821 -1.796143
v 0.666667 4.319951 -1.564377
v 0.666667 3.851200 -1.415154
v 0.666667 3.333304 -1.348651
v 0.666667 2.780940 -1.345055
v 0.666667 2.211024 -1.379550
v -0.776042 6.675670 -2.289374
v -0.854167 6.462234 -2.242415
v -0.901042 6.239011 -2.212183
v -0.916667 6.022231 -2.212807
v -0.901042 5.825606 -2.253422
v -0.854167 5.652771 -2.323163
v -0.776042 5.504839 -2.406171
v 0.776042 6.675670 -2.289374
v 0.854167 6.462234 -2.242415
v 0.901042 6.239011 -2.212183
v 0.916667 6.022231 -2.212807
v 0.901042 5.825606 -2.253422
v 0.854167 5.652771 -2.323164
v 0.776042 5.504839 -2.406171
v -0.527344 5.287960 -2.551182
v -0.364583 5.220127 -2.597324
v -0.186198 5.179427 -2.625009
v -0.000000 5.165860 -2.634238
v 0.186198 5.179427 -2.625009
v 0.364583 5.220126 -2.597324
v 0.527344 5.287959 -2.551182
v -0.776042 5.504839 2.419254
v -0.854167 5.652771 2.336246
v -0.901042 5.825606 2.266505
v -0.916667 6.022231 2.225890
v -0.901042 6.239011 2.225266
v -0.854167 6.462234 2.255498
v -0.776042 6.675669 2.302457
v 0.418850 6.969697 6.030361
v 0.296650 6.997683 6.135262
v 0.153401 7.017445 6.209338
v 0.000000 7.024796 6.236891
v -0.153401 7.017445 6.209337
v -0.296650 6.997683 6.135262
v -0.418850 6.969697 6.030361
v -0.418850 6.969697 -5.970111
v -0.296650 6.997683 -6.073528
v -0.153401 7.017445 -6.146555
v -0.000000 7.024796 -6.173717
v 0.153401 7.017445 -6.146555
v 0.296650 6.997683 -6.073528
v 0.418850 6.969697 -5.970110
v -0.535118 6.883649 -5.970110
v -0.572933 6.793211 -6.073528
v -0.599636 6.687195 -6.146555
v -0.609568 6.573666 -6.173717
v -0.599636 6.460137 -6.146555
v -0.572933 6.354121 -6.073528
v -0.535118 6.263684 -5.970111
v 0.535118 6.883648 -5.970110
v 0.572933 6.793211 -6.073527
v 0.599636 6.687195 -6.146555
v 0.609568 6.573666 -6.173719
v 0.599636 6.460137 -6.146554
v 0.572933 6.354121 -6.073527
v 0.535118 6.263684 -5.970110
v -0.418850 6.177636 -5.970111
v -0.296650 6.149650 -6.073528
v -0.153401 6.129888 -6.146555
v 0.000000 6.122537 -6.173718
v 0.153401 6.129888 -6.146554
v 0.296650 6.149650 -6.073527
v 0.418850 6.177636 -5.970110
v 0.666221 6.930081 -2.832748
v 0.663098 6.978364 -3.356864
v 0.654622 7.008343 -3.888408
v 0.638117 7.020429 -4.404513
v 0.611680 7.015602 -4.883091
v 0.576501 6.997137 -5.305177
v 0.535564 6.969628 -5.650542
v -0.535564 6.969628 -5.650542
v -0.576501 6.997137 -5.305177
v -0.611680 7.015602 -4.883091
v -0.638117 7.020429 -4.404513
v -0.654622 7.008343 -3.888408
v -0.663098 6.978364 -3.356864
v -0.666221 6.930081 -2.832748
v -0.666221 5.613437 -2.931665
v -0.663098 5.788724 -3.419156
v -0.654622 5.918941 -3.924456
v -0.638117 6.014239 -4.422970
v -0.611680 6.084199 -4.890878
v -0.576501 6.136113 -5.307484
v -0.535564 6.175943 -5.650831
v 0.535564 6.175943 -5.650831
v 0.576501 6.136112 -5.307484
v 0.611680 6.084199 -4.890878
v 0.638117 6.014239 -4.422969
v 0.654622 5.918941 -3.924456
v 0.663098 5.788724 -3.419156
v 0.666221 5.613437 -2.931665
v -0.535118 6.263684 6.030361
v -0.572933 6.354121 6.135262
v -0.599636 6.460137 6.209338
v -0.609568 6.573666 6.236890
v -0.599636 6.687195 6.209338
v -0.572933 6.793211 6.135262
v -0.535118 6.883648 6.030361
v 0.666667 5.089313 2.114035
v 0.666667 4.733821 1.801662
v 0.666667 4.319951 1.567572
v 0.666667 3.851200 1.416789
v 0.666667 3.333304 1.349341
v 0.666667 2.780940 1.345259
v 0.666667 2.211024 1.379576
v 0.535118 6.883649 6.030361
v 0.572933 6.793211 6.135262
v 0.599636 6.687195 6.209338
v 0.609568 6.573666 6.236891
v 0.599636 6.460137 6.209338
v 0.572933 6.354121 6.135262
v 0.535118 6.263684 6.030361
v -0.666667 2.211024 1.379576
v -0.666667 2.780940 1.345259
v -0.666667 3.333304 1.349341
v -0.666667 3.851200 1.416789
v -0.666667 4.319951 1.567571
v -0.666667 4.733821 1.801662
v -0.666667 5.089313 2.114035
v 0.776042 6.675670 2.302457
v 0.854167 6.462234 2.255498
v 0.901042 6.239011 2.225266
v 0.916667 6.022231 2.225890
v 0.901042 5.825606 2.266505
v 0.854167 5.652771 2.336246
v 0.776042 5.504839 2.419254
v 0.527344 5.287960 2.564265
v 0.364583 5.220127 2.610406
v 0.186198 5.179427 2.638091
v 0.000000 5.165860 2.647320
v -0.186198 5.179427 2.638092
v -0.364583 5.220127 2.610407
v -0.527344 5.287959 2.564264
v 0.418850 6.177636 6.030361
v 0.296650 6.149650 6.135262
v 0.153401 6.129888 6.209337
v -0.000000 6.122537 6.236891
v -0.153401 6.129888 6.209338
v -0.296650 6.149650 6.135262
v -0.418850 6.177636 6.030361
v -0.666220 6.930081 2.851286
v -0.663098 6.978364 3.381697
v -0.654622 7.008343 3.919990
v -0.638117 7.020429 4.442914
v -0.611680 7.015602 4.928002
v -0.576501 6.997137 5.355962
v -0.535564 6.969628 5.706216
v 0.535564 6.969628 5.706216
v 0.576501 6.997137 5.355962
v 0.611680 7.015602 4.928002
v 0.638117 7.020429 4.442913
v 0.654622 7.008343 3.919990
v 0.663098 6.978364 3.381697
v 0.666221 6.930081 2.851286
v 0.666221 5.613437 2.950203
v 0.663098 5.788724 3.443989
v 0.654622 5.918941 3.956039
v 0.638117 6.014239 4.461370
v 0.611680 6.084199 4.935789
v 0.576501 6.136113 5.358269
v 0.535564 6.175943 5.706505
v -0.535564 6.175943 5.706505
v -0.576501 6.136112 5.358270
v -0.611680 6.084199 4.935789
v -0.638117 6.014239 4.461370
v -0.654622 5.918941 3.956039
v -0.663098 5.788724 3.443989
v -0.666220 5.613437 2.950203
v -0.526989 7.055811 -2.859868
v -0.364338 7.145619 -2.879346
v -0.186072 7.199504 -2.891097
v 0.000000 7.217467 -2.895033
v 0.186072 7.199505 -2.891097
v 0.364338 7.145619 -2.879346
v 0.526990 7.055811 -2.859868
v -0.524509 7.087129 -3.374474
v -0.362618 7.164826 -3.387910
v -0.185193 7.211450 -3.396479
v 0.000000 7.226993 -3.399489
v 0.185193 7.211450 -3.396479
v 0.362618 7.164826 -3.387909
v 0.524509 7.087129 -3.374474
v -0.517776 7.104225 -3.900213
v -0.357951 7.172740 -3.911537
v -0.182805 7.213865 -3.920046
v 0.000000 7.227579 -3.923401
v 0.182805 7.213865 -3.920045
v 0.357951 7.172740 -3.911536
v 0.517777 7.104225 -3.900213
v -0.504666 7.106413 -4.414176
v -0.348862 7.167896 -4.427935
v -0.178156 7.204825 -4.440254
v 0.000000 7.217147 -4.445591
v 0.178156 7.204825 -4.440254
v 0.348862 7.167896 -4.427936
v 0.504666 7.106413 -4.414176
v -0.483967 7.093352 -4.894526
v -0.334702 7.148962 -4.916259
v -0.170975 7.182438 -4.936953
v 0.000000 7.193636 -4.946131
v 0.170975 7.182437 -4.936953
v 0.334702 7.148962 -4.916259
v 0.483967 7.093352 -4.894526
v -0.458137 7.066094 -5.323703
v -0.318122 7.115129 -5.361454
v -0.162921 7.144944 -5.395572
v 0.000000 7.155055 -5.410106
v 0.162921 7.144944 -5.395572
v 0.318122 7.115129 -5.361453
v 0.458137 7.066094 -5.323703
v -0.432113 7.025571 -5.685998
v -0.303228 7.065422 -5.750600
v -0.156217 7.090582 -5.803021
v 0.000000 7.099432 -5.823856
v 0.156217 7.090582 -5.803021
v 0.303228 7.065422 -5.750600
v 0.432113 7.025571 -5.685997
v -0.527344 7.437745 0.622221
v -0.364583 7.482681 0.684860
v -0.186198 7.509644 0.722444
v 0.000000 7.518631 0.734972
v 0.186198 7.509644 0.722444
v 0.364583 7.482681 0.684860
v 0.527344 7.437745 0.622221
v -0.527344 7.576474 0.635825
v -0.364583 7.604772 0.699835
v -0.186198 7.621752 0.738240
v 0.000000 7.627411 0.751042
v 0.186198 7.621752 0.738240
v 0.364583 7.604772 0.699835
v 0.527344 7.576474 0.635826
v -0.527344 7.717186 0.666915
v -0.364583 7.733562 0.734054
v -0.186198 7.743388 0.774337
v 0.000000 7.746664 0.787765
v 0.186198 7.743389 0.774337
v 0.364583 7.733563 0.734053
v 0.527344 7.717187 0.666915
v -0.527344 7.861549 0.710774
v -0.364583 7.869934 0.782328
v -0.186198 7.874964 0.825261
v 0.000000 7.876641 0.839572
v 0.186198 7.874965 0.825261
v 0.364583 7.869934 0.782328
v 0.527344 7.861549 0.710774
v -0.527344 8.011230 0.762690
v -0.364583 8.014767 0.839471
v -0.186198 8.016889 0.885540
v 0.000000 8.017597 0.900896
v 0.186198 8.016890 0.885540
v 0.364583 8.014766 0.839471
v 0.527344 8.011230 0.762690
v -0.527344 8.167894 0.817950
v -0.364583 8.168941 0.900294
v -0.186198 8.169571 0.949700
v 0.000000 8.169781 0.966169
v 0.186198 8.169571 0.949700
v 0.364583 8.168942 0.900294
v 0.527344 8.167894 0.817950
v -0.527344 8.333211 0.871839
v -0.364583 8.333343 0.959608
v -0.186198 8.333421 1.012269
v 0.000000 8.333447 1.029823
v 0.186198 8.333422 1.012269
v 0.364583 8.333343 0.959608
v 0.527344 8.333212 0.871839
v -0.775525 1.051661 0.588977
v -0.771911 0.587830 0.652931
v -0.762100 0.133149 0.702049
v -0.742995 -0.297431 0.740687
v -0.711967 -0.689815 0.772592
v -0.668264 -1.033332 0.799076
v -0.610977 -1.318703 0.819801
v -0.853602 1.125266 0.678310
v -0.849646 0.625995 0.748697
v -0.838908 0.145261 0.801415
v -0.817998 -0.304658 0.840713
v -0.783701 -0.712618 0.870295
v -0.733511 -1.072028 0.891671
v -0.664698 -1.377935 0.905384
v -0.900448 1.186050 0.784973
v -0.896293 0.655372 0.859165
v -0.885015 0.151543 0.913494
v -0.863052 -0.315680 0.951938
v -0.826889 -0.737620 0.978155
v -0.773191 -1.109927 0.994519
v -0.698619 -1.429389 1.003030
v -0.916064 1.219414 0.909573
v -0.911844 0.667606 0.982824
v -0.900391 0.149000 1.035310
v -0.878086 -0.328332 1.070493
v -0.841339 -0.757271 1.091834
v -0.786651 -1.134497 1.102793
v -0.710552 -1.457642 1.106830
v -0.900448 1.215418 1.050660
v -0.896293 0.657120 1.116864
v -0.885015 0.135758 1.163134
v -0.863052 -0.340972 1.192125
v -0.826889 -0.766409 1.206811
v -0.773191 -1.138030 1.211452
v -0.698619 -1.454417 1.210679
v -0.853602 1.182772 1.198538
v -0.849646 0.629435 1.253287
v -0.838908 0.114402 1.290234
v -0.817998 -0.354068 1.311040
v -0.783701 -0.768778 1.317916
v -0.733511 -1.126768 1.315261
v -0.664698 -1.426674 1.308445
v -0.775525 1.134845 1.341451
v -0.771911 0.592840 1.382794
v -0.762100 0.088635 1.409126
v -0.742995 -0.368611 1.421064
v -0.711967 -0.770505 1.419836
v -0.668264 -1.111722 1.409105
v -0.610977 -1.388347 1.394184
v -0.527344 1.630224 -0.312067
v -0.364583 1.531186 -0.284692
v -0.186198 1.471763 -0.268268
v 0.000000 1.451955 -0.262793
v 0.186198 1.471763 -0.268268
v 0.364583 1.531186 -0.284692
v 0.527344 1.630225 -0.312067
v -0.527344 1.893717 -0.215750
v -0.364583 1.762308 -0.196824
v -0.186198 1.683463 -0.185469
v 0.000000 1.657182 -0.181684
v 0.186198 1.683463 -0.185469
v 0.364583 1.762308 -0.196824
v 0.527344 1.893717 -0.215750
v -0.527344 2.067844 -0.110186
v -0.364583 1.911421 -0.100521
v -0.186198 1.817567 -0.094722
v 0.000000 1.786282 -0.092789
v 0.186198 1.817567 -0.094722
v 0.364583 1.911421 -0.100521
v 0.527344 2.067844 -0.110186
v -0.527344 2.130745 0.000000
v -0.364583 1.964288 -0.000000
v -0.186198 1.864414 0.000000
v 0.000000 1.831124 0.000000
v 0.186198 1.864415 0.000000
v 0.364583 1.964289 0.000000
v 0.527344 2.130745 -0.000000
v -0.527344 2.067844 0.110186
v -0.364583 1.911421 0.100521
v -0.186198 1.817567 0.094722
v 0.000000 1.786282 0.092789
v 0.186198 1.817567 0.094722
v 0.364583 1.911421 0.100521
v 0.527344 2.067844 0.110186
v -0.527344 1.893717 0.215750
v -0.364583 1.762309 0.196824
v -0.186198 1.683463 0.185469
v 0.000000 1.657182 0.181684
v 0.186198 1.683463 0.185469
v 0.364583 1.762308 0.196824
v 0.527344 1.893718 0.215750
v -0.527344 1.630224 0.312067
v -0.364583 1.531186 0.284692
v -0.186198 1.471763 0.268268
v 0.000000 1.451956 0.262793
v 0.186198 1.471763 0.268268
v 0.364583 1.531186 0.284692
v 0.527344 1.630224 0.312067
v 0.527344 7.162178 0.667217
v 0.364583 7.256619 0.733856
v 0.186198 7.313283 0.773840
v 0.000000 7.332172 0.787168
v -0.186198 7.313284 0.773840
v -0.364583 7.256618 0.733856
v -0.527344 7.162178 0.667217
v 0.527344 7.037673 0.740640
v 0.364583 7.160155 0.810960
v 0.186198 7.233644 0.853152
v 0.000000 7.258141 0.867216
v -0.186198 7.233644 0.853152
v -0.364583 7.160155 0.810960
v -0.527344 7.037673 0.740640
v 0.527344 6.939818 0.861192
v 0.364583 7.085407 0.933574
v 0.186198 7.172760 0.977003
v 0.000000 7.201879 0.991479
v -0.186198 7.172760 0.977003
v -0.364583 7.085407 0.933574
v -0.527344 6.939818 0.861192
v 0.527344 6.882612 1.038980
v 0.364583 7.040764 1.109642
v 0.186198 7.135654 1.152039
v 0.000000 7.167286 1.166172
v -0.186198 7.135655 1.152039
v -0.364583 7.040764 1.109642
v -0.527344 6.882612 1.038980
v 0.527344 6.874910 1.282045
v 0.364583 7.031265 1.345764
v 0.186198 7.125077 1.383995
v 0.000000 7.156349 1.396739
v -0.186198 7.125077 1.383995
v -0.364583 7.031264 1.345764
v -0.527344 6.874910 1.282045
v 0.527344 6.904984 1.590163
v 0.364583 7.048545 1.643155
v 0.186198 7.134682 1.674950
v 0.000000 7.163394 1.685549
v -0.186198 7.134682 1.674950
v -0.364583 7.048545 1.643155
v -0.527344 6.904984 1.590163
v 0.527344 6.955958 1.961040
v 0.364583 7.080890 2.001685
v 0.186198 7.155848 2.026072
v 0.000000 7.180834 2.034201
v -0.186198 7.155848 2.026072
v -0.364583 7.080889 2.001685
v -0.527344 6.955957 1.961040
v 0.775525 1.051661 -0.588977
v 0.771911 0.587831 -0.652931
v 0.762100 0.133149 -0.702049
v 0.742995 -0.297431 -0.740687
v 0.711967 -0.689815 -0.772592
v 0.668264 -1.033332 -0.799076
v 0.610977 -1.318703 -0.819801
v 0.853602 1.125266 -0.678310
v 0.849646 0.625996 -0.748697
v 0.838908 0.145261 -0.801415
v 0.817998 -0.304658 -0.840713
v 0.783701 -0.712618 -0.870295
v 0.733511 -1.072028 -0.891671
v 0.664698 -1.377935 -0.905384
v 0.900448 1.186050 -0.784973
v 0.896293 0.655371 -0.859165
v 0.885015 0.151543 -0.913494
v 0.863052 -0.315680 -0.951938
v 0.826889 -0.737620 -0.978155
v 0.773191 -1.109927 -0.994519
v 0.698619 -1.429389 -1.003030
v 0.916064 1.219414 -0.909573
v 0.911844 0.667606 -0.982824
v 0.900391 0.149001 -1.035310
v 0.878086 -0.328332 -1.070493
v 0.841339 -0.757271 -1.091834
v 0.786651 -1.134497 -1.102793
v 0.710552 -1.457642 -1.106830
v 0.900448 1.215418 -1.050660
v 0.896293 0.657121 -1.116864
v 0.885015 0.135758 -1.163134
v 0.863052 -0.340972 -1.192125
v 0.826889 -0.766409 -1.206811
v 0.773191 -1.138030 -1.211452
v 0.698619 -1.454417 -1.210679
v 0.853602 1.182772 -1.198538
v 0.849646 0.629434 -1.253287
v 0.838908 0.114402 -1.290234
v 0.817998 -0.354068 -1.311040
v 0.783701 -0.768778 -1.317916
v 0.733511 -1.126768 -1.315261
v 0.664698 -1.426674 -1.308445
v 0.775525 1.134845 -1.341451
v 0.771911 0.592840 -1.382794
v 0.762100 0.088636 -1.409126
v 0.742995 -0.368611 -1.421064
v 0.711967 -0.770505 -1.419836
v 0.668264 -1.111722 -1.409105
v 0.610977 -1.388347 -1.394184
v 0.527344 6.955958 -1.952276
v 0.364583 7.080889 -1.992921
v 0.186198 7.155848 -2.017308
v 0.000000 7.180834 -2.025437
v -0.186198 7.155848 -2.017308
v -0.364583 7.080889 -1.992921
v -0.527344 6.955957 -1.952276
v 0.527344 6.904984 -1.584644
v 0.364583 7.048545 -1.637636
v 0.186198 7.134682 -1.669431
v 0.000000 7.163394 -1.680029
v -0.186198 7.134682 -1.669431
v -0.364583 7.048545 -1.637636
v -0.527344 6.904984 -1.584644
v 0.527344 6.874910 -1.278851
v 0.364583 7.031265 -1.342570
v 0.186198 7.125077 -1.380801
v 0.000000 7.156348 -1.393545
v -0.186198 7.125077 -1.380801
v -0.364583 7.031265 -1.342570
v -0.527344 6.874910 -1.278851
v 0.527344 6.882612 -1.037344
v 0.364583 7.040764 -1.108007
v 0.186198 7.135654 -1.150404
v 0.000000 7.167286 -1.164536
v -0.186198 7.135655 -1.150404
v -0.364583 7.040764 -1.108006
v -0.527344 6.882612 -1.037344
v 0.527344 6.939818 -0.860502
v 0.364583 7.085407 -0.932884
v 0.186198 7.172760 -0.976313
v 0.000000 7.201879 -0.990789
v -0.186198 7.172760 -0.976313
v -0.364583 7.085407 -0.932884
v -0.527344 6.939818 -0.860502
v 0.527344 7.037673 -0.740436
v 0.364583 7.160155 -0.810756
v 0.186198 7.233644 -0.852947
v 0.000000 7.258141 -0.867011
v -0.186198 7.233644 -0.852947
v -0.364583 7.160155 -0.810756
v -0.527344 7.037673 -0.740436
v 0.527344 7.162178 -0.667192
v 0.364583 7.256619 -0.733831
v 0.186198 7.313283 -0.773814
v 0.000000 7.332171 -0.787142
v -0.186198 7.313284 -0.773814
v -0.364583 7.256618 -0.733831
v -0.527344 7.162178 -0.667192
v 0.950000 4.701817 0.000393
v 0.776058 6.865892 -0.454947
v 0.854297 6.699602 -0.315350
v 0.901416 6.568122 -0.161333
v 0.917188 6.514419 0.000007
v 0.776172 6.650933 -0.515711
v 0.855208 6.417881 -0.363093
v 0.904037 6.210107 -0.187666
v 0.920833 6.118104 0.000056
v 0.776416 6.474999 -0.627647
v 0.857162 6.162171 -0.459771
v 0.910186 5.823400 -0.248927
v 0.930782 5.622812 0.000186
v 0.776058 6.865893 0.454972
v 0.776172 6.650933 0.515913
v 0.776416 6.474999 0.628328
v 0.776563 6.374278 0.811115
v 0.854297 6.699602 0.315373
v 0.855208 6.417881 0.363274
v 0.857162 6.162171 0.460394
v 0.858334 6.010611 0.643444
v 0.901416 6.568122 0.161350
v 0.904037 6.210107 0.187804
v 0.910186 5.823400 0.249413
v 0.915156 5.542630 0.419287
v 0.776058 6.559346 1.834086
v 0.854297 6.306675 1.766428
v 0.901416 6.042750 1.720699
v 0.917188 5.790081 1.719969
v 0.776172 6.447752 1.423230
v 0.855208 6.147068 1.325143
v 0.904037 5.820537 1.244632
v 0.920833 5.509151 1.232893
v 0.776416 6.373703 1.078406
v 0.857162 6.023624 0.940053
v 0.910186 5.606747 0.791441
v 0.930781 5.177422 0.730619
v 0.776058 5.218738 2.000525
v 0.776172 4.870000 1.652470
v 0.776416 4.459364 1.386039
v 0.776563 3.986617 1.216069
v 0.854297 5.377829 1.881835
v 0.855208 5.040227 1.486335
v 0.857162 4.636442 1.163516
v 0.858334 4.155323 0.958232
v 0.901416 5.567687 1.779755
v 0.904037 5.249759 1.327882
v 0.910186 4.862915 0.911605
v 0.915156 4.364964 0.619911
v 0.776058 2.294065 1.216271
v 0.854297 2.370777 1.033711
v 0.901416 2.414360 0.850294
v 0.917188 2.393766 0.687251
v 0.776172 2.883664 1.161303
v 0.855208 2.985559 0.948643
v 0.904037 3.053566 0.725593
v 0.920834 3.020652 0.533134
v 0.776416 3.455141 1.149938
v 0.857161 3.593404 0.902843
v 0.910186 3.720964 0.612315
v 0.930782 3.702734 0.342076
v 0.776058 1.942245 0.400772
v 0.776172 2.310769 0.277618
v 0.776416 2.570243 0.141971
v 0.776563 2.668676 0.000003
v 0.854297 2.125817 0.468747
v 0.855208 2.575677 0.328406
v 0.857162 2.927284 0.169218
v 0.858334 3.071777 0.000022
v 0.901416 2.288664 0.561361
v 0.904037 2.839504 0.405645
v 0.910186 3.351127 0.217372
v 0.915156 3.624417 0.000086
v 0.776058 1.942245 -0.400771
v 0.854297 2.125817 -0.468746
v 0.901416 2.288663 -0.561356
v 0.917188 2.393766 -0.687241
v 0.776172 2.310769 -0.277617
v 0.855208 2.575677 -0.328395
v 0.904037 2.839504 -0.405609
v 0.920833 3.020652 -0.533057
v 0.776416 2.570243 -0.141967
v 0.857162 2.927284 -0.169187
v 0.910186 3.351127 -0.217263
v 0.930781 3.702734 -0.341807
v 0.776058 2.294066 -1.216246
v 0.776172 2.883664 -1.161101
v 0.776416 3.455141 -1.149256
v 0.776563 3.986617 -1.214445
v 0.854297 2.370777 -1.033689
v 0.855208 2.985559 -0.948462
v 0.857162 3.593404 -0.902220
v 0.858334 4.155323 -0.956689
v 0.901416 2.414359 -0.850277
v 0.904037 3.053566 -0.725459
v 0.910186 3.720964 -0.611838
v 0.915156 4.364964 -0.618597
v 0.776058 5.218738 -1.991761
v 0.854297 5.377829 -1.873074
v 0.901416 5.567687 -1.770999
v 0.917188 5.790081 -1.711216
v 0.776172 4.870000 -1.646953
v 0.855208 5.040228 -1.480839
v 0.904037 5.249759 -1.322429
v 0.920833 5.509151 -1.227467
v 0.776416 4.459364 -1.382853
v 0.857162 4.636442 -1.160388
v 0.910186 4.862915 -0.908615
v 0.930781 5.177422 -0.727744
v 0.776058 6.559346 -1.825322
v 0.776172 6.447752 -1.417714
v 0.776416 6.373704 -1.075221
v 0.776563 6.374278 -0.809492
v 0.854297 6.306675 -1.757667
v 0.855208 6.147069 -1.319647
v 0.857162 6.023624 -0.936925
v 0.858334 6.010611 -0.641901
v 0.901416 6.042750 -1.711943
v 0.904037 5.820537 -1.239180
v 0.910186 5.606747 -0.788452
v 0.915156 5.542630 -0.417971
v -0.950000 4.701816 0.000392
v -0.776058 6.865892 0.454972
v -0.854297 6.699602 0.315373
v -0.901416 6.568122 0.161350
v -0.917188 6.514419 0.000007
v -0.776172 6.650933 0.515913
v -0.855208 6.417881 0.363274
v -0.904037 6.210107 0.187804
v -0.920834 6.118104 0.000056
v -0.776416 6.474999 0.628328
v -0.857162 6.162171 0.460394
v -0.910186 5.823400 0.249413
v -0.930782 5.622812 0.000186
v -0.776058 6.865892 -0.454947
v -0.776172 6.650933 -0.515711
v -0.776416 6.474999 -0.627647
v -0.776563 6.374278 -0.809492
v -0.854297 6.699602 -0.315350
v -0.855208 6.417881 -0.363093
v -0.857162 6.162171 -0.459771
v -0.858334 6.010611 -0.641901
v -0.901416 6.568122 -0.161333
v -0.904037 6.210107 -0.187666
v -0.910186 5.823400 -0.248927
v -0.915156 5.542630 -0.417971
v -0.776058 6.559346 -1.825322
v -0.854297 6.306675 -1.757667
v -0.901416 6.042750 -1.711943
v -0.917188 5.790081 -1.711216
v -0.776172 6.447752 -1.417714
v -0.855208 6.147068 -1.319647
v -0.904037 5.820537 -1.239179
v -0.920833 5.509151 -1.227467
v -0.776416 6.373703 -1.075221
v -0.857162 6.023624 -0.936925
v -0.910186 5.606747 -0.788452
v -0.930781 5.177422 -0.727744
v -0.776058 5.218738 -1.991761
v -0.776172 4.870000 -1.646953
v -0.776416 4.459364 -1.382853
v -0.776563 3.986617 -1.214445
v -0.854297 5.377829 -1.873074
v -0.855208 5.040227 -1.480839
v -0.857162 4.636442 -1.160388
v -0.858334 4.155323 -0.956689
v -0.901416 5.567687 -1.770999
v -0.904037 5.249759 -1.322430
v -0.910186 4.862915 -0.908615
v -0.915156 4.364964 -0.618597
v -0.776058 2.294065 -1.216246
v -0.854297 2.370777 -1.033689
v -0.901416 2.414360 -0.850277
v -0.917188 2.393766 -0.687241
v -0.776172 2.883664 -1.161101
v -0.855208 2.985559 -0.948462
v -0.904037 3.053566 -0.725459
v -0.920834 3.020652 -0.533057
v -0.776416 3.455141 -1.149256
v -0.857161 3.593404 -0.902220
v -0.910186 3.720964 -0.611838
v -0.930782 3.702734 -0.341807
v -0.776058 1.942245 -0.400771
v -0.776172 2.310769 -0.277617
v -0.776416 2.570243 -0.141967
v -0.776563 2.668676 0.000003
v -0.854297 2.125817 -0.468746
v -0.855208 2.575677 -0.328396
v -0.857162 2.927284 -0.169187
v -0.858334 3.071777 0.000022
v -0.901416 2.288664 -0.561356
v -0.904037 2.839504 -0.405609
v -0.910186 3.351127 -0.217263
v -0.915156 3.624417 0.000085
v -0.776058 1.942245 0.400772
v -0.854297 2.125817 0.468747
v -0.901416 2.288663 0.561361
v -0.917188 2.393766 0.687251
v -0.776172 2.310769 0.277618
v -0.855208 2.575676 0.328406
v -0.904037 2.839504 0.405645
v -0.920833 3.020652 0.533134
v -0.776416 2.570243 0.141971
v -0.857162 2.927284 0.169218
v -0.910186 3.351127 0.217372
v -0.930781 3.702734 0.342076
v -0.776058 2.294065 1.216271
v -0.776172 2.883664 1.161303
v -0.776416 3.455141 1.149938
v -0.776563 3.986617 1.216069
v -0.854297 2.370777 1.033711
v -0.855208 2.985559 0.948643
v -0.857162 3.593404 0.902843
v -0.858334 4.155323 0.958232
v -0.901416 2.414359 0.850294
v -0.904037 3.053566 0.725593
v -0.910186 3.720964 0.612315
v -0.915156 4.364964 0.619911
v -0.776058 5.218738 2.000525
v -0.854297 5.377829 1.881835
v -0.901416 5.567687 1.779755
v -0.917188 5.790081 1.719969
v -0.776172 4.870000 1.652469
v -0.855208 5.040228 1.486335
v -0.904037 5.249759 1.327883
v -0.920833 5.509151 1.232893
v -0.776416 4.459364 1.386039
v -0.857162 4.636442 1.163516
v -0.910186 4.862915 0.911605
v -0.930781 5.177422 0.730619
v -0.776058 6.559346 1.834086
v -0.776172 6.447752 1.423230
v -0.776416 6.373704 1.078406
v -0.776563 6.374278 0.811115
v -0.854297 6.306675 1.766428
v -0.855208 6.147068 1.325143
v -0.857162 6.023624 0.940053
v -0.858334 6.010611 0.643444
v -0.901416 6.042750 1.720699
v -0.904037 5.820537 1.244632
v -0.910186 5.606747 0.791441
v -0.915156 5.542630 0.419287
v 0.431759 9.858096 -0.575733
v 0.302983 9.907324 -0.607127
v 0.156091 9.938410 -0.632594
v 0.000000 9.949345 -0.642712
v -0.156091 9.938410 -0.632594
v -0.302983 9.907324 -0.607127
v -0.431759 9.858095 -0.575733
v 0.455302 9.907324 -0.404015
v 0.316157 9.966810 -0.421583
v 0.161915 10.002995 -0.437468
v 0.000000 10.015273 -0.444230
v -0.161915 10.002995 -0.437468
v -0.316157 9.966810 -0.421583
v -0.455302 9.907324 -0.404015
v 0.474400 9.938410 -0.208141
v 0.328070 10.002995 -0.215908
v 0.167582 10.041903 -0.223464
v -0.000000 10.054928 -0.226841
v -0.167582 10.041903 -0.223464
v -0.328070 10.002996 -0.215908
v -0.474400 9.938410 -0.208141
v 0.481988 9.949347 0.000000
v 0.333140 10.015274 0.000000
v 0.170115 10.054928 0.000000
v -0.000000 10.068174 0.000000
v -0.170115 10.054928 -0.000000
v -0.333140 10.015274 -0.000000
v -0.481988 9.949347 0.000000
v 0.474400 9.938410 0.208141
v 0.328070 10.002995 0.215908
v 0.167582 10.041903 0.223464
v -0.000000 10.054928 0.226841
v -0.167582 10.041903 0.223464
v -0.328070 10.002995 0.215908
v -0.474400 9.938410 0.208141
v 0.455302 9.907324 0.404015
v 0.316157 9.966810 0.421583
v 0.161915 10.002996 0.437468
v -0.000000 10.015274 0.444230
v -0.161915 10.002995 0.437468
v -0.316157 9.966810 0.421583
v -0.455302 9.907324 0.404015
v 0.431759 9.858095 0.575733
v 0.302983 9.907324 0.607127
v 0.156091 9.938410 0.632594
v -0.000000 9.949347 0.642712
v -0.156091 9.938410 0.632594
v -0.302983 9.907324 0.607127
v -0.431759 9.858095 0.575733
v -0.776042 7.296943 -0.422818
v -0.854167 7.219052 -0.292318
v -0.901042 7.159137 -0.149291
v -0.916667 7.135171 0.000000
v -0.901042 7.159137 0.149291
v -0.854167 7.219052 0.292318
v -0.776042 7.296943 0.422818
v -0.776042 7.487806 -0.432063
v -0.854167 7.438755 -0.298710
v -0.901042 7.401024 -0.152555
v -0.916667 7.385932 0.000000
v -0.901042 7.401024 0.152555
v -0.854167 7.438755 0.298710
v -0.776042 7.487806 0.432063
v -0.776042 7.665874 -0.453189
v -0.854167 7.637488 -0.313316
v -0.901042 7.615652 -0.160015
v -0.916667 7.606918 0.000000
v -0.901042 7.615652 0.160015
v -0.854167 7.637488 0.313316
v -0.776042 7.665874 0.453189
v -0.776042 7.835277 -0.482992
v -0.854167 7.820744 -0.333921
v -0.901042 7.809564 -0.170538
v -0.916667 7.805091 0.000000
v -0.901042 7.809564 0.170538
v -0.854167 7.820744 0.333921
v -0.776042 7.835277 0.482992
v -0.776042 8.000145 -0.518271
v -0.854167 7.994014 -0.358311
v -0.901042 7.989298 -0.182995
v -0.916667 7.987411 0.000000
v -0.901042 7.989298 0.182995
v -0.854167 7.994014 0.358311
v -0.776042 8.000146 0.518271
v -0.776042 8.164610 -0.555822
v -0.854167 8.162793 -0.384272
v -0.901042 8.161396 -0.196253
v -0.916667 8.160836 0.000000
v -0.901042 8.161396 0.196253
v -0.854167 8.162794 0.384272
v -0.776042 8.164610 0.555822
v -0.776042 8.332801 -0.592441
v -0.854167 8.332575 -0.409589
v -0.901042 8.332398 -0.209183
v -0.916667 8.332329 0.000000
v -0.901042 8.332399 0.209183
v -0.854167 8.332574 0.409589
v -0.776042 8.332801 0.592441
v 0.526990 0.921971 0.459967
v 0.524509 0.517243 0.511298
v 0.517777 0.103215 0.552876
v 0.504666 -0.301942 0.589071
v 0.483967 -0.680930 0.623942
v 0.458137 -1.019946 0.660301
v 0.432113 -1.306708 0.701061
v 0.364338 0.880553 0.419682
v 0.362618 0.493720 0.466947
v 0.357951 0.090229 0.506066
v 0.348862 -0.311477 0.541399
v 0.334702 -0.694126 0.577192
v 0.318122 -1.045117 0.617218
v 0.303228 -1.353579 0.665401
v 0.186072 0.855653 0.395510
v 0.185193 0.479205 0.440332
v 0.182805 0.081085 0.477965
v 0.178156 -0.320403 0.512761
v 0.170975 -0.708078 0.549043
v 0.162921 -1.069242 0.591015
v 0.156217 -1.392386 0.642882
v 0.000000 0.847337 0.387452
v 0.000000 0.474245 0.431459
v -0.000000 0.077628 0.468593
v 0.000000 -0.324349 0.503204
v 0.000000 -0.714527 0.539625
v 0.000000 -1.079770 0.582126
v 0.000000 -1.407952 0.634961
v -0.186072 0.855653 0.395510
v -0.185193 0.479204 0.440332
v -0.182805 0.081085 0.477965
v -0.178156 -0.320403 0.512761
v -0.170975 -0.708078 0.549043
v -0.162921 -1.069242 0.591015
v -0.156217 -1.392386 0.642882
v -0.364338 0.880554 0.419682
v -0.362618 0.493720 0.466947
v -0.357951 0.090229 0.506066
v -0.348862 -0.311478 0.541399
v -0.334702 -0.694127 0.577192
v -0.318122 -1.045117 0.617218
v -0.303228 -1.353579 0.665401
v -0.526989 0.921971 0.459967
v -0.524509 0.517243 0.511298
v -0.517777 0.103215 0.552876
v -0.504666 -0.301942 0.589071
v -0.483967 -0.680930 0.623942
v -0.458137 -1.019946 0.660301
v -0.432113 -1.306708 0.701061
v -0.526990 1.044407 1.567317
v -0.524509 0.524805 1.585422
v -0.517777 0.038349 1.593597
v -0.504666 -0.405173 1.590752
v -0.483967 -0.796718 1.576110
v -0.458137 -1.130243 1.550139
v -0.432113 -1.400985 1.513206
v -0.364338 1.015330 1.638514
v -0.362618 0.502162 1.649238
v -0.357951 0.019232 1.651672
v -0.348862 -0.424151 1.644192
v -0.334702 -0.819714 1.625294
v -0.318122 -1.163291 1.593943
v -0.303228 -1.452232 1.548957
v -0.186072 0.997838 1.681233
v -0.185193 0.488205 1.687533
v -0.182805 0.006515 1.686532
v -0.178156 -0.438497 1.676291
v -0.170975 -0.839087 1.654902
v -0.162921 -1.191496 1.620579
v -0.156217 -1.493016 1.571529
v -0.000000 0.991994 1.695473
v -0.000000 0.483441 1.700299
v 0.000000 0.001898 1.698156
v 0.000000 -0.444174 1.687001
v -0.000000 -0.847207 1.664808
v -0.000000 -1.203207 1.629612
v -0.000000 -1.509080 1.579469
v 0.186072 0.997839 1.681233
v 0.185193 0.488206 1.687533
v 0.182805 0.006516 1.686532
v 0.178156 -0.438497 1.676291
v 0.170975 -0.839087 1.654902
v 0.162921 -1.191497 1.620579
v 0.156217 -1.493016 1.571529
v 0.364338 1.015330 1.638514
v 0.362618 0.502162 1.649239
v 0.357951 0.019234 1.651672
v 0.348862 -0.424151 1.644192
v 0.334702 -0.819714 1.625294
v 0.318122 -1.163291 1.593943
v 0.303228 -1.452232 1.548957
v 0.526989 1.044407 1.567317
v 0.524509 0.524805 1.585422
v 0.517776 0.038349 1.593597
v 0.504666 -0.405172 1.590752
v 0.483967 -0.796717 1.576110
v 0.458137 -1.130243 1.550139
v 0.432113 -1.400984 1.513206
v -0.775525 8.695061 -0.650287
v -0.853602 8.695114 -0.449580
v -0.900448 8.695168 -0.229607
v -0.916064 8.695192 0.000000
v -0.900448 8.695167 0.229607
v -0.853602 8.695114 0.449580
v -0.775525 8.695061 0.650287
v -0.771911 8.886467 -0.666393
v -0.849646 8.886892 -0.460709
v -0.896293 8.887320 -0.235289
v -0.911844 8.887512 -0.000000
v -0.896293 8.887319 0.235289
v -0.849646 8.886892 0.460709
v -0.771911 8.886467 0.666393
v -0.762100 9.076273 -0.671326
v -0.838908 9.077709 -0.464103
v -0.885015 9.079145 -0.237017
v -0.900391 9.079800 -0.000000
v -0.885015 9.079145 0.237017
v -0.838908 9.077709 0.464103
v -0.762100 9.076273 0.671326
v -0.742995 9.257683 -0.663169
v -0.817998 9.261089 -0.458430
v -0.863052 9.264494 -0.234110
v -0.878086 9.266043 -0.000000
v -0.863052 9.264494 0.234110
v -0.817998 9.261088 0.458430
v -0.742995 9.257683 0.663169
v -0.711967 9.424263 -0.641224
v -0.783701 9.431042 -0.443459
v -0.826889 9.437677 -0.226531
v -0.841339 9.440653 -0.000000
v -0.826889 9.437677 0.226531
v -0.783701 9.431043 0.443459
v -0.711967 9.424264 0.641224
v -0.668264 9.571016 -0.609685
v -0.733511 9.583525 -0.423358
v -0.773191 9.594877 -0.216816
v -0.786651 9.599722 0.000000
v -0.773191 9.594877 0.216816
v -0.733511 9.583526 0.423358
v -0.668264 9.571016 0.609684
v -0.610977 9.693559 -0.576053
v -0.664698 9.715206 -0.404237
v -0.698619 9.732775 -0.208255
v -0.710552 9.739759 0.000000
v -0.698619 9.732775 0.208255
v -0.664698 9.715206 0.404237
v -0.610977 9.693558 0.576053
v 0.775525 1.134844 1.341450
v 0.771911 0.592840 1.382794
v 0.762100 0.088636 1.409126
v 0.742995 -0.368611 1.421064
v 0.711967 -0.770505 1.419837
v 0.668264 -1.111722 1.409105
v 0.610977 -1.388347 1.394184
v 0.853602 1.182772 1.198538
v 0.849646 0.629435 1.253287
v 0.838908 0.114402 1.290234
v 0.817998 -0.354067 1.311041
v 0.783701 -0.768777 1.317915
v 0.733511 -1.126768 1.315261
v 0.664698 -1.426674 1.308445
v 0.900448 1.215419 1.050660
v 0.896293 0.657120 1.116864
v 0.885015 0.135758 1.163134
v 0.863052 -0.340972 1.192125
v 0.826889 -0.766408 1.206811
v 0.773191 -1.138030 1.211452
v 0.698619 -1.454417 1.210679
v 0.916064 1.219414 0.909573
v 0.911844 0.667606 0.982824
v 0.900391 0.149001 1.035310
v 0.878087 -0.328332 1.070493
v 0.841339 -0.757270 1.091834
v 0.786651 -1.134497 1.102793
v 0.710552 -1.457643 1.106830
v 0.900448 1.186050 0.784973
v 0.896293 0.655372 0.859165
v 0.885015 0.151543 0.913494
v 0.863052 -0.315681 0.951938
v 0.826889 -0.737622 0.978155
v 0.773191 -1.109927 0.994519
v 0.698619 -1.429388 1.003030
v 0.853602 1.125266 0.678310
v 0.849646 0.625995 0.748697
v 0.838908 0.145261 0.801415
v 0.817998 -0.304657 0.840713
v 0.783701 -0.712619 0.870295
v 0.733511 -1.072028 0.891671
v 0.664698 -1.377935 0.905384
v 0.775525 1.051661 0.588977
v 0.771911 0.587830 0.652931
v 0.762100 0.133150 0.702049
v 0.742995 -0.297431 0.740687
v 0.711967 -0.689815 0.772592
v 0.668264 -1.033333 0.799076
v 0.610977 -1.318704 0.819801
v -0.526989 0.921971 -0.459967
v -0.524509 0.517243 -0.511298
v -0.517777 0.103215 -0.552876
v -0.504666 -0.301942 -0.589071
v -0.483967 -0.680930 -0.623942
v -0.458137 -1.019946 -0.660301
v -0.432113 -1.306708 -0.701061
v -0.364338 0.880553 -0.419681
v -0.362618 0.493719 -0.466947
v -0.357951 0.090229 -0.506066
v -0.348862 -0.311477 -0.541399
v -0.334702 -0.694126 -0.577192
v -0.318122 -1.045117 -0.617218
v -0.303228 -1.353579 -0.665401
v -0.186072 0.855653 -0.395510
v -0.185193 0.479204 -0.440332
v -0.182805 0.081085 -0.477965
v -0.178156 -0.320403 -0.512761
v -0.170975 -0.708078 -0.549043
v -0.162921 -1.069242 -0.591015
v -0.156217 -1.392386 -0.642882
v 0.000000 0.847338 -0.387452
v 0.000000 0.474246 -0.431459
v 0.000000 0.077629 -0.468593
v -0.000000 -0.324349 -0.503204
v -0.000000 -0.714527 -0.539625
v -0.000000 -1.079770 -0.582126
v -0.000000 -1.407952 -0.634961
v 0.186072 0.855653 -0.395510
v 0.185193 0.479205 -0.440332
v 0.182805 0.081086 -0.477965
v 0.178156 -0.320403 -0.512761
v 0.170975 -0.708078 -0.549043
v 0.162921 -1.069242 -0.591015
v 0.156217 -1.392386 -0.642882
v 0.364338 0.880553 -0.419682
v 0.362618 0.493720 -0.466947
v 0.357951 0.090230 -0.506066
v 0.348862 -0.311478 -0.541399
v 0.334702 -0.694127 -0.577192
v 0.318122 -1.045117 -0.617218
v 0.303228 -1.353579 -0.665401
v 0.526990 0.921971 -0.459967
v 0.524509 0.517243 -0.511298
v 0.517777 0.103215 -0.552876
v 0.504666 -0.301942 -0.589071
v 0.483967 -0.680930 -0.623942
v 0.458137 -1.019946 -0.660301
v 0.432113 -1.306708 -0.701061
v -0.775525 1.134844 -1.341450
v -0.771911 0.592840 -1.382794
v -0.762100 0.088636 -1.409126
v -0.742995 -0.368611 -1.421064
v -0.711967 -0.770505 -1.419837
v -0.668264 -1.111722 -1.409105
v -0.610977 -1.388347 -1.394184
v -0.853602 1.182772 -1.198538
v -0.849646 0.629435 -1.253287
v -0.838908 0.114402 -1.290234
v -0.817998 -0.354067 -1.311041
v -0.783701 -0.768777 -1.317915
v -0.733511 -1.126768 -1.315261
v -0.664698 -1.426674 -1.308445
v -0.900448 1.215419 -1.050660
v -0.896293 0.657120 -1.116864
v -0.885015 0.135758 -1.163134
v -0.863052 -0.340972 -1.192125
v -0.826889 -0.766408 -1.206811
v -0.773191 -1.138030 -1.211452
v -0.698619 -1.454417 -1.210679
v -0.916064 1.219414 -0.909573
v -0.911844 0.667606 -0.982824
v -0.900391 0.149001 -1.035310
v -0.878087 -0.328332 -1.070493
v -0.841339 -0.757270 -1.091834
v -0.786651 -1.134497 -1.102793
v -0.710552 -1.457643 -1.106830
v -0.900448 1.186050 -0.784973
v -0.896293 0.655372 -0.859165
v -0.885015 0.151543 -0.913494
v -0.863052 -0.315681 -0.951938
v -0.826889 -0.737622 -0.978155
v -0.773191 -1.109927 -0.994519
v -0.698619 -1.429388 -1.003030
v -0.853602 1.125266 -0.678310
v -0.849646 0.625995 -0.748697
v -0.838908 0.145261 -0.801415
v -0.817998 -0.304657 -0.840713
v -0.783701 -0.712619 -0.870295
v -0.733511 -1.072028 -0.891671
v -0.664698 -1.377935 -0.905384
v -0.775525 1.051661 -0.588977
v -0.771911 0.587830 -0.652931
v -0.762100 0.133149 -0.702049
v -0.742995 -0.297431 -0.740687
v -0.711967 -0.689815 -0.772592
v -0.668264 -1.033333 -0.799076
v -0.610977 -1.318704 -0.819801
v -0.431759 -1.698400 0.820527
v -0.302983 -1.810826 0.804884
v -0.156091 -1.881745 0.792195
v -0.000000 -1.906698 0.787153
v 0.156091 -1.881745 0.792195
v 0.302983 -1.810825 0.804884
v 0.431759 -1.698400 0.820527
v -0.455302 -1.818962 0.906092
v -0.316157 -1.954869 0.897338
v -0.161915 -2.037453 0.889423
v -0.000000 -2.065456 0.886054
v 0.161915 -2.037453 0.889423
v 0.316157 -1.954868 0.897338
v 0.455302 -1.818960 0.906092
v -0.474400 -1.898525 1.003693
v -0.328070 -2.045474 0.999823
v -0.167582 -2.133945 0.996058
v -0.000000 -2.163548 0.994375
v 0.167582 -2.133945 0.996058
v 0.328070 -2.045473 0.999823
v 0.474400 -1.898525 1.003693
v -0.481988 -1.932555 1.107407
v -0.333140 -2.081656 1.107407
v -0.170115 -2.171335 1.107407
v 0.000000 -2.201295 1.107407
v 0.170115 -2.171335 1.107407
v 0.333140 -2.081656 1.107407
v 0.481988 -1.932556 1.107407
v -0.474400 -1.917120 1.211121
v -0.328070 -2.062302 1.214991
v -0.167582 -2.149811 1.218756
v 0.000000 -2.179121 1.220439
v 0.167582 -2.149812 1.218756
v 0.328070 -2.062303 1.214991
v 0.474400 -1.917120 1.211121
v -0.455302 -1.856078 1.308722
v -0.316157 -1.989234 1.317476
v -0.161915 -2.070323 1.325391
v 0.000000 -2.097853 1.328760
v 0.161915 -2.070323 1.325391
v 0.316157 -1.989235 1.317476
v 0.455302 -1.856078 1.308722
v -0.431759 -1.753976 1.394287
v -0.302983 -1.864213 1.409930
v -0.156091 -1.933900 1.422620
v 0.000000 -1.958414 1.427661
v 0.156091 -1.933900 1.422620
v 0.302983 -1.864213 1.409930
v 0.431759 -1.753976 1.394287
v -0.431759 -1.753977 -1.394287
v -0.302983 -1.864213 -1.409930
v -0.156091 -1.933900 -1.422620
v -0.000000 -1.958414 -1.427661
v 0.156091 -1.933901 -1.422620
v 0.302983 -1.864213 -1.409930
v 0.431759 -1.753976 -1.394287
v -0.455302 -1.856078 -1.308722
v -0.316157 -1.989234 -1.317476
v -0.161915 -2.070323 -1.325391
v -0.000000 -2.097853 -1.328760
v 0.161915 -2.070323 -1.325391
v 0.316157 -1.989234 -1.317476
v 0.455302 -1.856078 -1.308722
v -0.474400 -1.917121 -1.211121
v -0.328070 -2.062302 -1.214991
v -0.167582 -2.149812 -1.218756
v -0.000000 -2.179121 -1.220439
v 0.167582 -2.149812 -1.218756
v 0.328070 -2.062302 -1.214991
v 0.474400 -1.917121 -1.211121
v -0.481988 -1.932555 -1.107407
v -0.333140 -2.081656 -1.107407
v -0.170115 -2.171335 -1.107407
v 0.000000 -2.201295 -1.107407
v 0.170115 -2.171335 -1.107407
v 0.333140 -2.081656 -1.107407
v 0.481988 -1.932556 -1.107407
v -0.474400 -1.898525 -1.003693
v -0.328070 -2.045474 -0.999823
v -0.167582 -2.133946 -0.996058
v 0.000000 -2.163548 -0.994375
v 0.167582 -2.133945 -0.996058
v 0.328070 -2.045474 -0.999823
v 0.474400 -1.898525 -1.003693
v -0.455302 -1.818961 -0.906092
v -0.316157 -1.954869 -0.897338
v -0.161915 -2.037452 -0.889423
v 0.000000 -2.065457 -0.886054
v 0.161915 -2.037452 -0.889423
v 0.316157 -1.954869 -0.897338
v 0.455302 -1.818961 -0.906092
v -0.431759 -1.698400 -0.820527
v -0.302983 -1.810827 -0.804884
v -0.156091 -1.881746 -0.792195
v 0.000000 -1.906698 -0.787153
v 0.156091 -1.881746 -0.792195
v 0.302983 -1.810826 -0.804884
v 0.431759 -1.698399 -0.820527
v 0.775525 8.695061 0.650287
v 0.853602 8.695114 0.449580
v 0.900448 8.695168 0.229607
v 0.916064 8.695192 0.000000
v 0.900448 8.695168 -0.229607
v 0.853602 8.695114 -0.449580
v 0.775525 8.695061 -0.650287
v 0.771911 8.886467 0.666393
v 0.849646 8.886892 0.460709
v 0.896293 8.887319 0.235289
v 0.911844 8.887512 0.000000
v 0.896293 8.887318 -0.235289
v 0.849646 8.886892 -0.460709
v 0.771911 8.886467 -0.666393
v 0.762100 9.076272 0.671326
v 0.838908 9.077709 0.464103
v 0.885015 9.079146 0.237017
v 0.900391 9.079799 0.000000
v 0.885015 9.079146 -0.237017
v 0.838908 9.077709 -0.464103
v 0.762100 9.076272 -0.671326
v 0.742995 9.257683 0.663169
v 0.817998 9.261089 0.458430
v 0.863052 9.264494 0.234110
v 0.878086 9.266043 0.000000
v 0.863052 9.264494 -0.234110
v 0.817998 9.261088 -0.458430
v 0.742995 9.257683 -0.663169
v 0.711967 9.424263 0.641224
v 0.783701 9.431042 0.443459
v 0.826889 9.437677 0.226531
v 0.841339 9.440653 0.000000
v 0.826889 9.437677 -0.226531
v 0.783701 9.431043 -0.443459
v 0.711967 9.424264 -0.641224
v 0.668264 9.571016 0.609685
v 0.733511 9.583525 0.423358
v 0.773191 9.594877 0.216816
v 0.786651 9.599722 0.000000
v 0.773191 9.594877 -0.216816
v 0.733511 9.583526 -0.423358
v 0.668264 9.571016 -0.609684
v 0.610977 9.693560 0.576053
v 0.664698 9.715206 0.404237
v 0.698619 9.732775 0.208255
v 0.710552 9.739759 0.000000
v 0.698619 9.732775 -0.208255
v 0.664698 9.715206 -0.404237
v 0.610977 9.693558 -0.576053
v 0.776042 7.296943 0.422818
v 0.854167 7.219052 0.292318
v 0.901042 7.159137 0.149291
v 0.916667 7.135171 0.000000
v 0.901042 7.159137 -0.149291
v 0.854167 7.219053 -0.292318
v 0.776042 7.296943 -0.422818
v 0.776042 7.487805 0.432063
v 0.854167 7.438755 0.298710
v 0.901042 7.401024 0.152555
v 0.916667 7.385932 0.000000
v 0.901042 7.401024 -0.152555
v 0.854167 7.438755 -0.298710
v 0.776042 7.487805 -0.432063
v 0.776042 7.665874 0.453189
v 0.854167 7.637488 0.313316
v 0.901042 7.615653 0.160015
v 0.916667 7.606919 0.000000
v 0.901042 7.615654 -0.160015
v 0.854167 7.637488 -0.313316
v 0.776042 7.665874 -0.453189
v 0.776042 7.835277 0.482992
v 0.854167 7.820744 0.333921
v 0.901042 7.809564 0.170538
v 0.916667 7.805092 0.000000
v 0.901042 7.809564 -0.170538
v 0.854167 7.820744 -0.333921
v 0.776042 7.835277 -0.482992
v 0.776042 8.000145 0.518271
v 0.854167 7.994014 0.358311
v 0.901042 7.989298 0.182995
v 0.916667 7.987412 0.000000
v 0.901042 7.989298 -0.182995
v 0.854167 7.994014 -0.358311
v 0.776042 8.000146 -0.518271
v 0.776042 8.164610 0.555822
v 0.854167 8.162794 0.384272
v 0.901042 8.161396 0.196253
v 0.916667 8.160837 0.000000
v 0.901042 8.161396 -0.196253
v 0.854167 8.162794 -0.384272
v 0.776042 8.164610 -0.555822
v 0.776042 8.332802 0.592441
v 0.854167 8.332574 0.409589
v 0.901042 8.332399 0.209183
v 0.916667 8.332330 0.000000
v 0.901042 8.332399 -0.209183
v 0.854167 8.332575 -0.409589
v 0.776042 8.332802 -0.592441
v 0.527344 7.437745 -0.622221
v 0.364583 7.482681 -0.684860
v 0.186198 7.509644 -0.722444
v -0.000000 7.518631 -0.734972
v -0.186198 7.509644 -0.722444
v -0.364583 7.482681 -0.684860
v -0.527344 7.437745 -0.622221
v 0.527344 7.576474 -0.635826
v 0.364583 7.604772 -0.699835
v 0.186198 7.621751 -0.738240
v 0.000000 7.627411 -0.751042
v -0.186198 7.621752 -0.738240
v -0.364583 7.604773 -0.699835
v -0.527344 7.576475 -0.635825
v 0.527344 7.717187 -0.666915
v 0.364583 7.733563 -0.734054
v 0.186198 7.743389 -0.774337
v -0.000000 7.746663 -0.787765
v -0.186198 7.743388 -0.774337
v -0.364583 7.733562 -0.734054
v -0.527344 7.717186 -0.666914
v 0.527344 7.861548 -0.710774
v 0.364583 7.869934 -0.782328
v 0.186198 7.874965 -0.825261
v 0.000000 7.876641 -0.839572
v -0.186198 7.874965 -0.825261
v -0.364583 7.869934 -0.782329
v -0.527344 7.861549 -0.710774
v 0.527344 8.011229 -0.762690
v 0.364583 8.014766 -0.839471
v 0.186198 8.016890 -0.885540
v 0.000000 8.017596 -0.900896
v -0.186198 8.016889 -0.885540
v -0.364583 8.014767 -0.839471
v -0.527344 8.011229 -0.762690
v 0.527344 8.167894 -0.817950
v 0.364583 8.168942 -0.900294
v 0.186198 8.169571 -0.949700
v 0.000000 8.169781 -0.966169
v -0.186198 8.169571 -0.949700
v -0.364583 8.168942 -0.900294
v -0.527344 8.167894 -0.817950
v 0.527344 8.333212 -0.871839
v 0.364583 8.333343 -0.959608
v 0.186198 8.333422 -1.012269
v 0.000000 8.333447 -1.029823
v -0.186198 8.333421 -1.012269
v -0.364583 8.333343 -0.959608
v -0.527344 8.333211 -0.871839
v -0.526989 8.695061 0.956972
v -0.364338 8.695114 1.053316
v -0.186072 8.695168 1.111124
v 0.000000 8.695192 1.130393
v 0.186072 8.695168 1.111124
v 0.364338 8.695114 1.053316
v 0.526989 8.695061 0.956973
v -0.524509 8.886467 0.980722
v -0.362618 8.886892 1.079487
v -0.185193 8.887320 1.138754
v 0.000000 8.887512 1.158513
v 0.185193 8.887318 1.138754
v 0.362618 8.886892 1.079487
v 0.524509 8.886467 0.980722
v -0.517776 9.076273 0.988111
v -0.357951 9.077709 1.087700
v -0.182805 9.079145 1.147483
v 0.000000 9.079799 1.167420
v 0.182805 9.079146 1.147483
v 0.357951 9.077709 1.087700
v 0.517777 9.076272 0.988111
v -0.504666 9.257683 0.976358
v -0.348862 9.261089 1.074921
v -0.178156 9.264494 1.134130
v 0.000000 9.266043 1.153887
v 0.178156 9.264494 1.134130
v 0.348862 9.261088 1.074921
v 0.504666 9.257683 0.976358
v -0.483967 9.424263 0.943306
v -0.334702 9.431042 1.038349
v -0.170975 9.437677 1.095571
v 0.000000 9.440653 1.114717
v 0.170975 9.437677 1.095571
v 0.334702 9.431043 1.038349
v 0.483967 9.424264 0.943306
v -0.458137 9.571016 0.889303
v -0.318122 9.583525 0.976127
v -0.162921 9.594877 1.028930
v 0.000000 9.599722 1.046843
v 0.162921 9.594877 1.028930
v 0.318122 9.583526 0.976127
v 0.458137 9.571016 0.889304
v -0.432113 9.693558 0.814489
v -0.303228 9.715206 0.886101
v -0.156217 9.732775 0.931320
v 0.000000 9.739759 0.947227
v 0.156217 9.732775 0.931320
v 0.303228 9.715206 0.886101
v 0.432113 9.693558 0.814489
v 0.526989 8.695061 -0.956973
v 0.364338 8.695114 -1.053316
v 0.186072 8.695168 -1.111124
v -0.000000 8.695192 -1.130393
v -0.186072 8.695167 -1.111124
v -0.364338 8.695114 -1.053316
v -0.526989 8.695061 -0.956973
v 0.524509 8.886467 -0.980722
v 0.362618 8.886892 -1.079487
v 0.185193 8.887319 -1.138754
v -0.000000 8.887512 -1.158513
v -0.185193 8.887319 -1.138754
v -0.362618 8.886892 -1.079487
v -0.524509 8.886467 -0.980722
v 0.517776 9.076272 -0.988111
v 0.357951 9.077709 -1.087700
v 0.182805 9.079146 -1.147483
v -0.000000 9.079799 -1.167420
v -0.182805 9.079145 -1.147483
v -0.357951 9.077709 -1.087700
v -0.517777 9.076273 -0.988111
v 0.504666 9.257683 -0.976358
v 0.348862 9.261089 -1.074921
v 0.178156 9.264494 -1.134130
v -0.000000 9.266043 -1.153887
v -0.178156 9.264494 -1.134130
v -0.348862 9.261087 -1.074921
v -0.504666 9.257683 -0.976358
v 0.483967 9.424263 -0.943306
v 0.334702 9.431042 -1.038349
v 0.170975 9.437677 -1.095571
v -0.000000 9.440653 -1.114717
v -0.170975 9.437677 -1.095571
v -0.334702 9.431043 -1.038349
v -0.483967 9.424264 -0.943306
v 0.458137 9.571016 -0.889303
v 0.318122 9.583525 -0.976127
v 0.162921 9.594877 -1.028930
v -0.000000 9.599722 -1.046843
v -0.162921 9.594877 -1.028930
v -0.318122 9.583526 -0.976127
v -0.458137 9.571016 -0.889304
v 0.432113 9.693558 -0.814489
v 0.303228 9.715206 -0.886101
v 0.156217 9.732775 -0.931320
v -0.000000 9.739759 -0.947227
v -0.156217 9.732775 -0.931320
v -0.303228 9.715206 -0.886101
v -0.432113 9.693558 -0.814489
v 0.526990 1.044407 -1.567317
v 0.524509 0.524805 -1.585422
v 0.517777 0.038348 -1.593597
v 0.504666 -0.405173 -1.590752
v 0.483967 -0.796718 -1.576110
v 0.458137 -1.130243 -1.550139
v 0.432113 -1.400985 -1.513206
v 0.364338 1.015331 -1.638514
v 0.362618 0.502161 -1.649239
v 0.357951 0.019233 -1.651672
v 0.348862 -0.424151 -1.644192
v 0.334702 -0.819714 -1.625294
v 0.318122 -1.163291 -1.593943
v 0.303228 -1.452232 -1.548957
v 0.186072 0.997838 -1.681233
v 0.185193 0.488205 -1.687533
v 0.182805 0.006516 -1.686532
v 0.178156 -0.438497 -1.676291
v 0.170975 -0.839087 -1.654902
v 0.162921 -1.191497 -1.620579
v 0.156217 -1.493017 -1.571529
v 0.000000 0.991994 -1.695473
v 0.000000 0.483441 -1.700299
v -0.000000 0.001898 -1.698156
v -0.000000 -0.444174 -1.687001
v 0.000000 -0.847207 -1.664808
v 0.000000 -1.203207 -1.629612
v 0.000000 -1.509080 -1.579469
v -0.186072 0.997839 -1.681233
v -0.185193 0.488206 -1.687533
v -0.182805 0.006515 -1.686532
v -0.178156 -0.438497 -1.676291
v -0.170975 -0.839087 -1.654902
v -0.162921 -1.191497 -1.620579
v -0.156217 -1.493016 -1.571529
v -0.364338 1.015330 -1.638514
v -0.362618 0.502162 -1.649239
v -0.357951 0.019233 -1.651672
v -0.348862 -0.424151 -1.644192
v -0.334702 -0.819714 -1.625294
v -0.318122 -1.163291 -1.593943
v -0.303228 -1.452232 -1.548957
v -0.526989 1.044407 -1.567317
v -0.524509 0.524805 -1.585422
v -0.517776 0.038349 -1.593597
v -0.504666 -0.405172 -1.590752
v -0.483967 -0.796717 -1.576110
v -0.458137 -1.130243 -1.550139
v -0.432113 -1.400984 -1.513206
v 0.526990 7.055811 2.878407
v 0.364338 7.145619 2.897887
v 0.186072 7.199505 2.909641
v -0.000000 7.217467 2.913577
v -0.186072 7.199504 2.909640
v -0.364338 7.145619 2.897887
v -0.526989 7.055811 2.878407
v 0.524509 7.087129 3.399315
v 0.362618 7.164826 3.412769
v 0.185193 7.211450 3.421356
v -0.000000 7.226992 3.424375
v -0.185193 7.211450 3.421356
v -0.362618 7.164826 3.412769
v -0.524509 7.087129 3.399315
v 0.517777 7.104225 3.931822
v 0.357951 7.172740 3.943209
v 0.182805 7.213865 3.951779
v -0.000000 7.227579 3.955163
v -0.182805 7.213865 3.951780
v -0.357951 7.172740 3.943209
v -0.517777 7.104225 3.931823
v 0.504666 7.106413 4.452642
v 0.348862 7.167896 4.466548
v 0.178156 7.204825 4.479012
v -0.000000 7.217147 4.484416
v -0.178156 7.204825 4.479012
v -0.348862 7.167896 4.466548
v -0.504666 7.106413 4.452642
v 0.483967 7.093352 4.939570
v 0.334702 7.148962 4.961594
v 0.170975 7.182438 4.982572
v -0.000000 7.193636 4.991877
v -0.170975 7.182437 4.982572
v -0.334702 7.148962 4.961594
v -0.483967 7.093352 4.939570
v 0.458137 7.066094 5.374745
v 0.318122 7.115129 5.413031
v 0.162921 7.144944 5.447636
v -0.000000 7.155055 5.462377
v -0.162921 7.144944 5.447635
v -0.318122 7.115129 5.413031
v -0.458137 7.066094 5.374745
v 0.432113 7.025571 5.742179
v 0.303228 7.065422 5.807709
v 0.156217 7.090582 5.860882
v -0.000000 7.099432 5.882015
v -0.156217 7.090582 5.860882
v -0.303228 7.065422 5.807709
v -0.432113 7.025571 5.742180
v -0.527344 2.143099 -1.508858
v -0.527344 2.697860 -1.489771
v -0.527344 3.237109 -1.503288
v -0.527344 3.746307 -1.569585
v -0.527344 4.212418 -1.705482
v -0.527344 4.628414 -1.914363
v -0.527344 4.988770 -2.196255
v -0.364583 2.094581 -1.601221
v -0.364583 2.638516 -1.593140
v -0.364583 3.168397 -1.613742
v -0.364583 3.671383 -1.679893
v -0.364583 4.135609 -1.806271
v -0.364583 4.553123 -1.998807
v -0.364583 4.916953 -2.261243
v -0.186198 2.065471 -1.656639
v -0.186198 2.602910 -1.655161
v -0.186198 3.127171 -1.680015
v -0.186198 3.626429 -1.746078
v -0.186198 4.089523 -1.866745
v -0.186198 4.507948 -2.049473
v -0.186198 4.873864 -2.300236
v 0.000000 2.055768 -1.675111
v -0.000000 2.591042 -1.675835
v 0.000000 3.113429 -1.702106
v 0.000000 3.611444 -1.768140
v -0.000000 4.074161 -1.886903
v -0.000000 4.492890 -2.066361
v -0.000000 4.859500 -2.313234
v 0.186198 2.065471 -1.656639
v 0.186198 2.602910 -1.655161
v 0.186198 3.127171 -1.680015
v 0.186198 3.626429 -1.746078
v 0.186198 4.089523 -1.866745
v 0.186198 4.507948 -2.049473
v 0.186198 4.873863 -2.300236
v 0.364583 2.094582 -1.601221
v 0.364583 2.638516 -1.593140
v 0.364583 3.168397 -1.613742
v 0.364583 3.671383 -1.679893
v 0.364583 4.135609 -1.806271
v 0.364583 4.553123 -1.998807
v 0.364583 4.916953 -2.261243
v 0.527344 2.143099 -1.508858
v 0.527344 2.697860 -1.489771
v 0.527344 3.237109 -1.503288
v 0.527344 3.746307 -1.569585
v 0.527344 4.212418 -1.705482
v 0.527344 4.628414 -1.914363
v 0.527344 4.988770 -2.196254
v -0.431759 6.254130 -6.176160
v -0.455302 6.349435 -6.322944
v -0.474400 6.458146 -6.415634
v -0.481988 6.573666 -6.448242
v -0.474400 6.689186 -6.415634
v -0.455302 6.797898 -6.322943
v -0.431759 6.893203 -6.176161
v -0.302983 6.236706 -6.322943
v -0.316157 6.339684 -6.500315
v -0.328070 6.453835 -6.608210
v -0.333140 6.573667 -6.644819
v -0.328070 6.693497 -6.608210
v -0.316157 6.807648 -6.500314
v -0.302983 6.910626 -6.322943
v -0.156091 6.222572 -6.415634
v -0.161915 6.330868 -6.608210
v -0.167582 6.449642 -6.724220
v -0.170115 6.573667 -6.763056
v -0.167582 6.697690 -6.724219
v -0.161915 6.816464 -6.608210
v -0.156091 6.924760 -6.415633
v 0.000000 6.216957 -6.448241
v 0.000000 6.327115 -6.644819
v -0.000000 6.447767 -6.763056
v -0.000000 6.573666 -6.802556
v -0.000000 6.699565 -6.763056
v -0.000000 6.820217 -6.644819
v -0.000000 6.930376 -6.448242
v 0.156091 6.222572 -6.415633
v 0.161915 6.330868 -6.608209
v 0.167582 6.449642 -6.724220
v 0.170115 6.573666 -6.763056
v 0.167582 6.697690 -6.724220
v 0.161915 6.816464 -6.608210
v 0.156091 6.924760 -6.415633
v 0.302983 6.236706 -6.322943
v 0.316157 6.339684 -6.500314
v 0.328070 6.453835 -6.608210
v 0.333140 6.573667 -6.644819
v 0.328070 6.693497 -6.608210
v 0.316157 6.807648 -6.500314
v 0.302983 6.910626 -6.322943
v 0.431759 6.254130 -6.176160
v 0.455302 6.349435 -6.322942
v 0.474400 6.458146 -6.415634
v 0.481988 6.573667 -6.448242
v 0.474400 6.689186 -6.415633
v 0.455302 6.797898 -6.322943
v 0.431759 6.893202 -6.176159
v 0.526989 5.523150 -2.975013
v 0.364338 5.458659 -3.006083
v 0.186072 5.419964 -3.024789
v -0.000000 5.407065 -3.031044
v -0.186072 5.419964 -3.024789
v -0.364338 5.458659 -3.006083
v -0.526989 5.523150 -2.975013
v 0.524509 5.702279 -3.446985
v 0.362618 5.640525 -3.467721
v 0.185193 5.603467 -3.480669
v -0.000000 5.591113 -3.485140
v -0.185193 5.603467 -3.480670
v -0.362618 5.640525 -3.467721
v -0.524509 5.702279 -3.446985
v 0.517776 5.835976 -3.942174
v 0.357951 5.776687 -3.957725
v 0.182805 5.741097 -3.968767
v -0.000000 5.729228 -3.972968
v -0.182805 5.741097 -3.968767
v -0.357951 5.776687 -3.957724
v -0.517777 5.835976 -3.942175
v 0.504666 5.934868 -4.435660
v 0.348862 5.878109 -4.451583
v 0.178156 5.844014 -4.465199
v -0.000000 5.832637 -4.470970
v -0.178156 5.844014 -4.465199
v -0.348862 5.878109 -4.451583
v -0.504666 5.934868 -4.435661
v 0.483967 6.009239 -4.903589
v 0.334702 5.955623 -4.926236
v 0.170975 5.923343 -4.947476
v -0.000000 5.912544 -4.956838
v -0.170975 5.923343 -4.947476
v -0.334702 5.955623 -4.926236
v -0.483967 6.009239 -4.903590
v 0.458137 6.067983 -5.326389
v 0.318122 6.019537 -5.364409
v 0.162921 5.990077 -5.398690
v -0.000000 5.980084 -5.413279
v -0.162921 5.990077 -5.398690
v -0.318122 6.019537 -5.364408
v -0.458137 6.067982 -5.326389
v 0.432113 6.120105 -5.686333
v 0.303228 6.080327 -5.750969
v 0.156217 6.055211 -5.803411
v -0.000000 6.046376 -5.824253
v -0.156217 6.055211 -5.803411
v -0.303228 6.080327 -5.750969
v -0.432113 6.120105 -5.686333
v -0.775525 5.729076 -2.877867
v -0.853602 5.867858 -2.822417
v -0.900448 6.027132 -2.775855
v -0.916064 6.204247 -2.748719
v -0.900448 6.394866 -2.748228
v -0.853602 6.587895 -2.768322
v -0.775525 6.770560 -2.799623
v -0.771911 5.899224 -3.385809
v -0.849646 6.030627 -3.352060
v -0.896293 6.179156 -3.323906
v -0.911844 6.341029 -3.307349
v -0.896293 6.511406 -3.306509
v -0.849646 6.681191 -3.317993
v -0.771911 6.840229 -3.336535
v -0.762100 6.024808 -3.906772
v -0.838908 6.149800 -3.890791
v -0.885015 6.289386 -3.878048
v -0.900391 6.439038 -3.870080
v -0.885015 6.593611 -3.867980
v -0.838908 6.745500 -3.871076
v -0.762100 6.886483 -3.878257
v -0.742995 6.115354 -4.417534
v -0.817998 6.234096 -4.417313
v -0.863052 6.365534 -4.418751
v -0.878087 6.504737 -4.418291
v -0.863052 6.646459 -4.413596
v -0.817998 6.784195 -4.407219
v -0.742995 6.911125 -4.402935
v -0.711967 6.179708 -4.895942
v -0.783701 6.291626 -4.911778
v -0.826889 6.414949 -4.927881
v -0.841339 6.544587 -4.934614
v -0.826889 6.675286 -4.925706
v -0.783701 6.801268 -4.907519
v -0.711967 6.916639 -4.889783
v -0.668264 6.224006 -5.324124
v -0.733511 6.328057 -5.360126
v -0.773191 6.443556 -5.392884
v -0.786651 6.565050 -5.406694
v -0.773191 6.686858 -5.392240
v -0.733511 6.803145 -5.358863
v -0.668264 6.908220 -5.322298
v -0.610977 6.252542 -5.686051
v -0.664698 6.347981 -5.750434
v -0.698619 6.456861 -5.802686
v -0.710552 6.572589 -5.823430
v -0.698619 6.688356 -5.802605
v -0.664698 6.797335 -5.750276
v -0.610977 6.892901 -5.685822
v 0.775525 6.770560 -2.799623
v 0.853602 6.587895 -2.768322
v 0.900448 6.394865 -2.748228
v 0.916064 6.204247 -2.748719
v 0.900448 6.027132 -2.775855
v 0.853602 5.867858 -2.822418
v 0.775525 5.729076 -2.877867
v 0.771911 6.840230 -3.336535
v 0.849646 6.681192 -3.317994
v 0.896293 6.511406 -3.306509
v 0.911844 6.341030 -3.307349
v 0.896293 6.179156 -3.323906
v 0.849646 6.030627 -3.352060
v 0.771911 5.899224 -3.385809
v 0.762100 6.886483 -3.878257
v 0.838908 6.745500 -3.871077
v 0.885015 6.593611 -3.867980
v 0.900391 6.439038 -3.870079
v 0.885015 6.289386 -3.878048
v 0.838908 6.149800 -3.890790
v 0.762100 6.024808 -3.906772
v 0.742995 6.911126 -4.402935
v 0.817998 6.784195 -4.407219
v 0.863052 6.646459 -4.413596
v 0.878087 6.504737 -4.418291
v 0.863052 6.365534 -4.418751
v 0.817998 6.234096 -4.417314
v 0.742995 6.115354 -4.417534
v 0.711967 6.916639 -4.889783
v 0.783701 6.801268 -4.907520
v 0.826889 6.675286 -4.925706
v 0.841339 6.544587 -4.934614
v 0.826889 6.414949 -4.927881
v 0.783701 6.291625 -4.911777
v 0.711967 6.179708 -4.895942
v 0.668264 6.908220 -5.322298
v 0.733511 6.803145 -5.358864
v 0.773191 6.686858 -5.392240
v 0.786651 6.565050 -5.406694
v 0.773191 6.443556 -5.392884
v 0.733511 6.328057 -5.360125
v 0.668264 6.224006 -5.324123
v 0.610977 6.892901 -5.685822
v 0.664698 6.797335 -5.750277
v 0.698619 6.688356 -5.802605
v 0.710552 6.572589 -5.823430
v 0.698619 6.456861 -5.802685
v 0.664698 6.347981 -5.750434
v 0.610977 6.252542 -5.686050
v -0.526989 5.523150 2.993552
v -0.364338 5.458659 3.024625
v -0.186072 5.419964 3.043333
v 0.000000 5.407065 3.049588
v 0.186072 5.419964 3.043333
v 0.364338 5.458659 3.024624
v 0.526989 5.523150 2.993552
v -0.524509 5.702279 3.471826
v -0.362618 5.640525 3.492580
v -0.185193 5.603467 3.505548
v 0.000000 5.591113 3.510026
v 0.185193 5.603467 3.505547
v 0.362618 5.640525 3.492580
v 0.524509 5.702279 3.471826
v -0.517776 5.835976 3.973785
v -0.357951 5.776687 3.989397
v -0.182805 5.741097 4.000501
v 0.000000 5.729228 4.004729
v 0.182805 5.741097 4.000501
v 0.357951 5.776687 3.989396
v 0.517777 5.835976 3.973785
v -0.504666 5.934868 4.474127
v -0.348862 5.878109 4.490196
v -0.178156 5.844014 4.503958
v 0.000000 5.832637 4.509793
v 0.178156 5.844014 4.503958
v 0.348862 5.878109 4.490196
v 0.504666 5.934868 4.474127
v -0.483967 6.009239 4.948634
v -0.334702 5.955623 4.971570
v -0.170975 5.923343 4.993095
v 0.000000 5.912544 5.002584
v 0.170975 5.923343 4.993095
v 0.334702 5.955623 4.971570
v 0.483967 6.009239 4.948634
v -0.458137 6.067983 5.377431
v -0.318122 6.019537 5.415987
v -0.162921 5.990077 5.450754
v 0.000000 5.980084 5.465550
v 0.162921 5.990077 5.450754
v 0.318122 6.019537 5.415986
v 0.458137 6.067982 5.377430
v -0.432113 6.120105 5.742515
v -0.303228 6.080327 5.808079
v -0.156217 6.055211 5.861272
v 0.000000 6.046376 5.882412
v 0.156217 6.055211 5.861271
v 0.303228 6.080327 5.808078
v 0.432113 6.120105 5.742516
v 0.431759 6.254130 6.239368
v 0.455302 6.349435 6.388257
v 0.474400 6.458146 6.482278
v 0.481988 6.573666 6.515354
v 0.474400 6.689186 6.482278
v 0.455302 6.797898 6.388257
v 0.431759 6.893203 6.239368
v 0.302983 6.236706 6.388258
v 0.316157 6.339684 6.568175
v 0.328070 6.453835 6.677618
v 0.333140 6.573667 6.714752
v 0.328070 6.693497 6.677617
v 0.316157 6.807648 6.568175
v 0.302983 6.910626 6.388257
v 0.156091 6.222572 6.482278
v 0.161915 6.330868 6.677618
v 0.167582 6.449642 6.795293
v 0.170115 6.573667 6.834686
v 0.167582 6.697690 6.795293
v 0.161915 6.816464 6.677618
v 0.156091 6.924760 6.482278
v -0.000000 6.216957 6.515354
v -0.000000 6.327116 6.714752
v -0.000000 6.447767 6.834687
v -0.000000 6.573666 6.874754
v 0.000000 6.699565 6.834686
v 0.000000 6.820217 6.714752
v 0.000000 6.930376 6.515354
v -0.156091 6.222572 6.482278
v -0.161916 6.330868 6.677617
v -0.167582 6.449642 6.795293
v -0.170115 6.573666 6.834687
v -0.167582 6.697690 6.795293
v -0.161915 6.816464 6.677617
v -0.156091 6.924760 6.482278
v -0.302983 6.236706 6.388257
v -0.316157 6.339684 6.568175
v -0.328070 6.453835 6.677618
v -0.333140 6.573667 6.714753
v -0.328070 6.693497 6.677617
v -0.316157 6.807648 6.568175
v -0.302983 6.910626 6.388257
v -0.431759 6.254130 6.239368
v -0.455302 6.349435 6.388258
v -0.474400 6.458146 6.482278
v -0.481988 6.573667 6.515354
v -0.474400 6.689186 6.482278
v -0.455302 6.797898 6.388258
v -0.431759 6.893202 6.239367
v 0.527344 2.143099 1.508884
v 0.527344 2.697860 1.489976
v 0.527344 3.237109 1.503978
v 0.527344 3.746307 1.571221
v 0.527344 4.212418 1.708676
v 0.527344 4.628414 1.919883
v 0.527344 4.988770 2.205019
v 0.364583 2.094581 1.601247
v 0.364583 2.638516 1.593344
v 0.364583 3.168397 1.614432
v 0.364583 3.671383 1.681529
v 0.364583 4.135609 1.809465
v 0.364583 4.553123 2.004326
v 0.364583 4.916953 2.270007
v 0.186198 2.065471 1.656664
v 0.186198 2.602910 1.655366
v 0.186198 3.127171 1.680705
v 0.186198 3.626429 1.747713
v 0.186198 4.089523 1.869939
v 0.186198 4.507948 2.054992
v 0.186198 4.873864 2.309000
v 0.000000 2.055767 1.675137
v 0.000000 2.591042 1.676039
v 0.000000 3.113429 1.702796
v 0.000000 3.611444 1.769775
v 0.000000 4.074161 1.890096
v -0.000000 4.492890 2.071881
v 0.000000 4.859500 2.321998
v -0.186198 2.065471 1.656664
v -0.186198 2.602911 1.655366
v -0.186198 3.127171 1.680705
v -0.186198 3.626429 1.747714
v -0.186198 4.089523 1.869939
v -0.186198 4.507948 2.054992
v -0.186198 4.873863 2.309000
v -0.364583 2.094581 1.601247
v -0.364583 2.638516 1.593344
v -0.364583 3.168398 1.614432
v -0.364583 3.671383 1.681529
v -0.364583 4.135609 1.809465
v -0.364583 4.553123 2.004326
v -0.364583 4.916953 2.270007
v -0.527344 2.143099 1.508884
v -0.527344 2.697860 1.489976
v -0.527344 3.237109 1.503978
v -0.527344 3.746307 1.571221
v -0.527344 4.212418 1.708676
v -0.527344 4.628414 1.919882
v -0.527344 4.988770 2.205019
v -0.775525 6.770560 2.818161
v -0.853602 6.587895 2.786864
v -0.900448 6.394865 2.766771
v -0.916064 6.204247 2.767263
v -0.900448 6.027133 2.794398
v -0.853602 5.867858 2.840959
v -0.775525 5.729076 2.896406
v -0.771911 6.840230 3.361377
v -0.849646 6.681191 3.342853
v -0.896293 6.511406 3.331386
v -0.911844 6.341029 3.332235
v -0.896293 6.179156 3.348784
v -0.849646 6.030627 3.376919
v -0.771911 5.899223 3.410650
v -0.762100 6.886483 3.909868
v -0.838908 6.745500 3.902749
v -0.885015 6.593611 3.899714
v -0.900391 6.439038 3.901841
v -0.885015 6.289387 3.909782
v -0.838908 6.149800 3.922463
v -0.762100 6.024808 3.938382
v -0.742995 6.911126 4.441401
v -0.817998 6.784195 4.445832
v -0.863052 6.646460 4.452354
v -0.878087 6.504737 4.457115
v -0.863052 6.365534 4.457509
v -0.817998 6.234096 4.455925
v -0.742995 6.115354 4.456001
v -0.711967 6.916639 4.934828
v -0.783701 6.801268 4.952854
v -0.826889 6.675286 4.971325
v -0.841339 6.544587 4.980360
v -0.826889 6.414949 4.973500
v -0.783701 6.291625 4.957112
v -0.711967 6.179708 4.940987
v -0.668264 6.908220 5.373340
v -0.733511 6.803145 5.410441
v -0.773191 6.686858 5.444304
v -0.786651 6.565050 5.458965
v -0.773191 6.443557 5.444948
v -0.733511 6.328057 5.411703
v -0.668264 6.224006 5.375165
v -0.610977 6.892901 5.742004
v -0.664698 6.797335 5.807385
v -0.698619 6.688356 5.860465
v -0.710552 6.572589 5.881588
v -0.698619 6.456861 5.860546
v -0.664698 6.347981 5.807542
v -0.610977 6.252542 5.742232
v 0.775525 5.729076 2.896406
v 0.853602 5.867858 2.840958
v 0.900448 6.027132 2.794399
v 0.916064 6.204247 2.767263
v 0.900448 6.394865 2.766771
v 0.853602 6.587895 2.786863
v 0.775525 6.770560 2.818161
v 0.771911 5.899224 3.410650
v 0.849646 6.030627 3.376919
v 0.896293 6.179156 3.348784
v 0.911844 6.341030 3.332235
v 0.896293 6.511406 3.331386
v 0.849646 6.681192 3.342853
v 0.771911 6.840230 3.361376
v 0.762100 6.024808 3.938382
v 0.838908 6.149800 3.922462
v 0.885015 6.289386 3.909781
v 0.900391 6.439038 3.901841
v 0.885015 6.593611 3.899713
v 0.838908 6.745500 3.902748
v 0.762100 6.886483 3.909868
v 0.742995 6.115354 4.456000
v 0.817998 6.234096 4.455925
v 0.863052 6.365534 4.457509
v 0.878087 6.504737 4.457115
v 0.863052 6.646459 4.452354
v 0.817998 6.784195 4.445832
v 0.742995 6.911125 4.441401
v 0.711967 6.179708 4.940987
v 0.783701 6.291626 4.957112
v 0.826889 6.414949 4.973500
v 0.841339 6.544587 4.980360
v 0.826889 6.675286 4.971325
v 0.783701 6.801268 4.952854
v 0.711967 6.916639 4.934828
v 0.668264 6.224006 5.375165
v 0.733511 6.328057 5.411703
v 0.773191 6.443556 5.444948
v 0.786651 6.565050 5.458965
v 0.773191 6.686858 5.444303
v 0.733511 6.803145 5.410441
v 0.668264 6.908220 5.373340
v 0.610977 6.252542 5.742232
v 0.664698 6.347981 5.807543
v 0.698619 6.456861 5.860546
v 0.710552 6.572589 5.881589
v 0.698619 6.688356 5.860466
v 0.664698 6.797335 5.807384
v 0.610977 6.892901 5.742003
vn -0.4549 0.8896 0.0421
vn -0.2703 0.9623 0.0289
vn -0.0895 0.9958 0.0211
vn 0.0895 0.9958 0.0211
vn 0.2703 0.9623 0.0289
vn 0.4549 0.8896 0.0421
vn -0.4126 0.9108 0.0172
vn -0.2411 0.9705 0.0079
vn -0.0792 0.9969 0.0027
vn 0.0792 0.9969 0.0027
vn 0.2411 0.9705 0.0079
vn 0.4126 0.9108 0.0172
vn -0.3815 0.9243 -0.0106
vn -0.2210 0.9751 -0.0160
vn -0.0724 0.9972 -0.0189
vn 0.0724 0.9972 -0.0189
vn 0.2210 0.9751 -0.0160
vn 0.3815 0.9243 -0.0106
vn -0.3624 0.9310 -0.0438
vn -0.2101 0.9766 -0.0455
vn -0.0691 0.9965 -0.0464
vn 0.0691 0.9965 -0.0464
vn 0.2101 0.9766 -0.0455
vn 0.3624 0.9310 -0.0438
vn -0.3539 0.9316 -0.0823
vn -0.2076 0.9747 -0.0826
vn -0.0693 0.9942 -0.0826
vn 0.0693 0.9942 -0.0826
vn 0.2076 0.9747 -0.0826
vn 0.3539 0.9316 -0.0823
vn -0.3556 0.9255 -0.1305
vn -0.2139 0.9679 -0.1322
vn -0.0735 0.9884 -0.1330
vn 0.0735 0.9884 -0.1330
vn 0.2139 0.9679 -0.1322
vn 0.3556 0.9255 -0.1305
vn -0.6882 0.7209 0.0822
vn -0.5064 0.8597 0.0664
vn -0.3083 0.9500 0.0491
vn -0.1034 0.9939 0.0384
vn 0.1034 0.9939 0.0384
vn 0.3083 0.9500 0.0491
vn 0.5065 0.8597 0.0664
vn 0.6882 0.7209 0.0822
vn 0.6388 0.7674 0.0554
vn 0.5943 0.8038 0.0272
vn 0.5585 0.8295 -0.0046
vn 0.5331 0.8450 -0.0420
vn 0.5177 0.8515 -0.0828
vn 0.5103 0.8501 -0.1300
vn 0.5055 0.8429 -0.1844
vn 0.3762 0.9054 -0.1967
vn 0.2353 0.9502 -0.2042
vn 0.0832 0.9746 -0.2080
vn -0.0832 0.9746 -0.2080
vn -0.2353 0.9502 -0.2042
vn -0.3762 0.9054 -0.1967
vn -0.5055 0.8429 -0.1844
vn -0.5103 0.8501 -0.1300
vn -0.5177 0.8515 -0.0828
vn -0.5331 0.8450 -0.0420
vn -0.5585 0.8295 -0.0046
vn -0.5943 0.8038 0.0272
vn -0.6388 0.7674 0.0554
vn -0.3406 -0.1024 0.9346
vn -0.1915 -0.1279 0.9731
vn -0.0616 -0.1425 0.9879
vn 0.0616 -0.1425 0.9879
vn 0.1915 -0.1279 0.9731
vn 0.3406 -0.1024 0.9346
vn -0.3381 -0.2216 0.9146
vn -0.1886 -0.2655 0.9455
vn -0.0604 -0.2888 0.9555
vn 0.0604 -0.2888 0.9555
vn 0.1886 -0.2655 0.9455
vn 0.3381 -0.2216 0.9146
vn -0.3561 -0.2914 0.8878
vn -0.2001 -0.3402 0.9188
vn -0.0643 -0.3648 0.9288
vn 0.0643 -0.3648 0.9288
vn 0.2001 -0.3402 0.9188
vn 0.3561 -0.2914 0.8878
vn -0.3830 -0.3208 0.8663
vn -0.2179 -0.3698 0.9032
vn -0.0705 -0.3939 0.9164
vn 0.0705 -0.3939 0.9164
vn 0.2179 -0.3698 0.9032
vn 0.3830 -0.3208 0.8663
vn -0.4126 -0.3187 0.8533
vn -0.2379 -0.3664 0.8995
vn -0.0775 -0.3896 0.9177
vn 0.0775 -0.3896 0.9177
vn 0.2379 -0.3664 0.8995
vn 0.4126 -0.3187 0.8533
vn -0.4422 -0.2912 0.8483
vn -0.2584 -0.3363 0.9056
vn -0.0847 -0.3583 0.9297
vn 0.0847 -0.3583 0.9297
vn 0.2584 -0.3363 0.9056
vn 0.4422 -0.2912 0.8483
vn -0.5521 0.0432 0.8327
vn -0.3800 0.0654 0.9227
vn -0.2222 0.0861 0.9712
vn -0.0732 0.0991 0.9924
vn 0.0732 0.0991 0.9924
vn 0.2222 0.0861 0.9712
vn 0.3800 0.0654 0.9227
vn 0.5521 0.0432 0.8327
vn 0.5165 -0.0718 0.8533
vn 0.5171 -0.1629 0.8403
vn 0.5389 -0.2210 0.8128
vn 0.5695 -0.2472 0.7840
vn 0.6017 -0.2464 0.7597
vn 0.6325 -0.2238 0.7415
vn 0.6599 -0.1842 0.7284
vn 0.4701 -0.2427 0.8486
vn 0.2783 -0.2828 0.9179
vn 0.0919 -0.3028 0.9486
vn -0.0919 -0.3028 0.9486
vn -0.2783 -0.2828 0.9179
vn -0.4701 -0.2427 0.8486
vn -0.6599 -0.1842 0.7284
vn -0.6325 -0.2238 0.7415
vn -0.6017 -0.2464 0.7597
vn -0.5695 -0.2472 0.7840
vn -0.5389 -0.2210 0.8128
vn -0.5171 -0.1629 0.8403
vn -0.5165 -0.0718 0.8533
vn -0.7883 -0.0911 -0.6085
vn -0.7915 -0.0833 -0.6054
vn -0.7935 -0.0893 -0.6020
vn -0.7900 -0.1108 -0.6031
vn -0.7800 -0.1456 -0.6086
vn -0.7613 -0.1983 -0.6173
vn -0.9256 -0.0598 -0.3737
vn -0.9248 -0.0615 -0.3756
vn -0.9226 -0.0752 -0.3783
vn -0.9165 -0.1038 -0.3862
vn -0.9043 -0.1490 -0.4001
vn -0.8811 -0.2170 -0.4202
vn -0.9925 -0.0240 -0.1202
vn -0.9917 -0.0350 -0.1236
vn -0.9901 -0.0564 -0.1288
vn -0.9861 -0.0922 -0.1380
vn -0.9774 -0.1469 -0.1522
vn -0.9584 -0.2281 -0.1716
vn -0.9936 0.0067 0.1129
vn -0.9932 -0.0107 0.1163
vn -0.9924 -0.0382 0.1170
vn -0.9900 -0.0796 0.1160
vn -0.9835 -0.1400 0.1148
vn -0.9670 -0.2272 0.1152
vn -0.9478 0.0276 0.3176
vn -0.9429 0.0067 0.3331
vn -0.9385 -0.0244 0.3444
vn -0.9330 -0.0692 0.3533
vn -0.9232 -0.1305 0.3614
vn -0.9033 -0.2147 0.3714
vn -0.8622 0.0383 0.5051
vn -0.8472 0.0159 0.5311
vn -0.8346 -0.0166 0.5506
vn -0.8228 -0.0619 0.5649
vn -0.8096 -0.1197 0.5746
vn -0.7901 -0.1947 0.5813
vn -0.6065 -0.1413 -0.7824
vn -0.6058 -0.1111 -0.7878
vn -0.6146 -0.0959 -0.7830
vn -0.6228 -0.0961 -0.7765
vn -0.6257 -0.1118 -0.7720
vn -0.6229 -0.1385 -0.7700
vn -0.6149 -0.1784 -0.7682
vn -0.6041 -0.2336 -0.7619
vn -0.7194 -0.2756 -0.6376
vn -0.8331 -0.3162 -0.4539
vn -0.9168 -0.3468 -0.1978
vn -0.9279 -0.3525 0.1211
vn -0.8579 -0.3297 0.3941
vn -0.7469 -0.2919 0.5975
vn -0.6280 -0.2485 0.7374
vn -0.6409 -0.1735 0.7477
vn -0.6538 -0.1097 0.7487
vn -0.6673 -0.0575 0.7425
vn -0.6837 -0.0143 0.7296
vn -0.7048 0.0173 0.7092
vn -0.7315 0.0397 0.6807
vn -0.7632 0.0550 0.6438
vn -0.8798 0.0529 0.4724
vn -0.9540 0.0404 0.2971
vn -0.9942 0.0160 0.1066
vn -0.9930 -0.0212 -0.1161
vn -0.9282 -0.0672 -0.3660
vn -0.7909 -0.1105 -0.6019
vn -0.3555 -0.3262 0.8759
vn -0.2074 -0.3518 0.9128
vn -0.0683 -0.3650 0.9285
vn 0.0683 -0.3650 0.9285
vn 0.2074 -0.3518 0.9128
vn 0.3555 -0.3262 0.8759
vn -0.4771 -0.4655 0.7454
vn -0.2934 -0.5269 0.7977
vn -0.0993 -0.5609 0.8219
vn 0.0993 -0.5609 0.8219
vn 0.2934 -0.5269 0.7977
vn 0.4771 -0.4655 0.7454
vn -0.6622 -0.6568 0.3608
vn -0.4407 -0.7994 0.4083
vn -0.1561 -0.8873 0.4339
vn 0.1561 -0.8873 0.4339
vn 0.4407 -0.7994 0.4083
vn 0.6622 -0.6568 0.3608
vn -0.6622 -0.6568 -0.3608
vn -0.4407 -0.7994 -0.4083
vn -0.1561 -0.8873 -0.4339
vn 0.1561 -0.8873 -0.4339
vn 0.4407 -0.7994 -0.4083
vn 0.6622 -0.6568 -0.3608
vn -0.4771 -0.4655 -0.7454
vn -0.2934 -0.5269 -0.7977
vn -0.0993 -0.5609 -0.8219
vn 0.0993 -0.5609 -0.8219
vn 0.2934 -0.5269 -0.7977
vn 0.4771 -0.4655 -0.7454
vn -0.3555 -0.3262 -0.8759
vn -0.2074 -0.3518 -0.9128
vn -0.0683 -0.3650 -0.9285
vn 0.0683 -0.3650 -0.9285
vn 0.2074 -0.3518 -0.9128
vn 0.3555 -0.3262 -0.8759
vn -0.4491 -0.2147 0.8673
vn -0.2948 -0.2320 0.9270
vn -0.1670 -0.2414 0.9559
vn -0.0541 -0.2456 0.9679
vn 0.0541 -0.2456 0.9679
vn 0.1670 -0.2414 0.9559
vn 0.2948 -0.2320 0.9270
vn 0.4491 -0.2147 0.8673
vn 0.5199 -0.2874 0.8044
vn 0.6494 -0.3838 0.6565
vn 0.8171 -0.4948 0.2958
vn 0.8171 -0.4948 -0.2958
vn 0.6494 -0.3838 -0.6565
vn 0.5199 -0.2874 -0.8044
vn 0.4491 -0.2147 -0.8673
vn 0.2948 -0.2320 -0.9270
vn 0.1670 -0.2414 -0.9559
vn 0.0541 -0.2456 -0.9679
vn -0.0541 -0.2456 -0.9679
vn -0.1670 -0.2414 -0.9559
vn -0.2948 -0.2320 -0.9270
vn -0.4491 -0.2147 -0.8673
vn -0.5199 -0.2874 -0.8044
vn -0.6494 -0.3838 -0.6565
vn -0.8171 -0.4948 -0.2958
vn -0.8171 -0.4948 0.2958
vn -0.6494 -0.3838 0.6565
vn -0.5199 -0.2874 0.8044
vn 0.5858 0.4563 0.6698
vn 0.3829 0.6135 0.6907
vn 0.1337 0.7134 0.6879
vn -0.1337 0.7134 0.6879
vn -0.3829 0.6135 0.6907
vn -0.5858 0.4563 0.6698
vn 0.6792 0.5985 0.4249
vn 0.4548 0.7802 0.4294
vn 0.1608 0.8925 0.4214
vn -0.1608 0.8925 0.4214
vn -0.4548 0.7802 0.4294
vn -0.6792 0.5985 0.4249
vn 0.7135 0.6734 0.1938
vn 0.4833 0.8526 0.1985
vn 0.1726 0.9649 0.1978
vn -0.1726 0.9649 0.1978
vn -0.4833 0.8526 0.1985
vn -0.7135 0.6734 0.1938
vn 0.7001 0.7136 0.0256
vn 0.4739 0.8798 0.0377
vn 0.1696 0.9845 0.0458
vn -0.1696 0.9845 0.0458
vn -0.4739 0.8798 0.0377
vn -0.7001 0.7136 0.0256
vn 0.6651 0.7445 -0.0582
vn 0.4436 0.8953 -0.0409
vn 0.1572 0.9872 -0.0283
vn -0.1572 0.9872 -0.0283
vn -0.4436 0.8953 -0.0409
vn -0.6651 0.7445 -0.0582
vn 0.6184 0.7808 -0.0892
vn 0.4015 0.9133 -0.0689
vn 0.1398 0.9887 -0.0545
vn -0.1398 0.9887 -0.0545
vn -0.4015 0.9133 -0.0689
vn -0.6184 0.7808 -0.0892
vn 0.6305 0.1660 0.7583
vn 0.4669 0.2599 0.8452
vn 0.2907 0.3542 0.8888
vn 0.0993 0.4162 0.9039
vn -0.0993 0.4162 0.9039
vn -0.2907 0.3542 0.8888
vn -0.4669 0.2599 0.8452
vn -0.6305 0.1660 0.7583
vn -0.7394 0.2970 0.6042
vn -0.8266 0.4065 0.3892
vn -0.8594 0.4798 0.1769
vn -0.8476 0.5305 0.0138
vn -0.8183 0.5705 -0.0705
vn -0.7813 0.6154 -0.1038
vn -0.7371 0.6677 -0.1041
vn -0.5632 0.8216 -0.0876
vn -0.3539 0.9329 -0.0671
vn -0.1207 0.9912 -0.0535
vn 0.1207 0.9912 -0.0535
vn 0.3539 0.9329 -0.0671
vn 0.5632 0.8216 -0.0876
vn 0.7371 0.6677 -0.1041
vn 0.7813 0.6154 -0.1038
vn 0.8183 0.5705 -0.0705
vn 0.8476 0.5305 0.0138
vn 0.8594 0.4798 0.1769
vn 0.8266 0.4065 0.3892
vn 0.7394 0.2970 0.6042
vn 0.7883 -0.0911 0.6085
vn 0.7915 -0.0833 0.6054
vn 0.7935 -0.0893 0.6020
vn 0.7900 -0.1108 0.6031
vn 0.7800 -0.1456 0.6086
vn 0.7613 -0.1983 0.6173
vn 0.9256 -0.0598 0.3737
vn 0.9248 -0.0615 0.3756
vn 0.9226 -0.0752 0.3783
vn 0.9165 -0.1038 0.3862
vn 0.9043 -0.1490 0.4001
vn 0.8811 -0.2170 0.4202
vn 0.9925 -0.0240 0.1202
vn 0.9917 -0.0350 0.1236
vn 0.9901 -0.0564 0.1288
vn 0.9861 -0.0922 0.1380
vn 0.9774 -0.1469 0.1522
vn 0.9584 -0.2281 0.1716
vn 0.9936 0.0067 -0.1129
vn 0.9932 -0.0107 -0.1163
vn 0.9924 -0.0382 -0.1170
vn 0.9900 -0.0796 -0.1160
vn 0.9835 -0.1400 -0.1148
vn 0.9670 -0.2272 -0.1152
vn 0.9478 0.0276 -0.3176
vn 0.9429 0.0067 -0.3331
vn 0.9385 -0.0244 -0.3444
vn 0.9330 -0.0692 -0.3533
vn 0.9232 -0.1305 -0.3614
vn 0.9033 -0.2147 -0.3714
vn 0.8622 0.0383 -0.5051
vn 0.8472 0.0159 -0.5311
vn 0.8346 -0.0166 -0.5506
vn 0.8228 -0.0619 -0.5649
vn 0.8096 -0.1197 -0.5746
vn 0.7901 -0.1947 -0.5813
vn 0.6065 -0.1413 0.7824
vn 0.6058 -0.1111 0.7878
vn 0.6146 -0.0959 0.7830
vn 0.6228 -0.0961 0.7765
vn 0.6257 -0.1118 0.7720
vn 0.6229 -0.1385 0.7700
vn 0.6149 -0.1784 0.7682
vn 0.6041 -0.2336 0.7619
vn 0.7194 -0.2756 0.6376
vn 0.8331 -0.3162 0.4539
vn 0.9168 -0.3468 0.1978
vn 0.9279 -0.3525 -0.1211
vn 0.8579 -0.3297 -0.3941
vn 0.7469 -0.2919 -0.5975
vn 0.6280 -0.2485 -0.7374
vn 0.6409 -0.1735 -0.7477
vn 0.6538 -0.1097 -0.7487
vn 0.6673 -0.0575 -0.7425
vn 0.6837 -0.0143 -0.7296
vn 0.7048 0.0173 -0.7092
vn 0.7315 0.0397 -0.6807
vn 0.7632 0.0550 -0.6438
vn 0.8798 0.0529 -0.4724
vn 0.9540 0.0404 -0.2971
vn 0.9942 0.0160 -0.1066
vn 0.9930 -0.0212 0.1161
vn 0.9282 -0.0672 0.3660
vn 0.7909 -0.1105 0.6019
vn 0.6182 0.7809 0.0900
vn 0.4014 0.9133 0.0695
vn 0.1398 0.9886 0.0551
vn -0.1398 0.9886 0.0551
vn -0.4014 0.9133 0.0695
vn -0.6182 0.7809 0.0900
vn 0.6650 0.7446 0.0587
vn 0.4435 0.8953 0.0412
vn 0.1572 0.9872 0.0286
vn -0.1572 0.9872 0.0286
vn -0.4435 0.8953 0.0412
vn -0.6650 0.7446 0.0587
vn 0.7001 0.7136 -0.0258
vn 0.4739 0.8798 -0.0380
vn 0.1696 0.9844 -0.0461
vn -0.1696 0.9844 -0.0461
vn -0.4739 0.8798 -0.0380
vn -0.7001 0.7136 -0.0258
vn 0.7135 0.6730 -0.1947
vn 0.4834 0.8524 -0.1995
vn 0.1726 0.9647 -0.1988
vn -0.1726 0.9647 -0.1988
vn -0.4834 0.8524 -0.1995
vn -0.7135 0.6730 -0.1947
vn 0.6791 0.5978 -0.4260
vn 0.4548 0.7795 -0.4307
vn 0.1608 0.8919 -0.4227
vn -0.1608 0.8919 -0.4227
vn -0.4548 0.7795 -0.4307
vn -0.6791 0.5978 -0.4260
vn 0.5857 0.4556 -0.6704
vn 0.3828 0.6127 -0.6914
vn 0.1337 0.7126 -0.6887
vn -0.1337 0.7126 -0.6887
vn -0.3828 0.6127 -0.6914
vn -0.5857 0.4556 -0.6704
vn 0.7369 0.6678 0.1051
vn 0.5631 0.8217 0.0885
vn 0.3538 0.9329 0.0678
vn 0.1207 0.9912 0.0540
vn -0.1207 0.9912 0.0540
vn -0.3538 0.9329 0.0678
vn -0.5631 0.8217 0.0885
vn -0.7369 0.6678 0.1051
vn -0.7811 0.6156 0.1047
vn -0.8181 0.5706 0.0711
vn -0.8476 0.5305 -0.0139
vn -0.8594 0.4794 -0.1777
vn -0.8264 0.4059 -0.3902
vn -0.7392 0.2965 -0.6047
vn -0.6304 0.1658 -0.7583
vn -0.4669 0.2598 -0.8453
vn -0.2907 0.3540 -0.8889
vn -0.0993 0.4160 -0.9039
vn 0.0993 0.4160 -0.9039
vn 0.2907 0.3540 -0.8889
vn 0.4669 0.2598 -0.8453
vn 0.6304 0.1658 -0.7583
vn 0.7392 0.2965 -0.6047
vn 0.8264 0.4059 -0.3902
vn 0.8594 0.4794 -0.1777
vn 0.8476 0.5305 -0.0139
vn 0.8181 0.5706 0.0711
vn 0.7811 0.6156 0.1047
vn 0.9212 0.0849 -0.3798
vn 0.9684 0.0340 -0.2471
vn 0.9960 0.0113 -0.0882
vn 0.9576 0.1292 -0.2573
vn 0.9822 0.0564 -0.1791
vn 0.9973 0.0230 -0.0699
vn 0.9213 0.0851 0.3795
vn 0.9577 0.1295 0.2568
vn 0.9773 0.1762 0.1180
vn 0.9684 0.0340 0.2469
vn 0.9822 0.0566 0.1789
vn 0.9922 0.0870 0.0893
vn 0.9499 0.2981 -0.0937
vn 0.9823 0.1743 -0.0688
vn 0.9980 0.0582 -0.0239
vn 0.9629 0.2610 -0.0677
vn 0.9872 0.1510 -0.0512
vn 0.9986 0.0517 -0.0127
vn 0.9405 -0.2491 0.2313
vn 0.9556 -0.1711 0.2400
vn 0.9620 -0.0988 0.2544
vn 0.9802 -0.1547 0.1238
vn 0.9857 -0.1097 0.1281
vn 0.9885 -0.0634 0.1371
vn 0.9212 0.0442 0.3865
vn 0.9702 0.0373 0.2393
vn 0.9959 0.0147 0.0890
vn 0.9421 0.0145 0.3350
vn 0.9793 0.0189 0.2014
vn 0.9968 0.0061 0.0799
vn 0.8476 -0.1636 -0.5048
vn 0.9070 -0.1856 -0.3779
vn 0.9675 -0.2014 -0.1531
vn 0.9486 -0.0929 -0.3026
vn 0.9680 -0.1015 -0.2296
vn 0.9894 -0.1064 -0.0993
vn 0.8476 -0.1636 0.5048
vn 0.9486 -0.0929 0.3026
vn 0.9951 -0.0300 0.0940
vn 0.9070 -0.1856 0.3779
vn 0.9680 -0.1015 0.2296
vn 0.9968 -0.0362 0.0715
vn 0.9212 0.0443 -0.3866
vn 0.9420 0.0148 -0.3352
vn 0.9570 -0.0327 -0.2882
vn 0.9702 0.0374 -0.2393
vn 0.9793 0.0190 -0.2015
vn 0.9862 -0.0134 -0.1652
vn 0.9404 -0.2482 -0.2324
vn 0.9802 -0.1543 -0.1244
vn 0.9977 -0.0541 -0.0415
vn 0.9555 -0.1702 -0.2408
vn 0.9857 -0.1093 -0.1286
vn 0.9979 -0.0410 -0.0499
vn 0.9498 0.2983 0.0945
vn 0.9629 0.2612 0.0682
vn 0.9748 0.2231 0.0027
vn 0.9822 0.1744 0.0693
vn 0.9872 0.1511 0.0516
vn 0.9921 0.1254 0.0054
vn 0.9960 0.0114 0.0882
vn 0.9973 0.0231 0.0699
vn 0.9748 0.2231 -0.0026
vn 0.9921 0.1254 -0.0054
vn 0.9977 -0.0542 0.0412
vn 0.9979 -0.0411 0.0497
vn 0.9571 -0.0332 0.2879
vn 0.9862 -0.0136 0.1650
vn 0.9951 -0.0300 -0.0940
vn 0.9968 -0.0361 -0.0714
vn 0.9675 -0.2014 0.1531
vn 0.9894 -0.1064 0.0993
vn 0.9959 0.0147 -0.0890
vn 0.9968 0.0062 -0.0799
vn 0.9620 -0.0981 -0.2549
vn 0.9885 -0.0631 -0.1374
vn 0.9980 0.0582 0.0241
vn 0.9986 0.0517 0.0127
vn 0.9772 0.1760 -0.1185
vn 0.9922 0.0868 -0.0895
vn 0.9988 0.0260 -0.0423
vn 0.9988 0.0261 0.0422
vn 0.9991 0.0433 0.0007
vn 0.9985 -0.0258 0.0482
vn 0.9981 -0.0022 0.0614
vn 0.9987 -0.0355 -0.0375
vn 0.9987 -0.0355 0.0375
vn 0.9981 -0.0021 -0.0615
vn 0.9985 -0.0257 -0.0483
vn 0.9991 0.0433 -0.0007
vn 0.7773 0.0910 -0.6225
vn 0.8846 0.0426 -0.4644
vn 0.9570 0.0151 -0.2897
vn 0.9951 0.0029 -0.0991
vn 0.8508 0.1695 -0.4973
vn 0.9134 0.2443 -0.3255
vn 0.9403 0.3063 -0.1485
vn 0.7774 0.0911 0.6224
vn 0.8510 0.1698 0.4970
vn 0.9136 0.2448 0.3247
vn 0.9403 0.3066 0.1479
vn 0.8846 0.0427 0.4644
vn 0.9570 0.0151 0.2897
vn 0.9951 0.0029 0.0991
vn 0.8635 0.4929 -0.1067
vn 0.9364 0.3377 -0.0957
vn 0.9774 0.1995 -0.0701
vn 0.9974 0.0667 -0.0274
vn 0.8902 0.4433 -0.1045
vn 0.9137 0.3999 -0.0727
vn 0.9336 0.3584 0.0042
vn 0.8233 -0.4605 0.3319
vn 0.8626 -0.3459 0.3690
vn 0.8890 -0.2374 0.3915
vn 0.8988 -0.1412 0.4149
vn 0.9201 -0.3294 0.2118
vn 0.9735 -0.1987 0.1130
vn 0.9972 -0.0666 0.0338
vn 0.7982 0.0599 0.5994
vn 0.8994 0.0576 0.4334
vn 0.9614 0.0448 0.2717
vn 0.9950 0.0185 0.0983
vn 0.8349 0.0422 0.5488
vn 0.8673 0.0030 0.4978
vn 0.8903 -0.0576 0.4517
vn 0.6331 -0.1838 -0.7520
vn 0.6966 -0.2319 -0.6789
vn 0.8013 -0.2856 -0.5257
vn 0.9160 -0.3351 -0.2207
vn 0.8089 -0.1372 -0.5717
vn 0.9354 -0.0801 -0.3443
vn 0.9938 -0.0243 -0.1081
vn 0.6331 -0.1838 0.7520
vn 0.8089 -0.1372 0.5717
vn 0.9354 -0.0801 0.3443
vn 0.9938 -0.0243 0.1081
vn 0.6966 -0.2319 0.6789
vn 0.8013 -0.2856 0.5257
vn 0.9160 -0.3351 0.2207
vn 0.7982 0.0600 -0.5994
vn 0.8348 0.0424 -0.5489
vn 0.8672 0.0035 -0.4980
vn 0.8901 -0.0569 -0.4521
vn 0.8993 0.0576 -0.4334
vn 0.9613 0.0448 -0.2717
vn 0.9950 0.0185 -0.0983
vn 0.8233 -0.4587 -0.3342
vn 0.9201 -0.3285 -0.2133
vn 0.9735 -0.1983 -0.1139
vn 0.9972 -0.0666 -0.0341
vn 0.8626 -0.3442 -0.3708
vn 0.8889 -0.2359 -0.3927
vn 0.8987 -0.1401 -0.4157
vn 0.8633 0.4931 0.1078
vn 0.8900 0.4435 0.1055
vn 0.9135 0.4001 0.0733
vn 0.9336 0.3584 -0.0043
vn 0.9362 0.3378 0.0967
vn 0.9773 0.1996 0.0708
vn 0.9974 0.0667 0.0276
vn -0.9213 0.0851 0.3795
vn -0.9684 0.0340 0.2469
vn -0.9960 0.0114 0.0882
vn -0.9577 0.1295 0.2568
vn -0.9822 0.0566 0.1789
vn -0.9973 0.0231 0.0699
vn -0.9212 0.0849 -0.3798
vn -0.9576 0.1292 -0.2573
vn -0.9772 0.1760 -0.1185
vn -0.9684 0.0340 -0.2471
vn -0.9822 0.0564 -0.1791
vn -0.9922 0.0868 -0.0895
vn -0.9498 0.2983 0.0945
vn -0.9822 0.1744 0.0693
vn -0.9980 0.0582 0.0241
vn -0.9629 0.2612 0.0682
vn -0.9872 0.1511 0.0516
vn -0.9986 0.0517 0.0127
vn -0.9404 -0.2482 -0.2324
vn -0.9555 -0.1702 -0.2408
vn -0.9620 -0.0981 -0.2549
vn -0.9802 -0.1543 -0.1244
vn -0.9857 -0.1093 -0.1286
vn -0.9885 -0.0631 -0.1374
vn -0.9212 0.0443 -0.3866
vn -0.9702 0.0374 -0.2393
vn -0.9959 0.0147 -0.0890
vn -0.9420 0.0148 -0.3352
vn -0.9793 0.0190 -0.2015
vn -0.9968 0.0062 -0.0799
vn -0.8476 -0.1636 0.5048
vn -0.9070 -0.1856 0.3779
vn -0.9675 -0.2014 0.1531
vn -0.9486 -0.0929 0.3026
vn -0.9680 -0.1015 0.2296
vn -0.9894 -0.1064 0.0993
vn -0.8476 -0.1636 -0.5048
vn -0.9486 -0.0929 -0.3026
vn -0.9951 -0.0300 -0.0940
vn -0.9070 -0.1856 -0.3779
vn -0.9680 -0.1015 -0.2296
vn -0.9968 -0.0361 -0.0714
vn -0.9212 0.0442 0.3865
vn -0.9421 0.0145 0.3350
vn -0.9571 -0.0332 0.2879
vn -0.9702 0.0373 0.2393
vn -0.9793 0.0189 0.2014
vn -0.9862 -0.0136 0.1650
vn -0.9405 -0.2491 0.2313
vn -0.9802 -0.1547 0.1238
vn -0.9977 -0.0542 0.0412
vn -0.9556 -0.1711 0.2400
vn -0.9857 -0.1097 0.1281
vn -0.9979 -0.0411 0.0497
vn -0.9499 0.2981 -0.0937
vn -0.9629 0.2610 -0.0677
vn -0.9748 0.2231 -0.0026
vn -0.9823 0.1743 -0.0688
vn -0.9872 0.1510 -0.0512
vn -0.9921 0.1254 -0.0054
vn -0.9960 0.0113 -0.0882
vn -0.9973 0.0230 -0.0699
vn -0.9748 0.2231 0.0027
vn -0.9921 0.1254 0.0054
vn -0.9977 -0.0541 -0.0415
vn -0.9979 -0.0410 -0.0499
vn -0.9570 -0.0327 -0.2882
vn -0.9862 -0.0134 -0.1652
vn -0.9951 -0.0300 0.0940
vn -0.9968 -0.0362 0.0715
vn -0.9675 -0.2014 -0.1531
vn -0.9894 -0.1064 -0.0993
vn -0.9959 0.0147 0.0890
vn -0.9968 0.0061 0.0799
vn -0.9620 -0.0988 0.2544
vn -0.9885 -0.0634 0.1371
vn -0.9980 0.0582 -0.0239
vn -0.9986 0.0517 -0.0127
vn -0.9773 0.1762 0.1180
vn -0.9922 0.0870 0.0893
vn -0.9988 0.0261 0.0422
vn -0.9988 0.0260 -0.0423
vn -0.9991 0.0433 -0.0007
vn -0.9985 -0.0257 -0.0483
vn -0.9981 -0.0021 -0.0615
vn -0.9987 -0.0355 0.0375
vn -0.9987 -0.0355 -0.0375
vn -0.9981 -0.0022 0.0614
vn -0.9985 -0.0258 0.0482
vn -0.9991 0.0433 0.0007
vn -0.7774 0.0911 0.6224
vn -0.8846 0.0427 0.4644
vn -0.9570 0.0151 0.2897
vn -0.9951 0.0029 0.0991
vn -0.8510 0.1698 0.4970
vn -0.9136 0.2448 0.3247
vn -0.9403 0.3066 0.1479
vn -0.7773 0.0910 -0.6225
vn -0.8508 0.1695 -0.4973
vn -0.9134 0.2443 -0.3255
vn -0.9403 0.3063 -0.1485
vn -0.8846 0.0426 -0.4644
vn -0.9570 0.0151 -0.2897
vn -0.9951 0.0029 -0.0991
vn -0.8633 0.4931 0.1078
vn -0.9362 0.3378 0.0967
vn -0.9773 0.1996 0.0708
vn -0.9974 0.0667 0.0276
vn -0.8900 0.4435 0.1055
vn -0.9135 0.4001 0.0733
vn -0.9336 0.3584 -0.0043
vn -0.8233 -0.4587 -0.3342
vn -0.8626 -0.3442 -0.3708
vn -0.8889 -0.2359 -0.3927
vn -0.8987 -0.1401 -0.4157
vn -0.9201 -0.3285 -0.2133
vn -0.9735 -0.1983 -0.1139
vn -0.9972 -0.0666 -0.0341
vn -0.7982 0.0600 -0.5994
vn -0.8993 0.0576 -0.4334
vn -0.9613 0.0448 -0.2717
vn -0.9950 0.0185 -0.0983
vn -0.8348 0.0424 -0.5489
vn -0.8672 0.0035 -0.4980
vn -0.8901 -0.0569 -0.4521
vn -0.6331 -0.1838 0.7520
vn -0.6966 -0.2319 0.6789
vn -0.8013 -0.2856 0.5257
vn -0.9160 -0.3351 0.2207
vn -0.8089 -0.1372 0.5717
vn -0.9354 -0.0801 0.3443
vn -0.9938 -0.0243 0.1081
vn -0.6331 -0.1838 -0.7520
vn -0.8089 -0.1372 -0.5717
vn -0.9354 -0.0801 -0.3443
vn -0.9938 -0.0243 -0.1081
vn -0.6966 -0.2319 -0.6789
vn -0.8013 -0.2856 -0.5257
vn -0.9160 -0.3351 -0.2207
vn -0.7982 0.0599 0.5994
vn -0.8349 0.0422 0.5488
vn -0.8673 0.0030 0.4978
vn -0.8903 -0.0576 0.4517
vn -0.8994 0.0576 0.4334
vn -0.9614 0.0448 0.2717
vn -0.9950 0.0185 0.0983
vn -0.8233 -0.4605 0.3319
vn -0.9201 -0.3294 0.2118
vn -0.9735 -0.1987 0.1130
vn -0.9972 -0.0666 0.0338
vn -0.8626 -0.3459 0.3690
vn -0.8890 -0.2374 0.3915
vn -0.8988 -0.1412 0.4149
vn -0.8635 0.4929 -0.1067
vn -0.8902 0.4433 -0.1045
vn -0.9137 0.3999 -0.0727
vn -0.9336 0.3584 0.0042
vn -0.9364 0.3377 -0.0957
vn -0.9774 0.1995 -0.0701
vn -0.9974 0.0667 -0.0274
vn 0.4054 0.8621 -0.3040
vn 0.2477 0.9174 -0.3114
vn 0.0857 0.9453 -0.3147
vn -0.0857 0.9453 -0.3147
vn -0.2477 0.9174 -0.3114
vn -0.4054 0.8621 -0.3040
vn 0.4055 0.8959 -0.1814
vn 0.2410 0.9536 -0.1807
vn 0.0808 0.9804 -0.1796
vn -0.0808 0.9804 -0.1796
vn -0.2410 0.9536 -0.1807
vn -0.4055 0.8959 -0.1814
vn 0.4050 0.9122 -0.0620
vn 0.2369 0.9697 -0.0599
vn 0.0780 0.9952 -0.0585
vn -0.0780 0.9952 -0.0585
vn -0.2369 0.9697 -0.0599
vn -0.4050 0.9122 -0.0620
vn 0.4050 0.9122 0.0620
vn 0.2369 0.9697 0.0599
vn 0.0780 0.9952 0.0585
vn -0.0780 0.9952 0.0585
vn -0.2369 0.9697 0.0599
vn -0.4050 0.9122 0.0620
vn 0.4055 0.8959 0.1814
vn 0.2410 0.9536 0.1807
vn 0.0808 0.9804 0.1796
vn -0.0808 0.9804 0.1796
vn -0.2410 0.9536 0.1807
vn -0.4055 0.8959 0.1814
vn 0.4054 0.8621 0.3040
vn 0.2477 0.9174 0.3114
vn 0.0857 0.9453 0.3147
vn -0.0857 0.9453 0.3147
vn -0.2477 0.9174 0.3114
vn -0.4054 0.8621 0.3040
vn 0.5442 0.7331 -0.4081
vn 0.4105 0.7983 -0.4406
vn 0.2597 0.8478 -0.4624
vn 0.0925 0.8755 -0.4742
vn -0.0925 0.8755 -0.4742
vn -0.2597 0.8478 -0.4624
vn -0.4106 0.7983 -0.4406
vn -0.5442 0.7331 -0.4081
vn -0.5661 0.7691 -0.2966
vn -0.5783 0.7951 -0.1827
vn -0.5843 0.8090 -0.0641
vn -0.5843 0.8090 0.0641
vn -0.5783 0.7951 0.1827
vn -0.5661 0.7691 0.2966
vn -0.5442 0.7330 0.4081
vn -0.4105 0.7983 0.4406
vn -0.2597 0.8478 0.4624
vn -0.0925 0.8755 0.4742
vn 0.0925 0.8755 0.4742
vn 0.2597 0.8478 0.4624
vn 0.4106 0.7983 0.4406
vn 0.5442 0.7331 0.4081
vn 0.5661 0.7691 0.2966
vn 0.5783 0.7951 0.1827
vn 0.5843 0.8090 0.0641
vn 0.5843 0.8090 -0.0641
vn 0.5783 0.7951 -0.1827
vn 0.5661 0.7691 -0.2966
vn -0.8561 -0.0197 -0.5164
vn -0.9506 -0.0065 -0.3104
vn -0.9947 -0.0007 -0.1031
vn -0.9947 -0.0007 0.1031
vn -0.9506 -0.0065 0.3104
vn -0.8561 -0.0197 0.5164
vn -0.8612 -0.0480 -0.5061
vn -0.9533 -0.0161 -0.3016
vn -0.9950 -0.0017 -0.0996
vn -0.9950 -0.0017 0.0996
vn -0.9533 -0.0161 0.3016
vn -0.8612 -0.0480 0.5061
vn -0.8732 -0.0690 -0.4824
vn -0.9579 -0.0236 -0.2860
vn -0.9955 -0.0025 -0.0942
vn -0.9955 -0.0025 0.0942
vn -0.9579 -0.0236 0.2860
vn -0.8732 -0.0690 0.4824
vn -0.8874 -0.0801 -0.4540
vn -0.9630 -0.0280 -0.2679
vn -0.9961 -0.0030 -0.0881
vn -0.9961 -0.0030 0.0881
vn -0.9630 -0.0280 0.2679
vn -0.8874 -0.0801 0.4540
vn -0.9008 -0.0813 -0.4265
vn -0.9678 -0.0288 -0.2502
vn -0.9966 -0.0032 -0.0821
vn -0.9966 -0.0032 0.0821
vn -0.9678 -0.0288 0.2502
vn -0.9008 -0.0813 0.4265
vn -0.9124 -0.0738 -0.4027
vn -0.9717 -0.0263 -0.2346
vn -0.9970 -0.0029 -0.0769
vn -0.9970 -0.0029 0.0769
vn -0.9717 -0.0263 0.2346
vn -0.9124 -0.0738 0.4027
vn -0.7270 0.0241 -0.6862
vn -0.8630 0.0110 -0.5050
vn -0.9514 0.0036 -0.3078
vn -0.9946 0.0004 -0.1033
vn -0.9946 0.0004 0.1033
vn -0.9514 0.0036 0.3078
vn -0.8630 0.0110 0.5050
vn -0.7270 0.0241 0.6862
vn -0.7058 -0.0419 0.7072
vn -0.7101 -0.0994 0.6971
vn -0.7297 -0.1390 0.6695
vn -0.7548 -0.1582 0.6366
vn -0.7798 -0.1586 0.6056
vn -0.8023 -0.1435 0.5795
vn -0.8212 -0.1168 0.5586
vn -0.9217 -0.0598 0.3833
vn -0.9748 -0.0213 0.2219
vn -0.9974 -0.0024 0.0725
vn -0.9974 -0.0024 -0.0725
vn -0.9748 -0.0213 -0.2219
vn -0.9217 -0.0598 -0.3833
vn -0.8212 -0.1168 -0.5586
vn -0.8023 -0.1435 -0.5795
vn -0.7798 -0.1586 -0.6056
vn -0.7548 -0.1582 -0.6366
vn -0.7297 -0.1390 -0.6695
vn -0.7101 -0.0994 -0.6971
vn -0.7058 -0.0419 -0.7072
vn 0.2730 -0.1203 -0.9545
vn 0.2816 -0.0981 -0.9545
vn 0.2916 -0.0924 -0.9521
vn 0.3010 -0.1017 -0.9482
vn 0.3092 -0.1234 -0.9430
vn 0.3169 -0.1614 -0.9346
vn 0.1532 -0.1189 -0.9810
vn 0.1589 -0.0955 -0.9827
vn 0.1658 -0.0886 -0.9822
vn 0.1730 -0.0965 -0.9802
vn 0.1806 -0.1187 -0.9764
vn 0.1895 -0.1599 -0.9688
vn 0.0494 -0.1176 -0.9918
vn 0.0514 -0.0937 -0.9943
vn 0.0539 -0.0862 -0.9948
vn 0.0568 -0.0934 -0.9940
vn 0.0603 -0.1160 -0.9914
vn 0.0649 -0.1590 -0.9851
vn -0.0494 -0.1176 -0.9918
vn -0.0514 -0.0937 -0.9943
vn -0.0539 -0.0862 -0.9948
vn -0.0568 -0.0934 -0.9940
vn -0.0603 -0.1160 -0.9914
vn -0.0649 -0.1590 -0.9851
vn -0.1532 -0.1189 -0.9810
vn -0.1589 -0.0955 -0.9827
vn -0.1658 -0.0886 -0.9822
vn -0.1730 -0.0965 -0.9802
vn -0.1806 -0.1187 -0.9764
vn -0.1895 -0.1599 -0.9688
vn -0.2730 -0.1203 -0.9545
vn -0.2816 -0.0981 -0.9545
vn -0.2916 -0.0924 -0.9521
vn -0.3011 -0.1017 -0.9482
vn -0.3092 -0.1234 -0.9430
vn -0.3169 -0.1614 -0.9346
vn 0.4217 -0.1573 -0.8930
vn 0.4219 -0.1194 -0.8987
vn 0.4321 -0.0996 -0.8963
vn 0.4432 -0.0960 -0.8913
vn 0.4515 -0.1077 -0.8857
vn 0.4567 -0.1302 -0.8801
vn 0.4585 -0.1657 -0.8731
vn 0.4548 -0.2161 -0.8640
vn 0.3341 -0.2260 -0.9150
vn 0.2070 -0.2317 -0.9505
vn 0.0729 -0.2345 -0.9694
vn -0.0729 -0.2345 -0.9694
vn -0.2070 -0.2317 -0.9505
vn -0.3341 -0.2260 -0.9150
vn -0.4548 -0.2161 -0.8640
vn -0.4585 -0.1657 -0.8731
vn -0.4567 -0.1302 -0.8801
vn -0.4515 -0.1077 -0.8857
vn -0.4432 -0.0960 -0.8913
vn -0.4321 -0.0996 -0.8963
vn -0.4219 -0.1194 -0.8987
vn -0.4217 -0.1573 -0.8930
vn -0.2725 -0.1631 -0.9482
vn -0.1528 -0.1645 -0.9745
vn -0.0492 -0.1646 -0.9851
vn 0.0492 -0.1646 -0.9851
vn 0.1528 -0.1645 -0.9745
vn 0.2725 -0.1631 -0.9482
vn -0.3807 0.0243 0.9244
vn -0.3536 0.0061 0.9354
vn -0.3351 -0.0194 0.9420
vn -0.3251 -0.0546 0.9441
vn -0.3220 -0.0999 0.9415
vn -0.3259 -0.1602 0.9317
vn -0.2207 0.0157 0.9752
vn -0.2032 -0.0000 0.9791
vn -0.1917 -0.0225 0.9812
vn -0.1865 -0.0546 0.9809
vn -0.1871 -0.0988 0.9774
vn -0.1944 -0.1612 0.9676
vn -0.0722 0.0108 0.9973
vn -0.0662 -0.0034 0.9978
vn -0.0624 -0.0243 0.9978
vn -0.0610 -0.0546 0.9966
vn -0.0622 -0.0982 0.9932
vn -0.0664 -0.1615 0.9846
vn 0.0722 0.0108 0.9973
vn 0.0662 -0.0034 0.9978
vn 0.0624 -0.0243 0.9978
vn 0.0610 -0.0546 0.9966
vn 0.0622 -0.0982 0.9932
vn 0.0664 -0.1615 0.9846
vn 0.2207 0.0157 0.9752
vn 0.2032 -0.0000 0.9791
vn 0.1917 -0.0225 0.9812
vn 0.1865 -0.0546 0.9809
vn 0.1871 -0.0988 0.9774
vn 0.1943 -0.1612 0.9676
vn 0.3807 0.0243 0.9244
vn 0.3536 0.0061 0.9354
vn 0.3351 -0.0194 0.9420
vn 0.3251 -0.0546 0.9441
vn 0.3220 -0.0999 0.9415
vn 0.3259 -0.1602 0.9317
vn -0.5958 0.0487 0.8016
vn -0.5562 0.0339 0.8304
vn -0.5246 0.0131 0.8512
vn -0.5017 -0.0158 0.8649
vn -0.4870 -0.0552 0.8717
vn -0.4785 -0.1027 0.8720
vn -0.4744 -0.1615 0.8654
vn -0.4703 -0.2312 0.8517
vn -0.3461 -0.2445 0.9058
vn -0.2146 -0.2521 0.9436
vn -0.0755 -0.2559 0.9638
vn 0.0755 -0.2559 0.9638
vn 0.2146 -0.2521 0.9436
vn 0.3461 -0.2445 0.9058
vn 0.4703 -0.2312 0.8517
vn 0.4744 -0.1615 0.8654
vn 0.4785 -0.1027 0.8720
vn 0.4870 -0.0552 0.8717
vn 0.5017 -0.0158 0.8649
vn 0.5246 0.0131 0.8512
vn 0.5562 0.0339 0.8304
vn 0.5958 0.0487 0.8016
vn 0.4165 0.0372 0.9084
vn 0.2448 0.0264 0.9692
vn 0.0806 0.0202 0.9965
vn -0.0806 0.0202 0.9965
vn -0.2448 0.0264 0.9692
vn -0.4165 0.0372 0.9084
vn -0.9337 -0.0070 -0.3580
vn -0.9786 0.0117 -0.2054
vn -0.9975 0.0207 -0.0669
vn -0.9975 0.0207 0.0669
vn -0.9786 0.0117 0.2054
vn -0.9337 -0.0070 0.3580
vn -0.9356 0.0428 -0.3504
vn -0.9782 0.0536 -0.2007
vn -0.9961 0.0587 -0.0653
vn -0.9961 0.0587 0.0653
vn -0.9782 0.0536 0.2007
vn -0.9356 0.0428 0.3504
vn -0.9316 0.1153 -0.3447
vn -0.9731 0.1178 -0.1978
vn -0.9909 0.1185 -0.0645
vn -0.9909 0.1185 0.0645
vn -0.9731 0.1178 0.1978
vn -0.9316 0.1153 0.3447
vn -0.9158 0.2150 -0.3393
vn -0.9579 0.2096 -0.1963
vn -0.9764 0.2061 -0.0645
vn -0.9764 0.2061 0.0645
vn -0.9579 0.2096 0.1963
vn -0.9158 0.2150 0.3393
vn -0.8824 0.3341 -0.3315
vn -0.9241 0.3288 -0.1948
vn -0.9434 0.3253 -0.0651
vn -0.9434 0.3253 0.0651
vn -0.9241 0.3288 0.1948
vn -0.8823 0.3341 0.3315
vn -0.8214 0.4734 -0.3180
vn -0.8583 0.4762 -0.1912
vn -0.8764 0.4771 -0.0656
vn -0.8764 0.4771 0.0656
vn -0.8583 0.4762 0.1912
vn -0.8214 0.4734 0.3180
vn -0.8360 -0.0815 -0.5426
vn -0.9287 -0.0397 -0.3686
vn -0.9771 -0.0121 -0.2123
vn -0.9976 0.0015 -0.0692
vn -0.9976 0.0015 0.0692
vn -0.9771 -0.0121 0.2123
vn -0.9287 -0.0397 0.3686
vn -0.8360 -0.0815 0.5426
vn -0.8467 -0.0357 0.5309
vn -0.8527 0.0257 0.5218
vn -0.8513 0.1098 0.5131
vn -0.8367 0.2207 0.5012
vn -0.8056 0.3430 0.4831
vn -0.7534 0.4746 0.4551
vn -0.6819 0.6029 0.4142
vn -0.7171 0.6283 0.3018
vn -0.7427 0.6432 0.1863
vn -0.7566 0.6506 0.0654
vn -0.7566 0.6506 -0.0654
vn -0.7427 0.6432 -0.1863
vn -0.7171 0.6283 -0.3018
vn -0.6819 0.6029 -0.4142
vn -0.7534 0.4746 -0.4551
vn -0.8056 0.3430 -0.4831
vn -0.8367 0.2207 -0.5012
vn -0.8513 0.1098 -0.5131
vn -0.8527 0.0257 -0.5218
vn -0.8467 -0.0357 -0.5309
vn 0.8622 0.0383 0.5051
vn 0.8472 0.0159 0.5311
vn 0.8346 -0.0166 0.5506
vn 0.8228 -0.0619 0.5649
vn 0.8096 -0.1197 0.5746
vn 0.7901 -0.1947 0.5813
vn 0.9478 0.0276 0.3176
vn 0.9429 0.0067 0.3331
vn 0.9385 -0.0244 0.3444
vn 0.9330 -0.0692 0.3533
vn 0.9232 -0.1305 0.3614
vn 0.9033 -0.2147 0.3714
vn 0.9936 0.0067 0.1129
vn 0.9932 -0.0107 0.1163
vn 0.9924 -0.0382 0.1170
vn 0.9900 -0.0796 0.1160
vn 0.9835 -0.1400 0.1148
vn 0.9670 -0.2272 0.1152
vn 0.9925 -0.0240 -0.1202
vn 0.9917 -0.0350 -0.1236
vn 0.9901 -0.0564 -0.1288
vn 0.9861 -0.0922 -0.1380
vn 0.9774 -0.1469 -0.1522
vn 0.9584 -0.2281 -0.1716
vn 0.9256 -0.0598 -0.3737
vn 0.9248 -0.0615 -0.3756
vn 0.9226 -0.0752 -0.3783
vn 0.9165 -0.1038 -0.3862
vn 0.9043 -0.1490 -0.4001
vn 0.8811 -0.2170 -0.4202
vn 0.7883 -0.0911 -0.6085
vn 0.7915 -0.0833 -0.6054
vn 0.7935 -0.0893 -0.6020
vn 0.7900 -0.1108 -0.6031
vn 0.7800 -0.1456 -0.6086
vn 0.7613 -0.1983 -0.6173
vn 0.7632 0.0550 0.6438
vn 0.7315 0.0397 0.6807
vn 0.7048 0.0173 0.7092
vn 0.6837 -0.0143 0.7296
vn 0.6673 -0.0575 0.7425
vn 0.6538 -0.1097 0.7487
vn 0.6409 -0.1735 0.7477
vn 0.6280 -0.2485 0.7374
vn 0.7469 -0.2918 0.5975
vn 0.8579 -0.3297 0.3941
vn 0.9279 -0.3525 0.1211
vn 0.9168 -0.3468 -0.1978
vn 0.8331 -0.3162 -0.4539
vn 0.7194 -0.2756 -0.6376
vn 0.6041 -0.2336 -0.7619
vn 0.6149 -0.1784 -0.7682
vn 0.6229 -0.1385 -0.7700
vn 0.6257 -0.1118 -0.7720
vn 0.6228 -0.0961 -0.7765
vn 0.6146 -0.0959 -0.7830
vn 0.6058 -0.1111 -0.7878
vn 0.6065 -0.1413 -0.7824
vn 0.7909 -0.1105 -0.6019
vn 0.9282 -0.0672 -0.3660
vn 0.9930 -0.0212 -0.1161
vn 0.9942 0.0160 0.1066
vn 0.9540 0.0404 0.2971
vn 0.8798 0.0529 0.4724
vn -0.2730 -0.1203 0.9545
vn -0.2816 -0.0981 0.9545
vn -0.2916 -0.0924 0.9521
vn -0.3010 -0.1017 0.9482
vn -0.3092 -0.1234 0.9430
vn -0.3169 -0.1614 0.9346
vn -0.1532 -0.1189 0.9810
vn -0.1589 -0.0955 0.9827
vn -0.1658 -0.0886 0.9822
vn -0.1730 -0.0965 0.9802
vn -0.1806 -0.1187 0.9764
vn -0.1895 -0.1599 0.9688
vn -0.0494 -0.1176 0.9918
vn -0.0514 -0.0937 0.9943
vn -0.0539 -0.0862 0.9948
vn -0.0568 -0.0934 0.9940
vn -0.0603 -0.1160 0.9914
vn -0.0649 -0.1590 0.9851
vn 0.0494 -0.1176 0.9918
vn 0.0514 -0.0937 0.9943
vn 0.0539 -0.0862 0.9948
vn 0.0568 -0.0934 0.9940
vn 0.0603 -0.1160 0.9914
vn 0.0649 -0.1590 0.9851
vn 0.1532 -0.1189 0.9810
vn 0.1589 -0.0955 0.9827
vn 0.1658 -0.0886 0.9822
vn 0.1730 -0.0965 0.9802
vn 0.1806 -0.1187 0.9764
vn 0.1895 -0.1599 0.9688
vn 0.2730 -0.1203 0.9545
vn 0.2816 -0.0981 0.9545
vn 0.2916 -0.0924 0.9521
vn 0.3011 -0.1017 0.9482
vn 0.3092 -0.1234 0.9430
vn 0.3169 -0.1614 0.9346
vn -0.4217 -0.1573 0.8930
vn -0.4219 -0.1194 0.8987
vn -0.4321 -0.0996 0.8963
vn -0.4432 -0.0960 0.8913
vn -0.4515 -0.1077 0.8857
vn -0.4567 -0.1302 0.8801
vn -0.4585 -0.1657 0.8731
vn -0.4548 -0.2161 0.8640
vn -0.3341 -0.2260 0.9150
vn -0.2070 -0.2317 0.9505
vn -0.0729 -0.2345 0.9694
vn 0.0729 -0.2345 0.9694
vn 0.2070 -0.2317 0.9505
vn 0.3341 -0.2260 0.9150
vn 0.4548 -0.2161 0.8640
vn 0.4585 -0.1657 0.8731
vn 0.4567 -0.1302 0.8801
vn 0.4515 -0.1077 0.8857
vn 0.4432 -0.0960 0.8913
vn 0.4321 -0.0996 0.8963
vn 0.4219 -0.1194 0.8987
vn 0.4217 -0.1573 0.8930
vn 0.2725 -0.1631 0.9482
vn 0.1528 -0.1645 0.9745
vn 0.0492 -0.1646 0.9851
vn -0.0492 -0.1646 0.9851
vn -0.1528 -0.1645 0.9745
vn -0.2725 -0.1631 0.9482
vn -0.8622 0.0383 -0.5051
vn -0.8472 0.0159 -0.5311
vn -0.8346 -0.0166 -0.5506
vn -0.8228 -0.0619 -0.5649
vn -0.8096 -0.1197 -0.5746
vn -0.7901 -0.1947 -0.5813
vn -0.9478 0.0276 -0.3176
vn -0.9429 0.0067 -0.3331
vn -0.9385 -0.0244 -0.3444
vn -0.9330 -0.0692 -0.3533
vn -0.9232 -0.1305 -0.3614
vn -0.9033 -0.2147 -0.3714
vn -0.9936 0.0067 -0.1129
vn -0.9932 -0.0107 -0.1163
vn -0.9924 -0.0382 -0.1170
vn -0.9900 -0.0796 -0.1160
vn -0.9835 -0.1400 -0.1148
vn -0.9670 -0.2272 -0.1152
vn -0.9925 -0.0240 0.1202
vn -0.9917 -0.0350 0.1236
vn -0.9901 -0.0564 0.1288
vn -0.9861 -0.0922 0.1380
vn -0.9774 -0.1469 0.1522
vn -0.9584 -0.2281 0.1716
vn -0.9256 -0.0598 0.3737
vn -0.9248 -0.0615 0.3756
vn -0.9226 -0.0752 0.3783
vn -0.9165 -0.1038 0.3862
vn -0.9043 -0.1490 0.4001
vn -0.8811 -0.2170 0.4202
vn -0.7883 -0.0911 0.6085
vn -0.7915 -0.0833 0.6054
vn -0.7935 -0.0893 0.6020
vn -0.7900 -0.1108 0.6031
vn -0.7800 -0.1456 0.6086
vn -0.7613 -0.1983 0.6173
vn -0.7632 0.0550 -0.6438
vn -0.7315 0.0397 -0.6807
vn -0.7048 0.0173 -0.7092
vn -0.6837 -0.0143 -0.7296
vn -0.6673 -0.0575 -0.7425
vn -0.6538 -0.1097 -0.7487
vn -0.6409 -0.1735 -0.7477
vn -0.6280 -0.2485 -0.7374
vn -0.7469 -0.2919 -0.5975
vn -0.8579 -0.3297 -0.3941
vn -0.9279 -0.3525 -0.1211
vn -0.9168 -0.3468 0.1978
vn -0.8331 -0.3162 0.4539
vn -0.7194 -0.2756 0.6376
vn -0.6041 -0.2336 0.7619
vn -0.6149 -0.1784 0.7682
vn -0.6229 -0.1385 0.7700
vn -0.6257 -0.1118 0.7720
vn -0.6228 -0.0961 0.7765
vn -0.6146 -0.0959 0.7830
vn -0.6058 -0.1111 0.7878
vn -0.6065 -0.1413 0.7824
vn -0.7909 -0.1105 0.6019
vn -0.9282 -0.0672 0.3660
vn -0.9930 -0.0212 0.1161
vn -0.9942 0.0160 -0.1066
vn -0.9540 0.0404 -0.2971
vn -0.8798 0.0529 -0.4724
vn -0.4796 -0.4430 -0.7574
vn -0.3078 -0.4948 -0.8127
vn -0.1097 -0.5245 -0.8443
vn 0.1097 -0.5245 -0.8443
vn 0.3078 -0.4948 -0.8127
vn 0.4796 -0.4430 -0.7574
vn -0.5887 -0.5685 -0.5747
vn -0.3879 -0.6705 -0.6325
vn -0.1383 -0.7324 -0.6667
vn 0.1383 -0.7324 -0.6667
vn 0.3879 -0.6705 -0.6325
vn 0.5887 -0.5685 -0.5747
vn -0.6843 -0.6788 -0.2665
vn -0.4633 -0.8351 -0.2967
vn -0.1664 -0.9345 -0.3148
vn 0.1664 -0.9345 -0.3148
vn 0.4633 -0.8351 -0.2967
vn 0.6843 -0.6788 -0.2665
vn -0.6983 -0.6984 0.1568
vn -0.4743 -0.8623 0.1775
vn -0.1706 -0.9668 0.1902
vn 0.1706 -0.9668 0.1902
vn 0.4743 -0.8623 0.1775
vn 0.6983 -0.6984 0.1568
vn -0.6148 -0.6078 0.5026
vn -0.4072 -0.7212 0.5604
vn -0.1455 -0.7905 0.5950
vn 0.1455 -0.7905 0.5950
vn 0.4072 -0.7212 0.5604
vn 0.6148 -0.6078 0.5026
vn -0.5027 -0.4815 0.7179
vn -0.3236 -0.5401 0.7769
vn -0.1154 -0.5740 0.8107
vn 0.1154 -0.5740 0.8107
vn 0.3236 -0.5401 0.7769
vn 0.5027 -0.4814 0.7180
vn -0.5151 -0.3004 -0.8027
vn -0.3876 -0.3258 -0.8623
vn -0.2458 -0.3464 -0.9053
vn -0.0878 -0.3582 -0.9295
vn 0.0878 -0.3582 -0.9295
vn 0.2458 -0.3463 -0.9053
vn 0.3876 -0.3258 -0.8623
vn 0.5151 -0.3004 -0.8027
vn 0.6237 -0.3683 -0.6895
vn 0.7376 -0.4435 -0.5093
vn 0.8305 -0.5065 -0.2317
vn 0.8441 -0.5187 0.1359
vn 0.7648 -0.4701 0.4406
vn 0.6502 -0.3975 0.6475
vn 0.5367 -0.3268 0.7779
vn 0.4049 -0.3563 0.8421
vn 0.2570 -0.3801 0.8885
vn 0.0917 -0.3939 0.9146
vn -0.0917 -0.3939 0.9146
vn -0.2570 -0.3801 0.8885
vn -0.4049 -0.3563 0.8421
vn -0.5367 -0.3268 0.7779
vn -0.6502 -0.3975 0.6475
vn -0.7648 -0.4701 0.4406
vn -0.8441 -0.5187 0.1359
vn -0.8305 -0.5065 -0.2316
vn -0.7376 -0.4435 -0.5093
vn -0.6237 -0.3683 -0.6895
vn -0.5027 -0.4815 -0.7179
vn -0.3236 -0.5401 -0.7769
vn -0.1154 -0.5740 -0.8107
vn 0.1154 -0.5740 -0.8107
vn 0.3236 -0.5401 -0.7769
vn 0.5027 -0.4815 -0.7179
vn -0.6148 -0.6078 -0.5026
vn -0.4072 -0.7212 -0.5604
vn -0.1455 -0.7905 -0.5950
vn 0.1455 -0.7905 -0.5950
vn 0.4072 -0.7212 -0.5604
vn 0.6148 -0.6078 -0.5026
vn -0.6983 -0.6984 -0.1568
vn -0.4743 -0.8623 -0.1775
vn -0.1706 -0.9668 -0.1902
vn 0.1706 -0.9668 -0.1902
vn 0.4743 -0.8623 -0.1775
vn 0.6983 -0.6984 -0.1568
vn -0.6843 -0.6788 0.2665
vn -0.4633 -0.8351 0.2967
vn -0.1664 -0.9345 0.3148
vn 0.1664 -0.9345 0.3148
vn 0.4633 -0.8351 0.2967
vn 0.6843 -0.6788 0.2665
vn -0.5887 -0.5685 0.5747
vn -0.3879 -0.6705 0.6325
vn -0.1383 -0.7324 0.6667
vn 0.1383 -0.7324 0.6667
vn 0.3879 -0.6705 0.6325
vn 0.5887 -0.5685 0.5747
vn -0.4796 -0.4430 0.7574
vn -0.3078 -0.4948 0.8127
vn -0.1097 -0.5245 0.8443
vn 0.1097 -0.5245 0.8443
vn 0.3078 -0.4948 0.8127
vn 0.4796 -0.4430 0.7574
vn -0.5367 -0.3268 -0.7779
vn -0.4049 -0.3563 -0.8421
vn -0.2570 -0.3801 -0.8885
vn -0.0917 -0.3939 -0.9146
vn 0.0917 -0.3939 -0.9146
vn 0.2570 -0.3801 -0.8885
vn 0.4049 -0.3563 -0.8421
vn 0.5367 -0.3268 -0.7779
vn 0.6502 -0.3975 -0.6475
vn 0.7648 -0.4701 -0.4406
vn 0.8441 -0.5187 -0.1359
vn 0.8305 -0.5065 0.2317
vn 0.7376 -0.4435 0.5093
vn 0.6237 -0.3683 0.6895
vn 0.5151 -0.3004 0.8027
vn 0.3876 -0.3258 0.8623
vn 0.2458 -0.3463 0.9053
vn 0.0878 -0.3582 0.9295
vn -0.0878 -0.3582 0.9295
vn -0.2458 -0.3463 0.9053
vn -0.3876 -0.3258 0.8623
vn -0.5151 -0.3004 0.8027
vn -0.6237 -0.3683 0.6895
vn -0.7376 -0.4435 0.5093
vn -0.8305 -0.5065 0.2316
vn -0.8441 -0.5187 -0.1359
vn -0.7648 -0.4701 -0.4406
vn -0.6502 -0.3975 -0.6475
vn 0.9337 -0.0070 0.3580
vn 0.9786 0.0117 0.2054
vn 0.9975 0.0207 0.0669
vn 0.9975 0.0207 -0.0669
vn 0.9786 0.0117 -0.2054
vn 0.9337 -0.0070 -0.3580
vn 0.9356 0.0428 0.3504
vn 0.9782 0.0536 0.2007
vn 0.9961 0.0587 0.0653
vn 0.9961 0.0587 -0.0653
vn 0.9782 0.0536 -0.2007
vn 0.9356 0.0428 -0.3504
vn 0.9316 0.1153 0.3447
vn 0.9731 0.1178 0.1978
vn 0.9909 0.1185 0.0645
vn 0.9909 0.1185 -0.0645
vn 0.9731 0.1178 -0.1978
vn 0.9316 0.1153 -0.3447
vn 0.9158 0.2150 0.3393
vn 0.9579 0.2096 0.1963
vn 0.9764 0.2061 0.0645
vn 0.9764 0.2061 -0.0645
vn 0.9579 0.2096 -0.1963
vn 0.9158 0.2150 -0.3393
vn 0.8823 0.3341 0.3315
vn 0.9241 0.3288 0.1948
vn 0.9434 0.3253 0.0651
vn 0.9434 0.3253 -0.0651
vn 0.9241 0.3288 -0.1948
vn 0.8823 0.3341 -0.3315
vn 0.8214 0.4734 0.3180
vn 0.8583 0.4762 0.1912
vn 0.8764 0.4771 0.0656
vn 0.8764 0.4771 -0.0656
vn 0.8583 0.4762 -0.1912
vn 0.8214 0.4734 -0.3180
vn 0.8360 -0.0815 0.5426
vn 0.9287 -0.0397 0.3686
vn 0.9771 -0.0121 0.2123
vn 0.9976 0.0015 0.0692
vn 0.9976 0.0015 -0.0692
vn 0.9771 -0.0121 -0.2123
vn 0.9287 -0.0397 -0.3686
vn 0.8360 -0.0815 -0.5426
vn 0.8467 -0.0357 -0.5308
vn 0.8527 0.0257 -0.5218
vn 0.8513 0.1098 -0.5131
vn 0.8367 0.2207 -0.5012
vn 0.8056 0.3430 -0.4831
vn 0.7534 0.4746 -0.4551
vn 0.6819 0.6029 -0.4142
vn 0.7171 0.6283 -0.3018
vn 0.7427 0.6432 -0.1863
vn 0.7566 0.6506 -0.0654
vn 0.7566 0.6506 0.0654
vn 0.7427 0.6432 0.1863
vn 0.7171 0.6283 0.3018
vn 0.6819 0.6029 0.4142
vn 0.7534 0.4746 0.4551
vn 0.8056 0.3430 0.4831
vn 0.8367 0.2207 0.5012
vn 0.8513 0.1098 0.5131
vn 0.8527 0.0257 0.5218
vn 0.8467 -0.0357 0.5309
vn 0.8561 -0.0197 0.5164
vn 0.9506 -0.0065 0.3104
vn 0.9947 -0.0007 0.1031
vn 0.9947 -0.0007 -0.1031
vn 0.9506 -0.0065 -0.3104
vn 0.8561 -0.0197 -0.5164
vn 0.8612 -0.0480 0.5061
vn 0.9533 -0.0161 0.3016
vn 0.9950 -0.0017 0.0996
vn 0.9950 -0.0017 -0.0996
vn 0.9533 -0.0161 -0.3016
vn 0.8612 -0.0480 -0.5061
vn 0.8732 -0.0690 0.4824
vn 0.9579 -0.0236 0.2860
vn 0.9955 -0.0025 0.0942
vn 0.9955 -0.0025 -0.0942
vn 0.9579 -0.0236 -0.2860
vn 0.8732 -0.0690 -0.4824
vn 0.8874 -0.0801 0.4540
vn 0.9630 -0.0280 0.2679
vn 0.9961 -0.0030 0.0881
vn 0.9961 -0.0030 -0.0881
vn 0.9630 -0.0280 -0.2679
vn 0.8874 -0.0801 -0.4540
vn 0.9008 -0.0813 0.4265
vn 0.9678 -0.0288 0.2502
vn 0.9966 -0.0032 0.0821
vn 0.9966 -0.0032 -0.0821
vn 0.9678 -0.0288 -0.2502
vn 0.9008 -0.0813 -0.4265
vn 0.9124 -0.0738 0.4027
vn 0.9717 -0.0263 0.2346
vn 0.9970 -0.0029 0.0769
vn 0.9970 -0.0029 -0.0769
vn 0.9717 -0.0263 -0.2346
vn 0.9124 -0.0738 -0.4027
vn 0.7270 0.0241 0.6862
vn 0.8630 0.0110 0.5050
vn 0.9514 0.0036 0.3078
vn 0.9946 0.0004 0.1033
vn 0.9946 0.0004 -0.1033
vn 0.9514 0.0036 -0.3078
vn 0.8630 0.0110 -0.5050
vn 0.7270 0.0241 -0.6862
vn 0.7058 -0.0419 -0.7072
vn 0.7101 -0.0994 -0.6971
vn 0.7297 -0.1390 -0.6695
vn 0.7548 -0.1582 -0.6366
vn 0.7798 -0.1586 -0.6056
vn 0.8023 -0.1435 -0.5795
vn 0.8212 -0.1168 -0.5586
vn 0.9217 -0.0598 -0.3833
vn 0.9748 -0.0213 -0.2219
vn 0.9974 -0.0024 -0.0725
vn 0.9974 -0.0024 0.0725
vn 0.9748 -0.0213 0.2219
vn 0.9217 -0.0598 0.3833
vn 0.8212 -0.1168 0.5586
vn 0.8023 -0.1435 0.5795
vn 0.7798 -0.1586 0.6056
vn 0.7548 -0.1582 0.6366
vn 0.7297 -0.1390 0.6695
vn 0.7101 -0.0994 0.6971
vn 0.7058 -0.0419 0.7072
vn 0.3406 -0.1024 -0.9346
vn 0.1915 -0.1279 -0.9731
vn 0.0616 -0.1425 -0.9879
vn -0.0616 -0.1425 -0.9879
vn -0.1915 -0.1279 -0.9731
vn -0.3406 -0.1024 -0.9346
vn 0.3381 -0.2216 -0.9146
vn 0.1886 -0.2655 -0.9455
vn 0.0604 -0.2888 -0.9555
vn -0.0604 -0.2888 -0.9555
vn -0.1886 -0.2655 -0.9455
vn -0.3381 -0.2216 -0.9146
vn 0.3561 -0.2914 -0.8878
vn 0.2001 -0.3402 -0.9188
vn 0.0643 -0.3648 -0.9288
vn -0.0643 -0.3648 -0.9289
vn -0.2001 -0.3402 -0.9188
vn -0.3561 -0.2914 -0.8878
vn 0.3830 -0.3208 -0.8663
vn 0.2179 -0.3698 -0.9032
vn 0.0705 -0.3939 -0.9164
vn -0.0705 -0.3939 -0.9164
vn -0.2179 -0.3698 -0.9032
vn -0.3830 -0.3208 -0.8663
vn 0.4126 -0.3187 -0.8533
vn 0.2379 -0.3664 -0.8995
vn 0.0775 -0.3896 -0.9177
vn -0.0775 -0.3896 -0.9177
vn -0.2379 -0.3664 -0.8995
vn -0.4126 -0.3187 -0.8533
vn 0.4422 -0.2912 -0.8483
vn 0.2584 -0.3363 -0.9056
vn 0.0847 -0.3583 -0.9297
vn -0.0847 -0.3583 -0.9297
vn -0.2584 -0.3363 -0.9056
vn -0.4422 -0.2912 -0.8483
vn 0.5521 0.0432 -0.8327
vn 0.3800 0.0654 -0.9227
vn 0.2222 0.0861 -0.9712
vn 0.0732 0.0991 -0.9924
vn -0.0732 0.0991 -0.9924
vn -0.2222 0.0861 -0.9712
vn -0.3800 0.0654 -0.9227
vn -0.5521 0.0432 -0.8327
vn -0.5165 -0.0718 -0.8533
vn -0.5171 -0.1629 -0.8403
vn -0.5389 -0.2210 -0.8128
vn -0.5695 -0.2472 -0.7840
vn -0.6017 -0.2464 -0.7598
vn -0.6325 -0.2238 -0.7415
vn -0.6599 -0.1842 -0.7284
vn -0.4701 -0.2427 -0.8486
vn -0.2783 -0.2828 -0.9179
vn -0.0919 -0.3028 -0.9486
vn 0.0919 -0.3028 -0.9486
vn 0.2783 -0.2828 -0.9179
vn 0.4701 -0.2427 -0.8486
vn 0.6599 -0.1842 -0.7284
vn 0.6325 -0.2238 -0.7415
vn 0.6017 -0.2464 -0.7597
vn 0.5695 -0.2472 -0.7840
vn 0.5389 -0.2210 -0.8128
vn 0.5171 -0.1629 -0.8403
vn 0.5165 -0.0718 -0.8533
vn -0.5123 -0.1054 0.8523
vn -0.3098 -0.1299 0.9419
vn -0.1034 -0.1425 0.9844
vn 0.1034 -0.1425 0.9844
vn 0.3098 -0.1299 0.9419
vn 0.5123 -0.1054 0.8523
vn -0.5246 -0.0192 0.8511
vn -0.3195 -0.0360 0.9469
vn -0.1070 -0.0449 0.9932
vn 0.1070 -0.0449 0.9932
vn 0.3195 -0.0360 0.9469
vn 0.5246 -0.0192 0.8511
vn -0.5306 0.0890 0.8430
vn -0.3253 0.0789 0.9423
vn -0.1095 0.0731 0.9913
vn 0.1095 0.0731 0.9913
vn 0.3253 0.0789 0.9423
vn 0.5306 0.0890 0.8430
vn -0.5275 0.2242 0.8194
vn -0.3265 0.2215 0.9189
vn -0.1109 0.2189 0.9694
vn 0.1109 0.2189 0.9694
vn 0.3265 0.2215 0.9189
vn 0.5275 0.2242 0.8194
vn -0.5115 0.3731 0.7740
vn -0.3203 0.3855 0.8653
vn -0.1106 0.3914 0.9136
vn 0.1106 0.3914 0.9136
vn 0.3203 0.3855 0.8653
vn 0.5115 0.3731 0.7740
vn -0.4793 0.5305 0.6992
vn -0.3035 0.5606 0.7705
vn -0.1072 0.5771 0.8096
vn 0.1072 0.5771 0.8096
vn 0.3035 0.5606 0.7705
vn 0.4793 0.5305 0.6992
vn -0.6825 -0.1325 0.7188
vn -0.4940 -0.1784 0.8510
vn -0.2961 -0.2108 0.9316
vn -0.0983 -0.2273 0.9688
vn 0.0983 -0.2273 0.9688
vn 0.2961 -0.2108 0.9316
vn 0.4940 -0.1784 0.8510
vn 0.6825 -0.1325 0.7188
vn 0.6992 -0.0718 0.7113
vn 0.7099 0.0031 0.7043
vn 0.7127 0.1005 0.6942
vn 0.7032 0.2244 0.6746
vn 0.6784 0.3572 0.6420
vn 0.6350 0.4951 0.5929
vn 0.5727 0.6249 0.5305
vn 0.4376 0.6827 0.5852
vn 0.2802 0.7251 0.6291
vn 0.1006 0.7492 0.6546
vn -0.1006 0.7492 0.6546
vn -0.2802 0.7251 0.6291
vn -0.4376 0.6827 0.5852
vn -0.5727 0.6249 0.5305
vn -0.6350 0.4951 0.5929
vn -0.6784 0.3572 0.6420
vn -0.7032 0.2244 0.6746
vn -0.7127 0.1005 0.6942
vn -0.7099 0.0031 0.7043
vn -0.6992 -0.0718 0.7113
vn 0.5123 -0.1054 -0.8523
vn 0.3098 -0.1299 -0.9419
vn 0.1034 -0.1425 -0.9844
vn -0.1034 -0.1425 -0.9844
vn -0.3098 -0.1299 -0.9419
vn -0.5123 -0.1054 -0.8523
vn 0.5246 -0.0192 -0.8511
vn 0.3195 -0.0360 -0.9469
vn 0.1070 -0.0449 -0.9932
vn -0.1070 -0.0449 -0.9932
vn -0.3195 -0.0360 -0.9469
vn -0.5246 -0.0192 -0.8511
vn 0.5306 0.0890 -0.8430
vn 0.3253 0.0789 -0.9423
vn 0.1095 0.0731 -0.9913
vn -0.1095 0.0731 -0.9913
vn -0.3253 0.0789 -0.9423
vn -0.5306 0.0890 -0.8430
vn 0.5275 0.2242 -0.8194
vn 0.3265 0.2215 -0.9189
vn 0.1109 0.2189 -0.9694
vn -0.1109 0.2189 -0.9694
vn -0.3265 0.2215 -0.9189
vn -0.5275 0.2242 -0.8194
vn 0.5115 0.3731 -0.7740
vn 0.3203 0.3855 -0.8653
vn 0.1106 0.3914 -0.9136
vn -0.1106 0.3914 -0.9136
vn -0.3203 0.3855 -0.8653
vn -0.5115 0.3731 -0.7740
vn 0.4793 0.5305 -0.6992
vn 0.3035 0.5606 -0.7705
vn 0.1072 0.5771 -0.8096
vn -0.1072 0.5771 -0.8096
vn -0.3035 0.5606 -0.7705
vn -0.4793 0.5305 -0.6992
vn 0.6825 -0.1325 -0.7188
vn 0.4940 -0.1784 -0.8510
vn 0.2961 -0.2108 -0.9316
vn 0.0983 -0.2273 -0.9688
vn -0.0983 -0.2273 -0.9688
vn -0.2961 -0.2108 -0.9316
vn -0.4940 -0.1784 -0.8510
vn -0.6825 -0.1325 -0.7188
vn -0.6992 -0.0718 -0.7113
vn -0.7099 0.0031 -0.7043
vn -0.7127 0.1005 -0.6942
vn -0.7032 0.2244 -0.6746
vn -0.6784 0.3572 -0.6420
vn -0.6350 0.4951 -0.5929
vn -0.5727 0.6249 -0.5305
vn -0.4376 0.6827 -0.5852
vn -0.2802 0.7251 -0.6291
vn -0.1006 0.7492 -0.6546
vn 0.1006 0.7492 -0.6546
vn 0.2802 0.7251 -0.6291
vn 0.4376 0.6827 -0.5852
vn 0.5727 0.6249 -0.5305
vn 0.6350 0.4951 -0.5929
vn 0.6784 0.3572 -0.6420
vn 0.7032 0.2244 -0.6746
vn 0.7127 0.1005 -0.6942
vn 0.7099 0.0031 -0.7043
vn 0.6992 -0.0718 -0.7113
vn 0.3807 0.0243 -0.9244
vn 0.3536 0.0061 -0.9354
vn 0.3351 -0.0194 -0.9420
vn 0.3251 -0.0546 -0.9441
vn 0.3220 -0.0999 -0.9415
vn 0.3259 -0.1602 -0.9317
vn 0.2207 0.0157 -0.9752
vn 0.2032 -0.0000 -0.9791
vn 0.1917 -0.0225 -0.9812
vn 0.1865 -0.0546 -0.9809
vn 0.1871 -0.0988 -0.9774
vn 0.1943 -0.1612 -0.9676
vn 0.0722 0.0108 -0.9973
vn 0.0662 -0.0034 -0.9978
vn 0.0624 -0.0243 -0.9978
vn 0.0610 -0.0546 -0.9966
vn 0.0622 -0.0982 -0.9932
vn 0.0664 -0.1615 -0.9846
vn -0.0722 0.0108 -0.9973
vn -0.0662 -0.0034 -0.9978
vn -0.0624 -0.0243 -0.9978
vn -0.0610 -0.0546 -0.9966
vn -0.0622 -0.0982 -0.9932
vn -0.0664 -0.1615 -0.9846
vn -0.2207 0.0157 -0.9752
vn -0.2032 -0.0000 -0.9791
vn -0.1917 -0.0225 -0.9812
vn -0.1865 -0.0546 -0.9809
vn -0.1871 -0.0988 -0.9774
vn -0.1944 -0.1612 -0.9676
vn -0.3807 0.0243 -0.9244
vn -0.3536 0.0061 -0.9354
vn -0.3351 -0.0194 -0.9420
vn -0.3251 -0.0546 -0.9441
vn -0.3220 -0.0999 -0.9415
vn -0.3259 -0.1602 -0.9317
vn 0.5958 0.0487 -0.8016
vn 0.5562 0.0339 -0.8304
vn 0.5246 0.0131 -0.8512
vn 0.5017 -0.0158 -0.8649
vn 0.4870 -0.0552 -0.8717
vn 0.4785 -0.1027 -0.8720
vn 0.4744 -0.1615 -0.8654
vn 0.4703 -0.2312 -0.8517
vn 0.3461 -0.2445 -0.9058
vn 0.2146 -0.2521 -0.9436
vn 0.0755 -0.2559 -0.9638
vn -0.0755 -0.2559 -0.9638
vn -0.2146 -0.2521 -0.9436
vn -0.3461 -0.2445 -0.9058
vn -0.4703 -0.2312 -0.8517
vn -0.4744 -0.1615 -0.8654
vn -0.4785 -0.1027 -0.8720
vn -0.4870 -0.0552 -0.8717
vn -0.5017 -0.0158 -0.8649
vn -0.5246 0.0131 -0.8512
vn -0.5562 0.0339 -0.8304
vn -0.5958 0.0487 -0.8016
vn -0.4165 0.0372 -0.9084
vn -0.2448 0.0264 -0.9692
vn -0.0806 0.0202 -0.9965
vn 0.0806 0.0202 -0.9965
vn 0.2448 0.0264 -0.9692
vn 0.4165 0.0372 -0.9084
vn 0.4549 0.8896 -0.0415
vn 0.2703 0.9624 -0.0285
vn 0.0895 0.9958 -0.0208
vn -0.0895 0.9958 -0.0208
vn -0.2703 0.9624 -0.0285
vn -0.4549 0.8896 -0.0415
vn 0.4126 0.9108 -0.0170
vn 0.2412 0.9705 -0.0078
vn 0.0792 0.9969 -0.0026
vn -0.0792 0.9969 -0.0026
vn -0.2411 0.9705 -0.0078
vn -0.4126 0.9108 -0.0170
vn 0.3815 0.9243 0.0105
vn 0.2210 0.9751 0.0158
vn 0.0724 0.9972 0.0187
vn -0.0724 0.9972 0.0187
vn -0.2210 0.9751 0.0158
vn -0.3815 0.9243 0.0105
vn 0.3624 0.9310 0.0432
vn 0.2101 0.9766 0.0449
vn 0.0691 0.9966 0.0457
vn -0.0691 0.9966 0.0457
vn -0.2101 0.9766 0.0449
vn -0.3624 0.9310 0.0432
vn 0.3540 0.9317 0.0811
vn 0.2076 0.9748 0.0814
vn 0.0693 0.9943 0.0814
vn -0.0693 0.9943 0.0814
vn -0.2076 0.9748 0.0814
vn -0.3540 0.9317 0.0811
vn 0.3557 0.9257 0.1287
vn 0.2140 0.9681 0.1304
vn 0.0735 0.9886 0.1311
vn -0.0735 0.9886 0.1311
vn -0.2140 0.9681 0.1304
vn -0.3557 0.9257 0.1287
vn 0.6883 0.7208 -0.0813
vn 0.5066 0.8597 -0.0657
vn 0.3084 0.9500 -0.0486
vn 0.1034 0.9939 -0.0380
vn -0.1034 0.9939 -0.0380
vn -0.3084 0.9500 -0.0486
vn -0.5066 0.8597 -0.0657
vn -0.6883 0.7208 -0.0813
vn -0.6389 0.7674 -0.0547
vn -0.5943 0.8038 -0.0269
vn -0.5585 0.8295 0.0045
vn -0.5331 0.8450 0.0414
vn -0.5178 0.8516 0.0817
vn -0.5104 0.8503 0.1282
vn -0.5057 0.8433 0.1819
vn -0.3764 0.9059 0.1940
vn -0.2354 0.9508 0.2014
vn -0.0833 0.9752 0.2052
vn 0.0833 0.9752 0.2052
vn 0.2354 0.9508 0.2014
vn 0.3764 0.9059 0.1940
vn 0.5057 0.8433 0.1819
vn 0.5104 0.8503 0.1282
vn 0.5178 0.8516 0.0817
vn 0.5331 0.8450 0.0414
vn 0.5585 0.8295 0.0045
vn 0.5943 0.8038 -0.0269
vn 0.6389 0.7674 -0.0547
vn -0.5100 0.0213 -0.8599
vn -0.5561 -0.0265 -0.8307
vn -0.5895 -0.1048 -0.8010
vn -0.6003 -0.2170 -0.7698
vn -0.5818 -0.3529 -0.7327
vn -0.5381 -0.5064 -0.6738
vn -0.3113 0.0084 -0.9503
vn -0.3458 -0.0404 -0.9374
vn -0.3711 -0.1214 -0.9206
vn -0.3784 -0.2383 -0.8945
vn -0.3625 -0.3817 -0.8502
vn -0.3286 -0.5433 -0.7726
vn -0.1045 0.0007 -0.9945
vn -0.1172 -0.0485 -0.9919
vn -0.1266 -0.1303 -0.9834
vn -0.1291 -0.2483 -0.9600
vn -0.1228 -0.3941 -0.9108
vn -0.1101 -0.5585 -0.8221
vn 0.1045 0.0007 -0.9945
vn 0.1172 -0.0485 -0.9919
vn 0.1266 -0.1303 -0.9834
vn 0.1291 -0.2483 -0.9600
vn 0.1228 -0.3941 -0.9108
vn 0.1101 -0.5585 -0.8221
vn 0.3113 0.0084 -0.9503
vn 0.3458 -0.0404 -0.9374
vn 0.3711 -0.1214 -0.9206
vn 0.3784 -0.2383 -0.8945
vn 0.3625 -0.3817 -0.8502
vn 0.3286 -0.5433 -0.7726
vn 0.5100 0.0213 -0.8599
vn 0.5561 -0.0265 -0.8307
vn 0.5895 -0.1048 -0.8010
vn 0.6003 -0.2170 -0.7698
vn 0.5818 -0.3529 -0.7327
vn 0.5381 -0.5064 -0.6738
vn -0.6419 0.0538 -0.7649
vn -0.6912 0.0344 -0.7218
vn -0.7351 -0.0106 -0.6779
vn -0.7663 -0.0824 -0.6372
vn -0.7776 -0.1834 -0.6014
vn -0.7630 -0.3031 -0.5709
vn -0.7240 -0.4392 -0.5319
vn -0.6676 -0.5799 -0.4669
vn -0.4804 -0.6611 -0.5763
vn -0.2868 -0.7046 -0.6491
vn -0.0951 -0.7226 -0.6847
vn 0.0951 -0.7226 -0.6847
vn 0.2868 -0.7046 -0.6491
vn 0.4804 -0.6611 -0.5763
vn 0.6676 -0.5799 -0.4669
vn 0.7240 -0.4392 -0.5319
vn 0.7630 -0.3031 -0.5709
vn 0.7776 -0.1834 -0.6014
vn 0.7663 -0.0824 -0.6372
vn 0.7351 -0.0106 -0.6779
vn 0.6912 0.0344 -0.7218
vn 0.6419 0.0538 -0.7649
vn 0.4605 0.0414 -0.8867
vn 0.2755 0.0291 -0.9609
vn 0.0915 0.0218 -0.9956
vn -0.0915 0.0218 -0.9956
vn -0.2755 0.0291 -0.9609
vn -0.4605 0.0414 -0.8867
vn -0.5476 -0.7400 -0.3906
vn -0.6744 -0.5436 -0.4997
vn -0.7792 -0.2150 -0.5887
vn -0.7792 0.2150 -0.5887
vn -0.6744 0.5436 -0.4997
vn -0.5476 0.7400 -0.3906
vn -0.3610 -0.8177 -0.4484
vn -0.4669 -0.6309 -0.6196
vn -0.5686 -0.2593 -0.7807
vn -0.5686 0.2593 -0.7807
vn -0.4669 0.6309 -0.6197
vn -0.3610 0.8177 -0.4484
vn -0.1308 -0.8653 -0.4838
vn -0.1725 -0.6909 -0.7020
vn -0.2175 -0.2939 -0.9307
vn -0.2175 0.2939 -0.9307
vn -0.1725 0.6909 -0.7020
vn -0.1308 0.8653 -0.4838
vn 0.1308 -0.8653 -0.4838
vn 0.1725 -0.6909 -0.7020
vn 0.2175 -0.2939 -0.9307
vn 0.2175 0.2939 -0.9307
vn 0.1725 0.6909 -0.7020
vn 0.1308 0.8653 -0.4838
vn 0.3610 -0.8177 -0.4484
vn 0.4669 -0.6309 -0.6197
vn 0.5686 -0.2593 -0.7807
vn 0.5686 0.2593 -0.7807
vn 0.4669 0.6309 -0.6196
vn 0.3610 0.8177 -0.4484
vn 0.5476 -0.7400 -0.3906
vn 0.6744 -0.5436 -0.4997
vn 0.7792 -0.2150 -0.5887
vn 0.7792 0.2150 -0.5887
vn 0.6744 0.5436 -0.4997
vn 0.5476 0.7400 -0.3906
vn -0.5745 -0.7763 -0.2596
vn -0.6902 -0.6517 -0.3145
vn -0.8067 -0.4591 -0.3720
vn -0.8928 -0.1765 -0.4146
vn -0.8928 0.1765 -0.4146
vn -0.8067 0.4591 -0.3720
vn -0.6902 0.6517 -0.3145
vn -0.5745 0.7763 -0.2596
vn -0.4400 0.8509 -0.2870
vn -0.2830 0.9077 -0.3098
vn -0.1019 0.9408 -0.3233
vn 0.1019 0.9408 -0.3233
vn 0.2830 0.9077 -0.3098
vn 0.4400 0.8509 -0.2870
vn 0.5745 0.7763 -0.2596
vn 0.6902 0.6517 -0.3145
vn 0.8067 0.4591 -0.3720
vn 0.8928 0.1765 -0.4146
vn 0.8928 -0.1765 -0.4146
vn 0.8067 -0.4591 -0.3720
vn 0.6902 -0.6517 -0.3145
vn 0.5745 -0.7763 -0.2596
vn 0.4400 -0.8509 -0.2870
vn 0.2830 -0.9077 -0.3097
vn 0.1019 -0.9408 -0.3233
vn -0.1019 -0.9408 -0.3233
vn -0.2830 -0.9077 -0.3098
vn -0.4400 -0.8509 -0.2870
vn 0.3875 -0.8592 -0.3340
vn 0.2249 -0.9050 -0.3610
vn 0.0737 -0.9247 -0.3736
vn -0.0737 -0.9247 -0.3736
vn -0.2249 -0.9050 -0.3610
vn -0.3875 -0.8592 -0.3340
vn 0.3655 -0.8966 -0.2498
vn 0.2119 -0.9407 -0.2649
vn 0.0696 -0.9599 -0.2714
vn -0.0696 -0.9599 -0.2714
vn -0.2119 -0.9407 -0.2649
vn -0.3655 -0.8966 -0.2498
vn 0.3555 -0.9144 -0.1935
vn 0.2072 -0.9575 -0.2005
vn 0.0685 -0.9768 -0.2030
vn -0.0685 -0.9768 -0.2030
vn -0.2072 -0.9575 -0.2005
vn -0.3555 -0.9144 -0.1935
vn 0.3538 -0.9213 -0.1615
vn 0.2084 -0.9644 -0.1627
vn 0.0696 -0.9843 -0.1624
vn -0.0696 -0.9843 -0.1624
vn -0.2084 -0.9644 -0.1627
vn -0.3538 -0.9213 -0.1615
vn 0.3566 -0.9223 -0.1490
vn 0.2127 -0.9659 -0.1478
vn 0.0720 -0.9866 -0.1466
vn -0.0720 -0.9866 -0.1466
vn -0.2127 -0.9659 -0.1478
vn -0.3566 -0.9223 -0.1490
vn 0.3620 -0.9186 -0.1588
vn 0.2195 -0.9625 -0.1592
vn 0.0757 -0.9843 -0.1592
vn -0.0757 -0.9843 -0.1592
vn -0.2195 -0.9625 -0.1592
vn -0.3620 -0.9186 -0.1588
vn 0.6097 -0.6984 -0.3749
vn 0.4259 -0.7862 -0.4477
vn 0.2497 -0.8330 -0.4937
vn 0.0821 -0.8528 -0.5157
vn -0.0821 -0.8528 -0.5157
vn -0.2497 -0.8330 -0.4937
vn -0.4259 -0.7862 -0.4477
vn -0.6097 -0.6984 -0.3749
vn -0.5654 -0.7726 -0.2887
vn -0.5372 -0.8135 -0.2228
vn -0.5213 -0.8344 -0.1789
vn -0.5137 -0.8437 -0.1560
vn -0.5113 -0.8464 -0.1487
vn -0.5111 -0.8447 -0.1591
vn -0.5079 -0.8402 -0.1901
vn -0.3786 -0.9034 -0.2014
vn -0.2369 -0.9489 -0.2086
vn -0.0838 -0.9736 -0.2124
vn 0.0838 -0.9736 -0.2124
vn 0.2369 -0.9489 -0.2086
vn 0.3786 -0.9034 -0.2014
vn 0.5079 -0.8402 -0.1901
vn 0.5111 -0.8447 -0.1591
vn 0.5113 -0.8464 -0.1487
vn 0.5137 -0.8437 -0.1560
vn 0.5213 -0.8344 -0.1789
vn 0.5372 -0.8135 -0.2228
vn 0.5654 -0.7726 -0.2887
vn -0.8771 -0.4554 -0.1525
vn -0.9589 -0.2703 -0.0862
vn -0.9957 -0.0876 -0.0304
vn -0.9962 0.0860 0.0120
vn -0.9667 0.2527 0.0408
vn -0.9052 0.4211 0.0568
vn -0.8601 -0.4931 -0.1306
vn -0.9521 -0.2950 -0.0811
vn -0.9947 -0.0957 -0.0381
vn -0.9955 0.0948 -0.0049
vn -0.9605 0.2778 0.0175
vn -0.8876 0.4597 0.0298
vn -0.8462 -0.5191 -0.1201
vn -0.9454 -0.3145 -0.0853
vn -0.9932 -0.1030 -0.0538
vn -0.9943 0.1027 -0.0291
vn -0.9538 0.3003 -0.0124
vn -0.8700 0.4930 -0.0034
vn -0.8335 -0.5386 -0.1234
vn -0.9379 -0.3318 -0.1012
vn -0.9906 -0.1105 -0.0801
vn -0.9919 0.1105 -0.0629
vn -0.9456 0.3212 -0.0513
vn -0.8527 0.5205 -0.0445
vn -0.8208 -0.5540 -0.1390
vn -0.9281 -0.3487 -0.1304
vn -0.9855 -0.1194 -0.1202
vn -0.9868 0.1192 -0.1099
vn -0.9346 0.3411 -0.1008
vn -0.8353 0.5419 -0.0927
vn -0.8057 -0.5669 -0.1716
vn -0.9128 -0.3672 -0.1788
vn -0.9748 -0.1307 -0.1810
vn -0.9757 0.1305 -0.1763
vn -0.9170 0.3627 -0.1659
vn -0.8148 0.5595 -0.1518
vn -0.7799 -0.5604 -0.2788
vn -0.8977 -0.4010 -0.1824
vn -0.9662 -0.2383 -0.0983
vn -0.9965 -0.0780 -0.0294
vn -0.9968 0.0764 0.0230
vn -0.9723 0.2260 0.0589
vn -0.9218 0.3793 0.0798
vn -0.8332 0.5460 0.0872
vn -0.7998 0.5971 0.0613
vn -0.7665 0.6414 0.0325
vn -0.7365 0.6765 -0.0013
vn -0.7113 0.7017 -0.0418
vn -0.6912 0.7175 -0.0864
vn -0.6751 0.7248 -0.1373
vn -0.6626 0.7230 -0.1955
vn -0.7768 0.5874 -0.2272
vn -0.8815 0.3973 -0.2552
vn -0.9504 0.1479 -0.2738
vn -0.9501 -0.1480 -0.2746
vn -0.8803 -0.3984 -0.2574
vn -0.7743 -0.5894 -0.2305
vn -0.6588 -0.7252 -0.2002
vn -0.6657 -0.7281 -0.1633
vn -0.6747 -0.7237 -0.1454
vn -0.6849 -0.7144 -0.1430
vn -0.6982 -0.6992 -0.1534
vn -0.7166 -0.6737 -0.1807
vn -0.7432 -0.6305 -0.2238
vn 0.9052 0.4211 0.0568
vn 0.9667 0.2527 0.0408
vn 0.9962 0.0860 0.0120
vn 0.9957 -0.0876 -0.0304
vn 0.9589 -0.2703 -0.0862
vn 0.8771 -0.4554 -0.1525
vn 0.8876 0.4597 0.0298
vn 0.9605 0.2778 0.0175
vn 0.9955 0.0948 -0.0049
vn 0.9947 -0.0957 -0.0381
vn 0.9521 -0.2950 -0.0811
vn 0.8601 -0.4931 -0.1306
vn 0.8700 0.4930 -0.0034
vn 0.9538 0.3003 -0.0124
vn 0.9943 0.1027 -0.0291
vn 0.9932 -0.1030 -0.0538
vn 0.9454 -0.3145 -0.0853
vn 0.8462 -0.5191 -0.1201
vn 0.8527 0.5205 -0.0445
vn 0.9456 0.3212 -0.0513
vn 0.9919 0.1105 -0.0629
vn 0.9906 -0.1105 -0.0801
vn 0.9379 -0.3318 -0.1012
vn 0.8335 -0.5386 -0.1234
vn 0.8353 0.5419 -0.0927
vn 0.9346 0.3411 -0.1008
vn 0.9868 0.1192 -0.1099
vn 0.9855 -0.1194 -0.1202
vn 0.9281 -0.3487 -0.1304
vn 0.8208 -0.5540 -0.1390
vn 0.8148 0.5595 -0.1518
vn 0.9170 0.3627 -0.1659
vn 0.9757 0.1305 -0.1763
vn 0.9748 -0.1307 -0.1810
vn 0.9128 -0.3672 -0.1788
vn 0.8057 -0.5669 -0.1716
vn 0.8332 0.5460 0.0872
vn 0.9218 0.3793 0.0798
vn 0.9723 0.2260 0.0589
vn 0.9968 0.0764 0.0230
vn 0.9965 -0.0780 -0.0294
vn 0.9662 -0.2383 -0.0983
vn 0.8977 -0.4010 -0.1824
vn 0.7799 -0.5604 -0.2788
vn 0.7432 -0.6305 -0.2238
vn 0.7166 -0.6737 -0.1807
vn 0.6982 -0.6992 -0.1534
vn 0.6849 -0.7144 -0.1430
vn 0.6747 -0.7237 -0.1454
vn 0.6657 -0.7281 -0.1633
vn 0.6588 -0.7252 -0.2002
vn 0.7743 -0.5894 -0.2305
vn 0.8803 -0.3984 -0.2574
vn 0.9501 -0.1480 -0.2746
vn 0.9504 0.1479 -0.2738
vn 0.8815 0.3973 -0.2552
vn 0.7768 0.5874 -0.2273
vn 0.6626 0.7231 -0.1955
vn 0.6751 0.7248 -0.1373
vn 0.6912 0.7175 -0.0864
vn 0.7113 0.7017 -0.0418
vn 0.7365 0.6765 -0.0013
vn 0.7665 0.6414 0.0325
vn 0.7998 0.5971 0.0613
vn -0.3875 -0.8607 0.3301
vn -0.2249 -0.9067 0.3568
vn -0.0737 -0.9265 0.3691
vn 0.0737 -0.9265 0.3691
vn 0.2249 -0.9067 0.3568
vn 0.3875 -0.8607 0.3301
vn -0.3656 -0.8975 0.2467
vn -0.2119 -0.9417 0.2615
vn -0.0696 -0.9609 0.2679
vn 0.0696 -0.9609 0.2679
vn 0.2119 -0.9417 0.2615
vn 0.3656 -0.8975 0.2467
vn -0.3556 -0.9149 0.1910
vn -0.2073 -0.9581 0.1978
vn -0.0685 -0.9773 0.2003
vn 0.0685 -0.9773 0.2003
vn 0.2073 -0.9581 0.1978
vn 0.3556 -0.9149 0.1910
vn -0.3538 -0.9216 0.1593
vn -0.2084 -0.9648 0.1605
vn -0.0696 -0.9846 0.1602
vn 0.0696 -0.9846 0.1602
vn 0.2084 -0.9648 0.1605
vn 0.3538 -0.9216 0.1593
vn -0.3567 -0.9226 0.1469
vn -0.2128 -0.9662 0.1457
vn -0.0720 -0.9869 0.1446
vn 0.0720 -0.9869 0.1446
vn 0.2128 -0.9662 0.1457
vn 0.3567 -0.9226 0.1469
vn -0.3621 -0.9189 0.1566
vn -0.2196 -0.9629 0.1570
vn -0.0758 -0.9847 0.1570
vn 0.0758 -0.9847 0.1570
vn 0.2196 -0.9629 0.1570
vn 0.3621 -0.9189 0.1566
vn -0.6096 -0.7004 0.3713
vn -0.4259 -0.7887 0.4433
vn -0.2497 -0.8359 0.4888
vn -0.0821 -0.8559 0.5106
vn 0.0821 -0.8559 0.5106
vn 0.2497 -0.8359 0.4888
vn 0.4259 -0.7887 0.4433
vn 0.6096 -0.7004 0.3713
vn 0.5654 -0.7739 0.2854
vn 0.5372 -0.8142 0.2200
vn 0.5213 -0.8349 0.1766
vn 0.5138 -0.8440 0.1539
vn 0.5114 -0.8467 0.1467
vn 0.5113 -0.8450 0.1569
vn 0.5082 -0.8406 0.1875
vn 0.3788 -0.9039 0.1987
vn 0.2370 -0.9495 0.2058
vn 0.0839 -0.9742 0.2095
vn -0.0839 -0.9742 0.2095
vn -0.2370 -0.9495 0.2058
vn -0.3788 -0.9039 0.1987
vn -0.5082 -0.8406 0.1875
vn -0.5113 -0.8450 0.1569
vn -0.5114 -0.8467 0.1467
vn -0.5138 -0.8440 0.1539
vn -0.5213 -0.8349 0.1766
vn -0.5372 -0.8142 0.2200
vn -0.5654 -0.7739 0.2854
vn 0.5488 -0.7415 0.3859
vn 0.6767 -0.5455 0.4944
vn 0.7831 -0.2161 0.5832
vn 0.7831 0.2161 0.5832
vn 0.6767 0.5455 0.4944
vn 0.5488 0.7415 0.3859
vn 0.3620 -0.8200 0.4433
vn 0.4695 -0.6343 0.6142
vn 0.5736 -0.2615 0.7763
vn 0.5736 0.2615 0.7763
vn 0.4695 0.6343 0.6142
vn 0.3620 0.8200 0.4433
vn 0.1312 -0.8682 0.4785
vn 0.1738 -0.6958 0.6969
vn 0.2202 -0.2976 0.9289
vn 0.2202 0.2976 0.9289
vn 0.1737 0.6958 0.6969
vn 0.1312 0.8682 0.4785
vn -0.1312 -0.8682 0.4785
vn -0.1738 -0.6958 0.6969
vn -0.2202 -0.2976 0.9289
vn -0.2202 0.2976 0.9289
vn -0.1738 0.6958 0.6969
vn -0.1312 0.8682 0.4785
vn -0.3620 -0.8200 0.4433
vn -0.4694 -0.6343 0.6142
vn -0.5736 -0.2615 0.7763
vn -0.5736 0.2615 0.7763
vn -0.4694 0.6343 0.6142
vn -0.3620 0.8200 0.4433
vn -0.5488 -0.7416 0.3859
vn -0.6767 -0.5455 0.4944
vn -0.7831 -0.2161 0.5832
vn -0.7831 0.2161 0.5832
vn -0.6767 0.5455 0.4944
vn -0.5488 0.7416 0.3859
vn 0.5750 -0.7770 0.2561
vn 0.6912 -0.6526 0.3105
vn 0.8083 -0.4600 0.3674
vn 0.8949 -0.1769 0.4097
vn 0.8949 0.1769 0.4097
vn 0.8083 0.4600 0.3674
vn 0.6912 0.6526 0.3105
vn 0.5750 0.7770 0.2561
vn 0.4405 0.8519 0.2832
vn 0.2833 0.9090 0.3058
vn 0.1020 0.9422 0.3192
vn -0.1020 0.9422 0.3192
vn -0.2833 0.9090 0.3058
vn -0.4405 0.8519 0.2832
vn -0.5750 0.7770 0.2561
vn -0.6912 0.6526 0.3105
vn -0.8083 0.4600 0.3674
vn -0.8949 0.1769 0.4097
vn -0.8949 -0.1769 0.4097
vn -0.8083 -0.4600 0.3674
vn -0.6912 -0.6526 0.3105
vn -0.5750 -0.7770 0.2561
vn -0.4405 -0.8519 0.2832
vn -0.2833 -0.9090 0.3058
vn -0.1020 -0.9422 0.3192
vn 0.1020 -0.9422 0.3192
vn 0.2833 -0.9090 0.3058
vn 0.4405 -0.8519 0.2832
vn 0.5101 0.0210 0.8599
vn 0.5563 -0.0273 0.8305
vn 0.5898 -0.1062 0.8005
vn 0.6008 -0.2193 0.7688
vn 0.5823 -0.3561 0.7309
vn 0.5384 -0.5101 0.6707
vn 0.3113 0.0081 0.9503
vn 0.3460 -0.0413 0.9373
vn 0.3714 -0.1231 0.9203
vn 0.3787 -0.2411 0.8936
vn 0.3629 -0.3855 0.8483
vn 0.3288 -0.5478 0.7693
vn 0.1045 0.0004 0.9945
vn 0.1173 -0.0494 0.9919
vn 0.1267 -0.1321 0.9831
vn 0.1292 -0.2513 0.9592
vn 0.1230 -0.3983 0.9090
vn 0.1102 -0.5635 0.8188
vn -0.1045 0.0004 0.9945
vn -0.1173 -0.0494 0.9919
vn -0.1267 -0.1321 0.9831
vn -0.1292 -0.2513 0.9592
vn -0.1230 -0.3983 0.9090
vn -0.1102 -0.5635 0.8188
vn -0.3113 0.0081 0.9503
vn -0.3460 -0.0413 0.9373
vn -0.3714 -0.1231 0.9203
vn -0.3787 -0.2411 0.8936
vn -0.3629 -0.3855 0.8483
vn -0.3288 -0.5478 0.7693
vn -0.5101 0.0210 0.8599
vn -0.5563 -0.0273 0.8305
vn -0.5898 -0.1062 0.8005
vn -0.6008 -0.2193 0.7688
vn -0.5823 -0.3561 0.7309
vn -0.5384 -0.5101 0.6707
vn 0.6419 0.0538 0.7649
vn 0.6913 0.0342 0.7218
vn 0.7353 -0.0112 0.6777
vn 0.7665 -0.0835 0.6368
vn 0.7780 -0.1851 0.6004
vn 0.7633 -0.3055 0.5693
vn 0.7241 -0.4419 0.5295
vn 0.6676 -0.5826 0.4636
vn 0.4805 -0.6646 0.5722
vn 0.2869 -0.7088 0.6445
vn 0.0951 -0.7271 0.6799
vn -0.0951 -0.7271 0.6799
vn -0.2869 -0.7088 0.6445
vn -0.4805 -0.6646 0.5722
vn -0.6676 -0.5826 0.4636
vn -0.7241 -0.4419 0.5295
vn -0.7633 -0.3055 0.5693
vn -0.7780 -0.1851 0.6004
vn -0.7665 -0.0835 0.6368
vn -0.7353 -0.0112 0.6777
vn -0.6913 0.0342 0.7218
vn -0.6419 0.0538 0.7649
vn -0.4605 0.0414 0.8867
vn -0.2755 0.0291 0.9609
vn -0.0916 0.0217 0.9956
vn 0.0916 0.0217 0.9956
vn 0.2755 0.0291 0.9609
vn 0.4605 0.0414 0.8867
vn -0.9053 0.4210 -0.0562
vn -0.9667 0.2526 -0.0403
vn -0.9962 0.0860 -0.0119
vn -0.9957 -0.0877 0.0301
vn -0.9589 -0.2706 0.0853
vn -0.8771 -0.4560 0.1509
vn -0.8876 0.4597 -0.0294
vn -0.9605 0.2777 -0.0173
vn -0.9955 0.0948 0.0049
vn -0.9947 -0.0958 0.0376
vn -0.9521 -0.2952 0.0801
vn -0.8601 -0.4935 0.1290
vn -0.8700 0.4930 0.0033
vn -0.9538 0.3003 0.0122
vn -0.9943 0.1027 0.0287
vn -0.9933 -0.1030 0.0531
vn -0.9455 -0.3146 0.0842
vn -0.8463 -0.5193 0.1186
vn -0.8527 0.5205 0.0439
vn -0.9457 0.3212 0.0506
vn -0.9919 0.1105 0.0621
vn -0.9907 -0.1106 0.0790
vn -0.9380 -0.3319 0.0999
vn -0.8336 -0.5388 0.1218
vn -0.8354 0.5420 0.0915
vn -0.9347 0.3412 0.0994
vn -0.9869 0.1193 0.1084
vn -0.9857 -0.1194 0.1186
vn -0.9283 -0.3488 0.1286
vn -0.8210 -0.5542 0.1371
vn -0.8150 0.5597 0.1497
vn -0.9173 0.3629 0.1637
vn -0.9761 0.1305 0.1739
vn -0.9752 -0.1308 0.1785
vn -0.9132 -0.3674 0.1764
vn -0.8061 -0.5671 0.1693
vn -0.8334 0.5459 -0.0863
vn -0.9220 0.3792 -0.0789
vn -0.9724 0.2260 -0.0582
vn -0.9968 0.0764 -0.0227
vn -0.9965 -0.0780 0.0291
vn -0.9662 -0.2386 0.0973
vn -0.8977 -0.4018 0.1808
vn -0.7798 -0.5618 0.2762
vn -0.7431 -0.6315 0.2214
vn -0.7166 -0.6743 0.1785
vn -0.6983 -0.6996 0.1514
vn -0.6851 -0.7147 0.1411
vn -0.6748 -0.7239 0.1434
vn -0.6660 -0.7284 0.1611
vn -0.6592 -0.7256 0.1975
vn -0.7748 -0.5898 0.2274
vn -0.8812 -0.3988 0.2540
vn -0.9511 -0.1482 0.2710
vn -0.9514 0.1481 0.2702
vn -0.8823 0.3977 0.2518
vn -0.7773 0.5878 0.2242
vn -0.6629 0.7234 0.1928
vn -0.6753 0.7250 0.1355
vn -0.6913 0.7176 0.0852
vn -0.7113 0.7017 0.0413
vn -0.7365 0.6765 0.0013
vn -0.7665 0.6414 -0.0321
vn -0.7999 0.5970 -0.0606
vn 0.8771 -0.4560 0.1509
vn 0.9589 -0.2706 0.0853
vn 0.9957 -0.0877 0.0301
vn 0.9962 0.0860 -0.0119
vn 0.9667 0.2526 -0.0403
vn 0.9053 0.4210 -0.0562
vn 0.8601 -0.4935 0.1290
vn 0.9521 -0.2952 0.0801
vn 0.9947 -0.0958 0.0376
vn 0.9955 0.0948 0.0049
vn 0.9605 0.2777 -0.0173
vn 0.8876 0.4597 -0.0294
vn 0.8463 -0.5193 0.1186
vn 0.9455 -0.3146 0.0842
vn 0.9933 -0.1030 0.0531
vn 0.9943 0.1027 0.0287
vn 0.9538 0.3003 0.0122
vn 0.8700 0.4930 0.0033
vn 0.8336 -0.5388 0.1218
vn 0.9380 -0.3319 0.0999
vn 0.9907 -0.1106 0.0790
vn 0.9919 0.1105 0.0621
vn 0.9457 0.3212 0.0506
vn 0.8527 0.5205 0.0439
vn 0.8210 -0.5542 0.1371
vn 0.9283 -0.3488 0.1286
vn 0.9857 -0.1194 0.1186
vn 0.9869 0.1193 0.1084
vn 0.9347 0.3412 0.0994
vn 0.8354 0.5420 0.0915
vn 0.8061 -0.5671 0.1693
vn 0.9132 -0.3674 0.1764
vn 0.9752 -0.1308 0.1785
vn 0.9761 0.1305 0.1739
vn 0.9173 0.3629 0.1637
vn 0.8150 0.5597 0.1497
vn 0.7798 -0.5618 0.2762
vn 0.8977 -0.4018 0.1808
vn 0.9662 -0.2386 0.0973
vn 0.9965 -0.0780 0.0291
vn 0.9968 0.0764 -0.0227
vn 0.9724 0.2260 -0.0582
vn 0.9220 0.3792 -0.0789
vn 0.8334 0.5459 -0.0863
vn 0.7999 0.5970 -0.0606
vn 0.7665 0.6414 -0.0321
vn 0.7365 0.6765 0.0013
vn 0.7113 0.7017 0.0413
vn 0.6913 0.7176 0.0852
vn 0.6753 0.7250 0.1355
vn 0.6629 0.7234 0.1928
vn 0.7773 0.5878 0.2242
vn 0.8823 0.3977 0.2518
vn 0.9514 0.1481 0.2702
vn 0.9511 -0.1482 0.2710
vn 0.8812 -0.3988 0.2540
vn 0.7748 -0.5898 0.2274
vn 0.6592 -0.7256 0.1975
vn 0.6660 -0.7284 0.1611
vn 0.6748 -0.7239 0.1434
vn 0.6851 -0.7147 0.1411
vn 0.6983 -0.6996 0.1514
vn 0.7166 -0.6743 0.1785
vn 0.7431 -0.6315 0.2214
vt 0.843799 0.503538
vt 0.812893 0.506355
vt 0.812919 0.503562
vt 0.843802 0.501864
vt 0.782575 0.508419
vt 0.782663 0.504966
vt 0.753140 0.509999
vt 0.753349 0.506114
vt 0.724884 0.511383
vt 0.725296 0.507089
vt 0.698103 0.512770
vt 0.698843 0.508006
vt 0.673096 0.514339
vt 0.674335 0.508985
vt 0.812920 0.501904
vt 0.843803 0.500976
vt 0.782666 0.502741
vt 0.753356 0.503464
vt 0.725322 0.504067
vt 0.698964 0.504586
vt 0.674700 0.505070
vt 0.812889 0.500953
vt 0.843799 0.500485
vt 0.782564 0.501385
vt 0.753114 0.501763
vt 0.724873 0.502067
vt 0.698336 0.502262
vt 0.674039 0.502309
vt 0.812824 0.500402
vt 0.843791 0.500205
vt 0.782345 0.500584
vt 0.752596 0.500744
vt 0.723893 0.500854
vt 0.696845 0.500805
vt 0.672155 0.500459
vt 0.812732 0.500119
vt 0.843779 0.500061
vt 0.782032 0.500173
vt 0.751854 0.500220
vt 0.722458 0.500231
vt 0.694449 0.500066
vt 0.668689 0.499461
vt 0.812621 0.500015
vt 0.843765 0.500008
vt 0.781657 0.500022
vt 0.750964 0.500028
vt 0.720690 0.500014
vt 0.691207 0.499886
vt 0.663302 0.499331
vt 0.875000 0.500000
vt 0.843793 0.507402
vt 0.875000 0.500000
vt 0.812847 0.511041
vt 0.782422 0.513499
vt 0.752778 0.515408
vt 0.724175 0.517195
vt 0.696875 0.519124
vt 0.671137 0.521420
vt 0.647222 0.524306
vt 0.650161 0.516269
vt 0.652116 0.510145
vt 0.652947 0.505568
vt 0.652517 0.502170
vt 0.650611 0.499627
vt 0.646710 0.497776
vt 0.639901 0.496694
vt 0.625000 0.500000
vt 0.656250 0.500000
vt 0.687500 0.500000
vt 0.718750 0.500000
vt 0.750000 0.500000
vt 0.781250 0.500000
vt 0.812500 0.500000
vt 0.843750 0.500000
vt 0.875000 0.500000
vt 0.843815 0.659749
vt 0.813020 0.662297
vt 0.813069 0.659557
vt 0.843821 0.658082
vt 0.783006 0.663629
vt 0.783169 0.660358
vt 0.754162 0.663784
vt 0.754549 0.660329
vt 0.726878 0.662818
vt 0.727635 0.659367
vt 0.701545 0.660702
vt 0.702854 0.657403
vt 0.678554 0.657383
vt 0.680631 0.654377
vt 0.813103 0.657938
vt 0.843825 0.657199
vt 0.783286 0.658263
vt 0.754827 0.657988
vt 0.728178 0.656951
vt 0.703791 0.655057
vt 0.682119 0.652225
vt 0.813127 0.657013
vt 0.843828 0.656712
vt 0.783365 0.656994
vt 0.755013 0.656494
vt 0.728541 0.655364
vt 0.704419 0.653493
vt 0.683117 0.650784
vt 0.813141 0.656478
vt 0.843830 0.656433
vt 0.783413 0.656246
vt 0.755126 0.655600
vt 0.728762 0.654406
vt 0.704800 0.652547
vt 0.683722 0.649910
vt 0.813148 0.656203
vt 0.843831 0.656290
vt 0.783437 0.655862
vt 0.755184 0.655141
vt 0.728875 0.653914
vt 0.704996 0.652060
vt 0.684033 0.649461
vt 0.813151 0.656102
vt 0.843831 0.656237
vt 0.783446 0.655721
vt 0.755205 0.654972
vt 0.728917 0.653733
vt 0.705068 0.651881
vt 0.684147 0.649295
vt 0.875000 0.656250
vt 0.843807 0.663605
vt 0.875000 0.656250
vt 0.812956 0.666911
vt 0.782788 0.668467
vt 0.753646 0.668620
vt 0.725871 0.667511
vt 0.699805 0.665121
vt 0.675789 0.661387
vt 0.654167 0.656250
vt 0.658293 0.652812
vt 0.661393 0.650228
vt 0.663615 0.648377
vt 0.665104 0.647135
vt 0.666007 0.646383
vt 0.666471 0.645996
vt 0.666642 0.645854
vt 0.666667 0.645833
vt 0.684163 0.649272
vt 0.705078 0.651856
vt 0.728922 0.653707
vt 0.755208 0.654948
vt 0.783447 0.655701
vt 0.813151 0.656087
vt 0.843831 0.656230
vt 0.875000 0.656250
vt 0.382533 0.086926
vt 0.379738 0.084872
vt 0.383903 0.075578
vt 0.389210 0.079141
vt 0.377740 0.083606
vt 0.380134 0.073255
vt 0.376403 0.082828
vt 0.377626 0.071804
vt 0.375592 0.082367
vt 0.376108 0.070942
vt 0.375175 0.082131
vt 0.375328 0.070499
vt 0.375022 0.082044
vt 0.375041 0.070336
vt 0.386920 0.065484
vt 0.394174 0.069890
vt 0.381836 0.062492
vt 0.378491 0.060577
vt 0.376473 0.059431
vt 0.375436 0.058842
vt 0.375055 0.058625
vt 0.388216 0.054308
vt 0.396569 0.058872
vt 0.382501 0.051127
vt 0.378819 0.049045
vt 0.376611 0.047791
vt 0.375477 0.047146
vt 0.375060 0.046909
vt 0.387368 0.041897
vt 0.395705 0.045942
vt 0.381892 0.039036
vt 0.378491 0.037140
vt 0.376473 0.035993
vt 0.375436 0.035404
vt 0.375055 0.035187
vt 0.384554 0.028486
vt 0.391570 0.031479
vt 0.380215 0.026353
vt 0.377626 0.024929
vt 0.376108 0.024067
vt 0.375328 0.023624
vt 0.375041 0.023461
vt 0.380186 0.014410
vt 0.384390 0.015995
vt 0.377796 0.013275
vt 0.376402 0.012516
vt 0.375592 0.012055
vt 0.375175 0.011818
vt 0.375022 0.011731
vt 0.375000 0.093750
vt 0.375000 0.093750
vt 0.386260 0.090752
vt 0.375000 0.093750
vt 0.375000 0.082031
vt 0.375000 0.070313
vt 0.375000 0.058594
vt 0.375000 0.046875
vt 0.375000 0.035156
vt 0.375000 0.023438
vt 0.375000 0.011719
vt 0.375000 0.000000
vt 0.375000 0.000000
vt 0.393259 0.018107
vt 0.375000 0.000000
vt 0.402843 0.035482
vt 0.407772 0.051392
vt 0.408160 0.065104
vt 0.404028 0.076077
vt 0.396332 0.084527
vt 0.156211 0.603892
vt 0.187185 0.605600
vt 0.187282 0.611544
vt 0.156223 0.610562
vt 0.217686 0.606522
vt 0.218013 0.612146
vt 0.247477 0.606697
vt 0.248253 0.612298
vt 0.276323 0.606174
vt 0.277838 0.611964
vt 0.303986 0.604945
vt 0.306604 0.611129
vt 0.330229 0.602988
vt 0.334387 0.609781
vt 0.187356 0.618126
vt 0.156232 0.617694
vt 0.218265 0.618414
vt 0.248850 0.618499
vt 0.279004 0.618337
vt 0.308618 0.617914
vt 0.337586 0.617227
vt 0.187386 0.625000
vt 0.156236 0.625000
vt 0.218366 0.625000
vt 0.249089 0.625000
vt 0.279470 0.625000
vt 0.309424 0.625000
vt 0.338865 0.625000
vt 0.187356 0.631874
vt 0.156232 0.632306
vt 0.218265 0.631586
vt 0.248850 0.631501
vt 0.279004 0.631664
vt 0.308618 0.632086
vt 0.337586 0.632773
vt 0.187282 0.638456
vt 0.156223 0.639438
vt 0.218013 0.637854
vt 0.248253 0.637702
vt 0.277838 0.638036
vt 0.306604 0.638871
vt 0.334387 0.640219
vt 0.187185 0.644400
vt 0.156211 0.646108
vt 0.217686 0.643478
vt 0.247477 0.643303
vt 0.276323 0.643826
vt 0.303986 0.645055
vt 0.330229 0.647012
vt 0.125000 0.593750
vt 0.156198 0.598653
vt 0.125000 0.601563
vt 0.187088 0.600857
vt 0.217358 0.601895
vt 0.246701 0.601997
vt 0.274807 0.601257
vt 0.301367 0.599664
vt 0.326072 0.597175
vt 0.348611 0.593750
vt 0.354818 0.600281
vt 0.361024 0.607910
vt 0.365799 0.616272
vt 0.367708 0.625000
vt 0.365799 0.633728
vt 0.361024 0.642090
vt 0.354818 0.649719
vt 0.348611 0.656250
vt 0.326072 0.652825
vt 0.301367 0.650336
vt 0.274807 0.648743
vt 0.246701 0.648004
vt 0.217358 0.648105
vt 0.187088 0.649143
vt 0.156198 0.651347
vt 0.125000 0.648438
vt 0.125000 0.656250
vt 0.125000 0.640625
vt 0.125000 0.632813
vt 0.125000 0.625000
vt 0.125000 0.617188
vt 0.125000 0.609375
vt 0.672374 0.666516
vt 0.697654 0.670781
vt 0.695451 0.677615
vt 0.668877 0.672828
vt 0.724626 0.673577
vt 0.723352 0.680849
vt 0.753009 0.675000
vt 0.752356 0.682678
vt 0.782519 0.675126
vt 0.782244 0.683256
vt 0.812876 0.673942
vt 0.812795 0.682767
vt 0.843797 0.671453
vt 0.843787 0.681446
vt 0.693640 0.685505
vt 0.666001 0.680365
vt 0.722304 0.689084
vt 0.751819 0.691302
vt 0.782018 0.692372
vt 0.812727 0.692556
vt 0.843778 0.692134
vt 0.692664 0.694336
vt 0.664450 0.689168
vt 0.721738 0.698039
vt 0.751530 0.700521
vt 0.781896 0.702026
vt 0.812691 0.702799
vt 0.843774 0.703084
vt 0.692822 0.703899
vt 0.664701 0.699135
vt 0.721830 0.707417
vt 0.751577 0.709957
vt 0.781915 0.711773
vt 0.812697 0.713071
vt 0.843775 0.714039
vt 0.693849 0.713621
vt 0.666332 0.709580
vt 0.722424 0.716712
vt 0.751881 0.719123
vt 0.782044 0.721117
vt 0.812735 0.722927
vt 0.843779 0.724735
vt 0.695336 0.722835
vt 0.668694 0.719671
vt 0.723285 0.725361
vt 0.752322 0.727506
vt 0.782230 0.729545
vt 0.812790 0.731840
vt 0.843786 0.734738
vt 0.649068 0.660685
vt 0.699805 0.665120
vt 0.753646 0.668620
vt 0.782788 0.668467
vt 0.843807 0.663605
vt 0.875000 0.667969
vt 0.875000 0.679688
vt 0.875000 0.691406
vt 0.875000 0.703125
vt 0.875000 0.714844
vt 0.875000 0.726563
vt 0.875000 0.738281
vt 0.875000 0.750000
vt 0.843794 0.742598
vt 0.812847 0.738959
vt 0.782422 0.736501
vt 0.752778 0.734592
vt 0.724175 0.732805
vt 0.696875 0.730876
vt 0.671137 0.728580
vt 0.643575 0.715617
vt 0.647222 0.725694
vt 0.640050 0.704319
vt 0.637615 0.692858
vt 0.637240 0.682292
vt 0.639555 0.673462
vt 0.643848 0.666341
vt 0.361456 0.583368
vt 0.355661 0.578856
vt 0.368755 0.571535
vt 0.376231 0.576496
vt 0.350608 0.575393
vt 0.362430 0.567826
vt 0.345660 0.572670
vt 0.356508 0.565075
vt 0.340233 0.570423
vt 0.350258 0.563021
vt 0.333980 0.568560
vt 0.343009 0.561556
vt 0.326529 0.567104
vt 0.334057 0.560638
vt 0.378661 0.562206
vt 0.387611 0.567427
vt 0.371273 0.558409
vt 0.364628 0.555768
vt 0.357890 0.554031
vt 0.350152 0.553021
vt 0.340483 0.552586
vt 0.385423 0.550492
vt 0.395372 0.555628
vt 0.377388 0.546875
vt 0.370429 0.544560
vt 0.363657 0.543321
vt 0.355970 0.542892
vt 0.346215 0.542999
vt 0.389215 0.536103
vt 0.399500 0.540714
vt 0.381087 0.533000
vt 0.374322 0.531268
vt 0.368032 0.530735
vt 0.360950 0.531082
vt 0.351683 0.531938
vt 0.390721 0.519104
vt 0.400819 0.522880
vt 0.382922 0.516733
vt 0.376716 0.515722
vt 0.371299 0.515999
vt 0.365474 0.517366
vt 0.357698 0.519467
vt 0.390754 0.499649
vt 0.400367 0.502465
vt 0.383505 0.498066
vt 0.378020 0.497759
vt 0.373668 0.498793
vt 0.369698 0.501329
vt 0.364880 0.505367
vt 0.343513 0.588572
vt 0.368632 0.589233
vt 0.339333 0.584550
vt 0.335558 0.581375
vt 0.331674 0.578740
vt 0.327266 0.576372
vt 0.322301 0.574143
vt 0.316975 0.572010
vt 0.312500 0.570313
vt 0.317000 0.566454
vt 0.322497 0.560342
vt 0.327925 0.552586
vt 0.333237 0.543367
vt 0.338711 0.532871
vt 0.345420 0.521439
vt 0.355054 0.509576
vt 0.375000 0.500000
vt 0.371717 0.487585
vt 0.372960 0.481927
vt 0.375250 0.478718
vt 0.378646 0.477214
vt 0.383450 0.476993
vt 0.390126 0.477892
vt 0.399178 0.479808
vt 0.412944 0.506470
vt 0.411111 0.482639
vt 0.413921 0.528103
vt 0.412735 0.546970
vt 0.408073 0.562500
vt 0.398941 0.574341
vt 0.385601 0.583008
vt 0.668694 0.530329
vt 0.695336 0.527165
vt 0.693849 0.536380
vt 0.666332 0.540420
vt 0.723285 0.524639
vt 0.722424 0.533288
vt 0.752322 0.522494
vt 0.751881 0.530877
vt 0.782230 0.520455
vt 0.782044 0.528883
vt 0.812790 0.518160
vt 0.812735 0.527073
vt 0.843786 0.515262
vt 0.843779 0.525265
vt 0.692822 0.546101
vt 0.664701 0.550865
vt 0.721830 0.542583
vt 0.751577 0.540043
vt 0.781915 0.538227
vt 0.812697 0.536929
vt 0.843775 0.535962
vt 0.692664 0.555664
vt 0.664450 0.560832
vt 0.721738 0.551961
vt 0.751530 0.549479
vt 0.781895 0.547974
vt 0.812691 0.547201
vt 0.843774 0.546916
vt 0.693640 0.564495
vt 0.666001 0.569635
vt 0.722303 0.560916
vt 0.751819 0.558698
vt 0.782018 0.557628
vt 0.812727 0.557445
vt 0.843779 0.557867
vt 0.695451 0.572385
vt 0.668877 0.577172
vt 0.723352 0.569151
vt 0.752356 0.567322
vt 0.782244 0.566744
vt 0.812795 0.567233
vt 0.843787 0.568554
vt 0.697654 0.579219
vt 0.672374 0.583484
vt 0.724626 0.576423
vt 0.753009 0.575000
vt 0.782519 0.574875
vt 0.812876 0.576058
vt 0.843797 0.578547
vt 0.647222 0.524306
vt 0.671137 0.521420
vt 0.643575 0.534383
vt 0.696875 0.519124
vt 0.752778 0.515408
vt 0.782422 0.513499
vt 0.812847 0.511041
vt 0.843794 0.507402
vt 0.875000 0.511719
vt 0.875000 0.523438
vt 0.875000 0.535156
vt 0.875000 0.546875
vt 0.875000 0.558594
vt 0.875000 0.570313
vt 0.875000 0.582031
vt 0.875000 0.593750
vt 0.843807 0.586395
vt 0.812956 0.583089
vt 0.782788 0.581533
vt 0.753646 0.581380
vt 0.725871 0.582489
vt 0.699805 0.584880
vt 0.675789 0.588613
vt 0.649068 0.589315
vt 0.654167 0.593750
vt 0.643848 0.583659
vt 0.639555 0.576538
vt 0.637240 0.567708
vt 0.637615 0.557142
vt 0.640050 0.545681
vt 0.628228 0.596727
vt 0.611183 0.605415
vt 0.600674 0.601832
vt 0.620756 0.591931
vt 0.599544 0.614985
vt 0.585442 0.613063
vt 0.595222 0.625000
vt 0.579292 0.625000
vt 0.590599 0.596391
vt 0.614433 0.585399
vt 0.568975 0.609685
vt 0.557462 0.625000
vt 0.628228 0.653274
vt 0.620756 0.658069
vt 0.600674 0.648168
vt 0.611183 0.644585
vt 0.614433 0.664602
vt 0.590599 0.653609
vt 0.610962 0.673476
vt 0.584687 0.662548
vt 0.585442 0.636937
vt 0.599543 0.635016
vt 0.568975 0.640315
vt 0.556617 0.648943
vt 0.620222 0.710760
vt 0.598971 0.706567
vt 0.591748 0.691617
vt 0.615160 0.697888
vt 0.580220 0.704905
vt 0.570168 0.687626
vt 0.564510 0.707875
vt 0.551934 0.689899
vt 0.585874 0.676004
vt 0.611554 0.684963
vt 0.560117 0.667517
vt 0.536670 0.666659
vt 0.535843 0.750345
vt 0.521190 0.741978
vt 0.528485 0.719976
vt 0.542873 0.731643
vt 0.504517 0.734791
vt 0.511717 0.708910
vt 0.486164 0.730581
vt 0.492554 0.702269
vt 0.538319 0.701505
vt 0.552213 0.717050
vt 0.521483 0.684101
vt 0.500425 0.671630
vt 0.428796 0.738592
vt 0.430485 0.715384
vt 0.449970 0.708544
vt 0.447081 0.733829
vt 0.429599 0.695056
vt 0.450317 0.685539
vt 0.424305 0.678617
vt 0.444618 0.667214
vt 0.471339 0.703007
vt 0.466634 0.730621
vt 0.474742 0.675521
vt 0.470175 0.652266
vt 0.377404 0.653353
vt 0.386291 0.644653
vt 0.409722 0.648710
vt 0.397202 0.658707
vt 0.393311 0.635055
vt 0.420826 0.637249
vt 0.396177 0.625000
vt 0.425727 0.625000
vt 0.430248 0.655480
vt 0.413248 0.666758
vt 0.448410 0.641455
vt 0.459021 0.625000
vt 0.377404 0.596647
vt 0.397202 0.591294
vt 0.409722 0.601290
vt 0.386291 0.605347
vt 0.413248 0.583242
vt 0.430248 0.594520
vt 0.424305 0.571383
vt 0.444618 0.582786
vt 0.420826 0.612751
vt 0.393311 0.614945
vt 0.448410 0.608545
vt 0.470175 0.597734
vt 0.428796 0.511408
vt 0.447081 0.516171
vt 0.449970 0.541456
vt 0.430485 0.534616
vt 0.466634 0.519379
vt 0.471339 0.546993
vt 0.486164 0.519420
vt 0.492554 0.547731
vt 0.450317 0.564461
vt 0.429599 0.554944
vt 0.474742 0.574479
vt 0.500425 0.578370
vt 0.535842 0.499655
vt 0.542873 0.518357
vt 0.528485 0.530024
vt 0.521190 0.508022
vt 0.552213 0.532950
vt 0.538319 0.548495
vt 0.564510 0.542125
vt 0.551934 0.560101
vt 0.511717 0.541090
vt 0.504517 0.515209
vt 0.521483 0.565899
vt 0.536670 0.583341
vt 0.620222 0.539240
vt 0.615160 0.552112
vt 0.591748 0.558383
vt 0.598971 0.543433
vt 0.611554 0.565037
vt 0.585874 0.573996
vt 0.610962 0.576524
vt 0.584687 0.587451
vt 0.570168 0.562374
vt 0.580219 0.545095
vt 0.560117 0.582483
vt 0.556617 0.601057
vt 0.595222 0.625000
vt 0.610962 0.673476
vt 0.551934 0.689899
vt 0.564510 0.707875
vt 0.492554 0.702269
vt 0.444618 0.667214
vt 0.424305 0.678617
vt 0.425727 0.625000
vt 0.396177 0.625000
vt 0.444618 0.582786
vt 0.424305 0.571383
vt 0.492554 0.547731
vt 0.486164 0.519420
vt 0.551934 0.560101
vt 0.564510 0.542125
vt 0.513750 0.625000
vt 0.654167 0.593750
vt 0.635417 0.600281
vt 0.649068 0.589315
vt 0.620573 0.607910
vt 0.610807 0.616272
vt 0.607292 0.625000
vt 0.643848 0.583659
vt 0.639555 0.576538
vt 0.637240 0.567708
vt 0.654167 0.656250
vt 0.649068 0.660685
vt 0.635417 0.649719
vt 0.643848 0.666341
vt 0.639555 0.673462
vt 0.637240 0.682292
vt 0.620573 0.642090
vt 0.610807 0.633728
vt 0.607292 0.625000
vt 0.647222 0.725695
vt 0.625387 0.722280
vt 0.643575 0.715617
vt 0.605870 0.719537
vt 0.588909 0.718950
vt 0.574740 0.722005
vt 0.637615 0.692858
vt 0.543056 0.777778
vt 0.530538 0.772105
vt 0.548116 0.758352
vt 0.515701 0.766249
vt 0.499025 0.761329
vt 0.480990 0.758464
vt 0.554764 0.742160
vt 0.563478 0.729835
vt 0.574740 0.722005
vt 0.411111 0.767361
vt 0.412944 0.743530
vt 0.426168 0.763865
vt 0.413921 0.721897
vt 0.412735 0.703030
vt 0.408073 0.687500
vt 0.443544 0.760552
vt 0.462173 0.758420
vt 0.480990 0.758464
vt 0.348611 0.656250
vt 0.368632 0.660767
vt 0.361024 0.642090
vt 0.365799 0.633728
vt 0.367708 0.625000
vt 0.385601 0.666992
vt 0.398941 0.675659
vt 0.408073 0.687500
vt 0.354818 0.600281
vt 0.385601 0.583008
vt 0.398941 0.574341
vt 0.408073 0.562500
vt 0.361024 0.607910
vt 0.411111 0.482639
vt 0.426168 0.486135
vt 0.412944 0.506470
vt 0.443544 0.489448
vt 0.462173 0.491581
vt 0.480990 0.491536
vt 0.413921 0.528103
vt 0.408073 0.562500
vt 0.543056 0.472222
vt 0.548116 0.491648
vt 0.530538 0.477895
vt 0.554764 0.507840
vt 0.563478 0.520165
vt 0.574740 0.527995
vt 0.515701 0.483751
vt 0.499025 0.488671
vt 0.480990 0.491536
vt 0.643575 0.534383
vt 0.625387 0.527720
vt 0.640050 0.545681
vt 0.637615 0.557143
vt 0.605870 0.530463
vt 0.588909 0.531050
vt 0.574740 0.527995
vt 0.612058 0.091789
vt 0.600658 0.102255
vt 0.592470 0.096682
vt 0.608098 0.083313
vt 0.592413 0.113437
vt 0.579965 0.110664
vt 0.589226 0.125001
vt 0.574745 0.125011
vt 0.584355 0.089346
vt 0.604669 0.073630
vt 0.565041 0.106417
vt 0.554442 0.125046
vt 0.612058 0.158211
vt 0.608098 0.166687
vt 0.592470 0.153323
vt 0.600658 0.147746
vt 0.604669 0.176372
vt 0.584354 0.160674
vt 0.602764 0.187401
vt 0.579534 0.171085
vt 0.579965 0.139351
vt 0.592413 0.136565
vt 0.565039 0.143645
vt 0.553706 0.153161
vt 0.607778 0.225869
vt 0.591136 0.215905
vt 0.585413 0.201229
vt 0.605080 0.213081
vt 0.575690 0.210216
vt 0.566536 0.193090
vt 0.562195 0.210567
vt 0.550112 0.192561
vt 0.580588 0.185370
vt 0.603107 0.199891
vt 0.557157 0.172580
vt 0.535310 0.168743
vt 0.535806 0.250386
vt 0.521163 0.242016
vt 0.528264 0.220281
vt 0.542585 0.231976
vt 0.504499 0.234815
vt 0.511572 0.209105
vt 0.486158 0.230589
vt 0.492503 0.202340
vt 0.537568 0.202563
vt 0.551239 0.218177
vt 0.520971 0.184808
vt 0.500227 0.171856
vt 0.428836 0.238588
vt 0.430797 0.215355
vt 0.450165 0.208533
vt 0.447106 0.233828
vt 0.430655 0.194957
vt 0.450986 0.185498
vt 0.426816 0.178381
vt 0.446270 0.167110
vt 0.471406 0.203017
vt 0.466642 0.230622
vt 0.474987 0.175543
vt 0.470939 0.152270
vt 0.390924 0.152445
vt 0.395651 0.143871
vt 0.415595 0.148283
vt 0.405714 0.158022
vt 0.399466 0.134589
vt 0.424632 0.137042
vt 0.401042 0.125005
vt 0.428645 0.125036
vt 0.433593 0.155258
vt 0.418167 0.166311
vt 0.450418 0.141391
vt 0.460238 0.125118
vt 0.390874 0.097582
vt 0.405313 0.092193
vt 0.415264 0.101870
vt 0.395609 0.106148
vt 0.416813 0.084416
vt 0.432460 0.095267
vt 0.423595 0.073346
vt 0.443492 0.084165
vt 0.424446 0.113056
vt 0.399442 0.115424
vt 0.449754 0.108947
vt 0.469097 0.098613
vt 0.410407 0.020700
vt 0.431996 0.023240
vt 0.440492 0.045908
vt 0.419534 0.040493
vt 0.454921 0.025014
vt 0.463884 0.050503
vt 0.477975 0.025075
vt 0.487473 0.051185
vt 0.445410 0.067046
vt 0.424301 0.058424
vt 0.470786 0.076409
vt 0.497709 0.080041
vt 0.541370 0.014422
vt 0.545753 0.027348
vt 0.528830 0.036563
vt 0.521713 0.018868
vt 0.552927 0.037216
vt 0.538027 0.051372
vt 0.563049 0.042191
vt 0.550439 0.059425
vt 0.509289 0.045642
vt 0.500368 0.022770
vt 0.519982 0.067855
vt 0.535138 0.082503
vt 0.607792 0.024174
vt 0.605087 0.036949
vt 0.585471 0.049014
vt 0.591245 0.034439
vt 0.603110 0.050127
vt 0.580612 0.064772
vt 0.602765 0.062606
vt 0.579541 0.078977
vt 0.566714 0.057735
vt 0.576055 0.040946
vt 0.557199 0.077908
vt 0.553716 0.097043
vt 0.574745 0.125011
vt 0.589226 0.125001
vt 0.550112 0.192561
vt 0.562195 0.210566
vt 0.492502 0.202340
vt 0.426816 0.178381
vt 0.428645 0.125036
vt 0.401042 0.125005
vt 0.443492 0.084165
vt 0.423595 0.073346
vt 0.487473 0.051185
vt 0.563049 0.042191
vt 0.579541 0.078977
vt 0.602765 0.062606
vt 0.512867 0.125254
vt 0.625000 0.093750
vt 0.615820 0.098063
vt 0.625000 0.082031
vt 0.607813 0.106120
vt 0.602148 0.115316
vt 0.600000 0.125000
vt 0.625000 0.070313
vt 0.625000 0.058594
vt 0.625000 0.046875
vt 0.625000 0.156250
vt 0.625000 0.167969
vt 0.615820 0.151937
vt 0.625000 0.179688
vt 0.625000 0.191406
vt 0.625000 0.203125
vt 0.607812 0.143880
vt 0.602149 0.134684
vt 0.600000 0.125000
vt 0.625000 0.250000
vt 0.610500 0.236335
vt 0.625000 0.238281
vt 0.596495 0.227919
vt 0.583484 0.223653
vt 0.571962 0.224392
vt 0.625000 0.226563
vt 0.625000 0.214844
vt 0.543056 0.277778
vt 0.530538 0.272105
vt 0.548073 0.258389
vt 0.515701 0.266249
vt 0.499025 0.261329
vt 0.480990 0.258464
vt 0.554416 0.242459
vt 0.562306 0.230842
vt 0.571962 0.224392
vt 0.411111 0.267361
vt 0.412995 0.243524
vt 0.426168 0.263865
vt 0.414334 0.221842
vt 0.414126 0.202847
vt 0.411372 0.187066
vt 0.443544 0.260552
vt 0.462173 0.258420
vt 0.480990 0.258464
vt 0.375000 0.156250
vt 0.375000 0.148438
vt 0.386311 0.159281
vt 0.375000 0.140625
vt 0.375000 0.132813
vt 0.375000 0.125000
vt 0.396734 0.165744
vt 0.405383 0.174839
vt 0.411372 0.187066
vt 0.386260 0.090752
vt 0.375000 0.101563
vt 0.396332 0.084527
vt 0.404028 0.076077
vt 0.408160 0.065104
vt 0.375000 0.109375
vt 0.375000 0.117188
vt 0.398438 0.000000
vt 0.393259 0.018107
vt 0.421875 0.000000
vt 0.445313 0.000000
vt 0.468750 0.000000
vt 0.407772 0.051392
vt 0.408160 0.065104
vt 0.562500 0.000000
vt 0.556643 0.010220
vt 0.539063 0.000000
vt 0.558876 0.019260
vt 0.564592 0.025940
vt 0.573090 0.029080
vt 0.515625 0.000000
vt 0.492188 0.000000
vt 0.625000 0.000000
vt 0.625000 0.011719
vt 0.610517 0.013719
vt 0.625000 0.023438
vt 0.625000 0.035156
vt 0.596636 0.022515
vt 0.583960 0.027812
vt 0.573090 0.029080
vt 0.696151 0.611484
vt 0.713090 0.610584
vt 0.711385 0.614984
vt 0.693200 0.615515
vt 0.733736 0.609541
vt 0.732812 0.614289
vt 0.757698 0.608436
vt 0.757234 0.613501
vt 0.784498 0.607256
vt 0.784302 0.612654
vt 0.813462 0.605818
vt 0.813404 0.611695
vt 0.843870 0.603920
vt 0.843863 0.610581
vt 0.709838 0.619869
vt 0.690806 0.620113
vt 0.731908 0.619523
vt 0.756770 0.619114
vt 0.784106 0.618673
vt 0.813346 0.618203
vt 0.843856 0.617704
vt 0.709177 0.625000
vt 0.689854 0.625000
vt 0.731503 0.625000
vt 0.756559 0.625000
vt 0.784017 0.625000
vt 0.813320 0.625000
vt 0.843853 0.625000
vt 0.709838 0.630131
vt 0.690806 0.629887
vt 0.731908 0.630478
vt 0.756770 0.630886
vt 0.784106 0.631327
vt 0.813346 0.631797
vt 0.843856 0.632297
vt 0.711385 0.635016
vt 0.693200 0.634485
vt 0.732812 0.635711
vt 0.757234 0.636499
vt 0.784302 0.637347
vt 0.813404 0.638305
vt 0.843863 0.639420
vt 0.713090 0.639416
vt 0.696151 0.638516
vt 0.733736 0.640459
vt 0.757698 0.641564
vt 0.784498 0.642745
vt 0.813462 0.644183
vt 0.843870 0.646081
vt 0.687500 0.609375
vt 0.697767 0.608250
vt 0.683110 0.611911
vt 0.713907 0.606876
vt 0.734162 0.605519
vt 0.757909 0.604191
vt 0.784587 0.602821
vt 0.813489 0.601131
vt 0.843874 0.598687
vt 0.875000 0.601563
vt 0.875000 0.609375
vt 0.875000 0.617188
vt 0.875000 0.625000
vt 0.875000 0.632813
vt 0.875000 0.640625
vt 0.875000 0.648438
vt 0.843874 0.651313
vt 0.813489 0.648869
vt 0.784587 0.647180
vt 0.757909 0.645809
vt 0.734162 0.644481
vt 0.713907 0.643124
vt 0.697767 0.641750
vt 0.683110 0.638089
vt 0.687500 0.640625
vt 0.678383 0.634270
vt 0.675046 0.629794
vt 0.673804 0.625000
vt 0.675046 0.620206
vt 0.678383 0.615730
vt 0.618850 0.149366
vt 0.613486 0.141805
vt 0.617749 0.140951
vt 0.621127 0.148661
vt 0.609691 0.133578
vt 0.615359 0.133036
vt 0.608252 0.125000
vt 0.614453 0.125000
vt 0.609691 0.116422
vt 0.615360 0.116964
vt 0.613486 0.108195
vt 0.617749 0.109049
vt 0.618850 0.100634
vt 0.621127 0.101339
vt 0.620804 0.140666
vt 0.622759 0.148465
vt 0.619421 0.132840
vt 0.618897 0.125000
vt 0.619421 0.117160
vt 0.620804 0.109334
vt 0.622759 0.101535
vt 0.622852 0.140625
vt 0.623853 0.148438
vt 0.622144 0.132812
vt 0.621875 0.125000
vt 0.622144 0.117188
vt 0.622852 0.109375
vt 0.623853 0.101563
vt 0.624094 0.140625
vt 0.624516 0.148438
vt 0.623795 0.132812
vt 0.623682 0.125000
vt 0.623795 0.117188
vt 0.624094 0.109375
vt 0.624516 0.101563
vt 0.624731 0.140625
vt 0.624857 0.148438
vt 0.624643 0.132813
vt 0.624609 0.125000
vt 0.624643 0.117188
vt 0.624731 0.109375
vt 0.624857 0.101563
vt 0.624967 0.140625
vt 0.624982 0.148438
vt 0.624955 0.132812
vt 0.624951 0.125000
vt 0.624955 0.117188
vt 0.624966 0.109375
vt 0.624982 0.101563
vt 0.615820 0.151937
vt 0.625000 0.156250
vt 0.607813 0.143880
vt 0.602148 0.134684
vt 0.600000 0.125000
vt 0.602148 0.115316
vt 0.607813 0.106120
vt 0.615820 0.098063
vt 0.625000 0.093750
vt 0.625000 0.101563
vt 0.625000 0.109375
vt 0.625000 0.117188
vt 0.625000 0.125000
vt 0.625000 0.132813
vt 0.625000 0.140625
vt 0.625000 0.148438
vt 0.322649 0.657438
vt 0.319799 0.661054
vt 0.297385 0.657806
vt 0.299208 0.654517
vt 0.317135 0.663981
vt 0.295631 0.660515
vt 0.314271 0.666528
vt 0.293678 0.662956
vt 0.310934 0.668982
vt 0.291367 0.665432
vt 0.307315 0.671542
vt 0.288972 0.668218
vt 0.303914 0.674415
vt 0.286955 0.671600
vt 0.272490 0.655606
vt 0.273556 0.652597
vt 0.271444 0.658090
vt 0.270254 0.660369
vt 0.268833 0.662763
vt 0.267407 0.665597
vt 0.266291 0.669198
vt 0.245513 0.654352
vt 0.246061 0.651610
vt 0.244973 0.656568
vt 0.244355 0.658592
vt 0.243616 0.660769
vt 0.242880 0.663465
vt 0.242316 0.667054
vt 0.216857 0.653938
vt 0.217088 0.651502
vt 0.216629 0.655801
vt 0.216369 0.657452
vt 0.216057 0.659256
vt 0.215746 0.661627
vt 0.215508 0.665001
vt 0.186939 0.654239
vt 0.187008 0.652278
vt 0.186872 0.655618
vt 0.186794 0.656787
vt 0.186702 0.658080
vt 0.186610 0.659888
vt 0.186540 0.662698
vt 0.156180 0.655098
vt 0.156188 0.653930
vt 0.156171 0.655833
vt 0.156162 0.656439
vt 0.156150 0.657114
vt 0.156139 0.658093
vt 0.156130 0.659796
vt 0.343513 0.661428
vt 0.339333 0.665451
vt 0.335558 0.668625
vt 0.331674 0.671260
vt 0.327266 0.673629
vt 0.322301 0.675857
vt 0.316975 0.677990
vt 0.312500 0.679688
vt 0.302233 0.678000
vt 0.286093 0.675939
vt 0.265838 0.673903
vt 0.242091 0.671911
vt 0.215413 0.669856
vt 0.186511 0.667322
vt 0.156126 0.663656
vt 0.125000 0.656250
vt 0.125000 0.656250
vt 0.156198 0.651347
vt 0.187088 0.649143
vt 0.217358 0.648105
vt 0.246701 0.648004
vt 0.301367 0.650336
vt 0.382059 0.968789
vt 0.378718 0.968793
vt 0.382041 0.937841
vt 0.387580 0.937815
vt 0.376946 0.968793
vt 0.378761 0.937845
vt 0.375968 0.968790
vt 0.376881 0.937822
vt 0.375408 0.968784
vt 0.375794 0.937769
vt 0.375121 0.968774
vt 0.375235 0.937693
vt 0.375015 0.968763
vt 0.375029 0.937600
vt 0.384654 0.907402
vt 0.391395 0.907313
vt 0.380321 0.907415
vt 0.377687 0.907337
vt 0.376134 0.907159
vt 0.375336 0.906901
vt 0.375042 0.906589
vt 0.386568 0.877730
vt 0.393952 0.877520
vt 0.381547 0.877761
vt 0.378331 0.877577
vt 0.376405 0.877155
vt 0.375416 0.876543
vt 0.375052 0.875803
vt 0.387893 0.849086
vt 0.395721 0.848672
vt 0.382394 0.849158
vt 0.378766 0.848817
vt 0.376570 0.848021
vt 0.375444 0.846835
vt 0.375040 0.845366
vt 0.388801 0.821747
vt 0.397008 0.821009
vt 0.382930 0.821934
vt 0.378973 0.821469
vt 0.376527 0.820262
vt 0.375280 0.818284
vt 0.374913 0.815588
vt 0.389482 0.795994
vt 0.398074 0.794769
vt 0.383251 0.796436
vt 0.378937 0.795977
vt 0.376146 0.794464
vt 0.374665 0.791604
vt 0.374356 0.787125
vt 0.375000 1.000000
vt 0.375000 1.000000
vt 0.389780 0.968784
vt 0.375000 1.000000
vt 0.375000 0.968750
vt 0.375000 0.937500
vt 0.375000 0.906250
vt 0.375000 0.875000
vt 0.375000 0.843750
vt 0.375000 0.812500
vt 0.375000 0.781250
vt 0.375000 0.750000
vt 0.371717 0.762415
vt 0.372960 0.768073
vt 0.375250 0.771282
vt 0.378646 0.772786
vt 0.383450 0.773007
vt 0.390126 0.772108
vt 0.399178 0.770193
vt 0.409466 0.792881
vt 0.407975 0.819824
vt 0.406338 0.847989
vt 0.404253 0.877170
vt 0.401339 0.907166
vt 0.396886 0.937771
vt 0.625000 0.140625
vt 0.625000 0.148438
vt 0.625000 0.132812
vt 0.625000 0.125000
vt 0.625000 0.117188
vt 0.625000 0.101563
vt 0.625000 0.148438
vt 0.625000 0.109375
vt 0.625000 0.101563
vt 0.625000 0.140625
vt 0.625000 0.132812
vt 0.625000 0.125000
vt 0.625000 0.117188
vt 0.625000 0.093750
vt 0.625000 0.101563
vt 0.625000 0.117188
vt 0.625000 0.148438
vt 0.400367 0.747535
vt 0.390754 0.750351
vt 0.390721 0.730896
vt 0.400819 0.727120
vt 0.383505 0.751934
vt 0.382922 0.733267
vt 0.378020 0.752241
vt 0.376715 0.734278
vt 0.373668 0.751207
vt 0.371299 0.734001
vt 0.369698 0.748671
vt 0.365474 0.732634
vt 0.364880 0.744633
vt 0.357698 0.730533
vt 0.389215 0.713897
vt 0.399500 0.709286
vt 0.381087 0.717000
vt 0.374322 0.718732
vt 0.368032 0.719266
vt 0.360950 0.718919
vt 0.351683 0.718062
vt 0.385423 0.699508
vt 0.395372 0.694372
vt 0.377388 0.703125
vt 0.370429 0.705440
vt 0.363657 0.706679
vt 0.355971 0.707108
vt 0.346215 0.707001
vt 0.378661 0.687794
vt 0.387611 0.682573
vt 0.371273 0.691591
vt 0.364628 0.694232
vt 0.357890 0.695970
vt 0.350152 0.696979
vt 0.340483 0.697414
vt 0.368755 0.678465
vt 0.376230 0.673504
vt 0.362430 0.682174
vt 0.356508 0.684925
vt 0.350258 0.686979
vt 0.343009 0.688444
vt 0.334057 0.689362
vt 0.355661 0.671144
vt 0.361456 0.666632
vt 0.350608 0.674607
vt 0.345660 0.677331
vt 0.340233 0.679577
vt 0.333980 0.681440
vt 0.326529 0.682896
vt 0.412944 0.743530
vt 0.355054 0.740424
vt 0.345420 0.728561
vt 0.338711 0.717129
vt 0.333237 0.706634
vt 0.327925 0.697414
vt 0.322497 0.689658
vt 0.317000 0.683546
vt 0.368632 0.660767
vt 0.385601 0.666992
vt 0.398941 0.675659
vt 0.408073 0.687500
vt 0.412735 0.703030
vt 0.413921 0.721897
vt 0.156188 0.596070
vt 0.156180 0.594902
vt 0.186939 0.595761
vt 0.187008 0.597722
vt 0.156171 0.594167
vt 0.186872 0.594382
vt 0.156162 0.593561
vt 0.186794 0.593213
vt 0.156150 0.592886
vt 0.186702 0.591920
vt 0.156139 0.591907
vt 0.186610 0.590112
vt 0.156130 0.590204
vt 0.186540 0.587302
vt 0.216857 0.596062
vt 0.217088 0.598498
vt 0.216629 0.594199
vt 0.216369 0.592548
vt 0.216057 0.590744
vt 0.215746 0.588373
vt 0.215508 0.584999
vt 0.245513 0.595648
vt 0.246061 0.598390
vt 0.244973 0.593433
vt 0.244355 0.591408
vt 0.243616 0.589232
vt 0.242880 0.586536
vt 0.242316 0.582946
vt 0.272490 0.594394
vt 0.273556 0.597403
vt 0.271444 0.591910
vt 0.270254 0.589631
vt 0.268833 0.587237
vt 0.267407 0.584403
vt 0.266291 0.580802
vt 0.297385 0.592194
vt 0.299208 0.595483
vt 0.295631 0.589485
vt 0.293678 0.587044
vt 0.291367 0.584568
vt 0.288972 0.581782
vt 0.286955 0.578400
vt 0.319799 0.588946
vt 0.322649 0.592562
vt 0.317135 0.586019
vt 0.314271 0.583472
vt 0.310934 0.581018
vt 0.307315 0.578458
vt 0.303914 0.575585
vt 0.125000 0.593750
vt 0.156198 0.598653
vt 0.125000 0.593750
vt 0.156126 0.586344
vt 0.186511 0.582678
vt 0.215413 0.580144
vt 0.242091 0.578089
vt 0.265839 0.576097
vt 0.286093 0.574061
vt 0.302233 0.572000
vt 0.326072 0.597175
vt 0.301367 0.599664
vt 0.274807 0.601257
vt 0.246701 0.601997
vt 0.217358 0.601895
vt 0.400454 0.247524
vt 0.391029 0.250334
vt 0.391594 0.230760
vt 0.401351 0.227029
vt 0.384276 0.251910
vt 0.384603 0.233081
vt 0.379749 0.252211
vt 0.379917 0.234039
vt 0.377004 0.251158
vt 0.377074 0.233695
vt 0.375594 0.248531
vt 0.375615 0.232160
vt 0.375074 0.244135
vt 0.375077 0.229627
vt 0.391506 0.213439
vt 0.401212 0.208980
vt 0.384552 0.216371
vt 0.379891 0.217927
vt 0.377063 0.218277
vt 0.375611 0.217681
vt 0.375076 0.216429
vt 0.390344 0.198422
vt 0.399366 0.193648
vt 0.383880 0.201634
vt 0.379546 0.203532
vt 0.376918 0.204365
vt 0.375568 0.204397
vt 0.375071 0.203894
vt 0.387818 0.185668
vt 0.395354 0.181173
vt 0.382418 0.188673
vt 0.378798 0.190510
vt 0.376602 0.191479
vt 0.375475 0.191809
vt 0.375059 0.191714
vt 0.384169 0.174763
vt 0.389560 0.171174
vt 0.380306 0.177090
vt 0.377717 0.178518
vt 0.376146 0.179328
vt 0.375340 0.179694
vt 0.375042 0.179765
vt 0.379772 0.165171
vt 0.382577 0.163113
vt 0.377761 0.166437
vt 0.376414 0.167212
vt 0.375596 0.167666
vt 0.375177 0.167893
vt 0.375022 0.167969
vt 0.399192 0.270192
vt 0.412995 0.243524
vt 0.390234 0.272108
vt 0.383816 0.273007
vt 0.379514 0.272786
vt 0.376904 0.271278
vt 0.375564 0.268039
vt 0.375071 0.262292
vt 0.375000 0.250000
vt 0.375000 0.238281
vt 0.375000 0.226563
vt 0.375000 0.214844
vt 0.375000 0.203125
vt 0.375000 0.191406
vt 0.375000 0.179688
vt 0.375000 0.167969
vt 0.375000 0.156250
vt 0.375000 0.156250
vt 0.386311 0.159281
vt 0.405383 0.174839
vt 0.411372 0.187066
vt 0.414126 0.202847
vt 0.414334 0.221842
vt 0.156130 0.671512
vt 0.186541 0.674367
vt 0.186620 0.683288
vt 0.156140 0.681557
vt 0.215513 0.676531
vt 0.215780 0.684785
vt 0.242326 0.678308
vt 0.242959 0.686112
vt 0.266310 0.679973
vt 0.267554 0.687346
vt 0.286982 0.681543
vt 0.289184 0.688440
vt 0.303944 0.682900
vt 0.307554 0.689286
vt 0.186735 0.693338
vt 0.156154 0.692386
vt 0.216169 0.694240
vt 0.243881 0.695089
vt 0.269328 0.695880
vt 0.292080 0.696571
vt 0.311739 0.697105
vt 0.186873 0.704093
vt 0.156172 0.703612
vt 0.216634 0.704559
vt 0.244985 0.705006
vt 0.271429 0.705428
vt 0.295368 0.705833
vt 0.316179 0.706232
vt 0.187022 0.715252
vt 0.156190 0.715049
vt 0.217136 0.715449
vt 0.246175 0.715637
vt 0.273694 0.715827
vt 0.298908 0.716080
vt 0.320917 0.716477
vt 0.187178 0.726683
vt 0.156210 0.726623
vt 0.217662 0.726742
vt 0.247420 0.726798
vt 0.276099 0.726867
vt 0.302899 0.727037
vt 0.326683 0.727468
vt 0.187338 0.738296
vt 0.156230 0.738289
vt 0.218202 0.738304
vt 0.248701 0.738311
vt 0.278638 0.738329
vt 0.307516 0.738417
vt 0.334287 0.738771
vt 0.156126 0.663656
vt 0.125000 0.667969
vt 0.186511 0.667322
vt 0.215413 0.669856
vt 0.242091 0.671911
vt 0.265839 0.673903
vt 0.286093 0.675939
vt 0.317000 0.683546
vt 0.327925 0.697415
vt 0.333237 0.706633
vt 0.338711 0.717129
vt 0.345420 0.728561
vt 0.355054 0.740424
vt 0.343750 0.750000
vt 0.312500 0.750000
vt 0.281250 0.750000
vt 0.250000 0.750000
vt 0.218750 0.750000
vt 0.187500 0.750000
vt 0.156250 0.750000
vt 0.125000 0.738281
vt 0.125000 0.750000
vt 0.125000 0.726563
vt 0.125000 0.714844
vt 0.125000 0.703125
vt 0.125000 0.691406
vt 0.125000 0.679688
vt 0.156230 0.511711
vt 0.187338 0.511704
vt 0.187178 0.523317
vt 0.156210 0.523377
vt 0.218202 0.511696
vt 0.217662 0.523258
vt 0.248701 0.511689
vt 0.247420 0.523202
vt 0.278638 0.511671
vt 0.276099 0.523133
vt 0.307516 0.511583
vt 0.302899 0.522963
vt 0.334287 0.511229
vt 0.326683 0.522532
vt 0.187022 0.534748
vt 0.156190 0.534951
vt 0.217136 0.534551
vt 0.246175 0.534363
vt 0.273694 0.534173
vt 0.298908 0.533921
vt 0.320917 0.533524
vt 0.186873 0.545908
vt 0.156172 0.546388
vt 0.216634 0.545441
vt 0.244985 0.544994
vt 0.271429 0.544572
vt 0.295368 0.544167
vt 0.316179 0.543768
vt 0.186735 0.556662
vt 0.156154 0.557614
vt 0.216169 0.555760
vt 0.243881 0.554911
vt 0.269328 0.554120
vt 0.292080 0.553429
vt 0.311739 0.552895
vt 0.186620 0.566712
vt 0.156140 0.568443
vt 0.215780 0.565215
vt 0.242959 0.563888
vt 0.267554 0.562654
vt 0.289184 0.561560
vt 0.307554 0.560715
vt 0.186541 0.575634
vt 0.156130 0.578488
vt 0.215513 0.573469
vt 0.242326 0.571692
vt 0.266310 0.570027
vt 0.286982 0.568457
vt 0.303944 0.567100
vt 0.125000 0.500000
vt 0.156250 0.500000
vt 0.125000 0.511719
vt 0.187500 0.500000
vt 0.218750 0.500000
vt 0.250000 0.500000
vt 0.281250 0.500000
vt 0.312500 0.500000
vt 0.343750 0.500000
vt 0.355054 0.509576
vt 0.345420 0.521439
vt 0.338711 0.532871
vt 0.333237 0.543367
vt 0.327925 0.552586
vt 0.317000 0.566454
vt 0.286093 0.574061
vt 0.265839 0.576097
vt 0.215413 0.580144
vt 0.186511 0.582678
vt 0.156126 0.586344
vt 0.125000 0.582031
vt 0.125000 0.570313
vt 0.125000 0.558594
vt 0.125000 0.546875
vt 0.125000 0.535156
vt 0.125000 0.523438
vt 0.653059 0.641468
vt 0.643300 0.636386
vt 0.643794 0.636332
vt 0.653511 0.641391
vt 0.637444 0.630815
vt 0.637963 0.630787
vt 0.635492 0.625000
vt 0.636020 0.625000
vt 0.637444 0.619185
vt 0.637963 0.619213
vt 0.643300 0.613614
vt 0.643794 0.613668
vt 0.653059 0.608532
vt 0.653511 0.608609
vt 0.645137 0.636186
vt 0.654738 0.641181
vt 0.639373 0.630713
vt 0.637451 0.625000
vt 0.639373 0.619287
vt 0.645137 0.613814
vt 0.654738 0.608819
vt 0.647750 0.635902
vt 0.657126 0.640771
vt 0.642119 0.630567
vt 0.640239 0.625000
vt 0.642119 0.619433
vt 0.647750 0.614098
vt 0.657126 0.609229
vt 0.652038 0.635460
vt 0.661004 0.640124
vt 0.646639 0.630343
vt 0.644833 0.625000
vt 0.646639 0.619657
vt 0.652037 0.614541
vt 0.661004 0.609876
vt 0.658311 0.634941
vt 0.666467 0.639317
vt 0.653351 0.630091
vt 0.651669 0.625000
vt 0.653351 0.619909
vt 0.658311 0.615059
vt 0.666467 0.610683
vt 0.666913 0.634476
vt 0.673628 0.638504
vt 0.662673 0.629882
vt 0.661181 0.625000
vt 0.662673 0.620118
vt 0.666913 0.615524
vt 0.673628 0.611496
vt 0.652995 0.641479
vt 0.666722 0.645819
vt 0.643229 0.636393
vt 0.637370 0.630819
vt 0.635417 0.625000
vt 0.637370 0.619181
vt 0.643229 0.613607
vt 0.652995 0.608521
vt 0.666667 0.604167
vt 0.666722 0.604181
vt 0.667113 0.604278
vt 0.668172 0.604543
vt 0.670235 0.605059
vt 0.673540 0.605885
vt 0.677937 0.606984
vt 0.683055 0.608264
vt 0.683110 0.611911
vt 0.678383 0.615730
vt 0.675046 0.620206
vt 0.675046 0.629794
vt 0.678383 0.634270
vt 0.683110 0.638089
vt 0.683055 0.641736
vt 0.677937 0.643016
vt 0.673540 0.644115
vt 0.670235 0.644941
vt 0.668172 0.645457
vt 0.667113 0.645722
vt 0.641219 0.647000
vt 0.628051 0.640210
vt 0.633671 0.638797
vt 0.645579 0.644956
vt 0.619575 0.632768
vt 0.626164 0.632046
vt 0.616575 0.625000
vt 0.623551 0.625000
vt 0.619575 0.617232
vt 0.626164 0.617954
vt 0.628051 0.609791
vt 0.633671 0.611204
vt 0.641219 0.603001
vt 0.645579 0.605044
vt 0.637698 0.637784
vt 0.648703 0.643491
vt 0.630885 0.631529
vt 0.628550 0.625000
vt 0.630885 0.618471
vt 0.637698 0.612216
vt 0.648703 0.606509
vt 0.640397 0.637105
vt 0.650798 0.642509
vt 0.634049 0.631182
vt 0.631901 0.625000
vt 0.634049 0.618818
vt 0.640397 0.612895
vt 0.650798 0.607491
vt 0.642034 0.636694
vt 0.652068 0.641914
vt 0.635969 0.630972
vt 0.633934 0.625000
vt 0.635969 0.619028
vt 0.642034 0.613306
vt 0.652068 0.608086
vt 0.642875 0.636482
vt 0.652720 0.641608
vt 0.636955 0.630864
vt 0.634977 0.625000
vt 0.636955 0.619136
vt 0.642875 0.613518
vt 0.652720 0.608392
vt 0.643185 0.636404
vt 0.652961 0.641496
vt 0.637318 0.630824
vt 0.635362 0.625000
vt 0.637318 0.619176
vt 0.643185 0.613596
vt 0.652961 0.608504
vt 0.635417 0.649719
vt 0.620573 0.642090
vt 0.610807 0.616272
vt 0.635417 0.600281
vt 0.658293 0.597188
vt 0.661393 0.599772
vt 0.663615 0.601624
vt 0.665104 0.602865
vt 0.666008 0.603617
vt 0.666471 0.604004
vt 0.666642 0.604146
vt 0.678554 0.592617
vt 0.701545 0.589298
vt 0.702854 0.592597
vt 0.680631 0.595623
vt 0.726878 0.587182
vt 0.727635 0.590633
vt 0.754162 0.586216
vt 0.754549 0.589671
vt 0.783006 0.586372
vt 0.783169 0.589642
vt 0.813020 0.587703
vt 0.813069 0.590443
vt 0.843815 0.590251
vt 0.843821 0.591918
vt 0.703791 0.594943
vt 0.682119 0.597775
vt 0.728178 0.593049
vt 0.754827 0.592012
vt 0.783286 0.591737
vt 0.813103 0.592062
vt 0.843826 0.592801
vt 0.704419 0.596507
vt 0.683117 0.599216
vt 0.728541 0.594636
vt 0.755013 0.593506
vt 0.783365 0.593006
vt 0.813127 0.592987
vt 0.843828 0.593288
vt 0.704800 0.597454
vt 0.683722 0.600091
vt 0.728762 0.595594
vt 0.755126 0.594400
vt 0.783413 0.593754
vt 0.813141 0.593522
vt 0.843830 0.593567
vt 0.704996 0.597940
vt 0.684033 0.600539
vt 0.728875 0.596086
vt 0.755184 0.594859
vt 0.783437 0.594138
vt 0.813148 0.593797
vt 0.843831 0.593710
vt 0.705068 0.598119
vt 0.684147 0.600705
vt 0.728917 0.596267
vt 0.755205 0.595028
vt 0.783446 0.594279
vt 0.813151 0.593898
vt 0.843831 0.593763
vt 0.875000 0.593750
vt 0.875000 0.593750
vt 0.843832 0.593770
vt 0.813151 0.593913
vt 0.783447 0.594299
vt 0.755208 0.595052
vt 0.728923 0.596293
vt 0.705078 0.598145
vt 0.684163 0.600728
vt 0.843832 0.656225
vt 0.813152 0.656078
vt 0.813162 0.656010
vt 0.843833 0.656190
vt 0.783452 0.655687
vt 0.783483 0.655593
vt 0.755219 0.654932
vt 0.755293 0.654818
vt 0.728943 0.653689
vt 0.729084 0.653567
vt 0.705110 0.651838
vt 0.705334 0.651717
vt 0.684208 0.649256
vt 0.684519 0.649143
vt 0.813187 0.655827
vt 0.843836 0.656094
vt 0.783567 0.655336
vt 0.755493 0.654511
vt 0.729467 0.653236
vt 0.705943 0.651388
vt 0.685364 0.648837
vt 0.813236 0.655469
vt 0.843842 0.655908
vt 0.783732 0.654836
vt 0.755884 0.653911
vt 0.730213 0.652591
vt 0.707128 0.650746
vt 0.687009 0.648242
vt 0.813311 0.654852
vt 0.843851 0.655583
vt 0.783986 0.653988
vt 0.756485 0.652910
vt 0.731364 0.651523
vt 0.708973 0.649693
vt 0.689606 0.647274
vt 0.813394 0.653772
vt 0.843862 0.654994
vt 0.784266 0.652589
vt 0.757149 0.651343
vt 0.732651 0.649905
vt 0.711128 0.648142
vt 0.692845 0.645911
vt 0.813461 0.651945
vt 0.843870 0.653883
vt 0.784493 0.650406
vt 0.757688 0.649035
vt 0.733716 0.647604
vt 0.713057 0.646001
vt 0.696106 0.644122
vt 0.697767 0.641750
vt 0.713907 0.643124
vt 0.734162 0.644481
vt 0.757909 0.645809
vt 0.784587 0.647180
vt 0.843874 0.651313
vt 0.684208 0.600744
vt 0.705110 0.598162
vt 0.705334 0.598283
vt 0.684519 0.600857
vt 0.728943 0.596311
vt 0.729084 0.596433
vt 0.755219 0.595068
vt 0.755293 0.595182
vt 0.783452 0.594313
vt 0.783483 0.594407
vt 0.813152 0.593922
vt 0.813162 0.593990
vt 0.843832 0.593775
vt 0.843833 0.593811
vt 0.705943 0.598612
vt 0.685364 0.601163
vt 0.729467 0.596764
vt 0.755493 0.595490
vt 0.783567 0.594664
vt 0.813187 0.594173
vt 0.843836 0.593906
vt 0.707128 0.599254
vt 0.687009 0.601758
vt 0.730213 0.597409
vt 0.755884 0.596089
vt 0.783732 0.595164
vt 0.813236 0.594531
vt 0.843842 0.594092
vt 0.708973 0.600307
vt 0.689605 0.602726
vt 0.731364 0.598477
vt 0.756485 0.597090
vt 0.783986 0.596013
vt 0.813311 0.595148
vt 0.843851 0.594417
vt 0.711129 0.601858
vt 0.692845 0.604089
vt 0.732651 0.600095
vt 0.757149 0.598657
vt 0.784266 0.597411
vt 0.813394 0.596228
vt 0.843862 0.595006
vt 0.713058 0.603999
vt 0.696106 0.605878
vt 0.733716 0.602396
vt 0.757688 0.600965
vt 0.784493 0.599594
vt 0.813461 0.598055
vt 0.843870 0.596117
vt 0.398117 0.455270
vt 0.389516 0.454049
vt 0.389067 0.428595
vt 0.397358 0.429306
vt 0.383272 0.453607
vt 0.383103 0.428411
vt 0.378948 0.454064
vt 0.379064 0.428853
vt 0.376150 0.455570
vt 0.376565 0.430008
vt 0.374666 0.458420
vt 0.375291 0.431909
vt 0.374356 0.462888
vt 0.374914 0.434512
vt 0.388791 0.402066
vt 0.396902 0.402391
vt 0.382976 0.402007
vt 0.379073 0.402270
vt 0.376700 0.402889
vt 0.375482 0.403816
vt 0.375045 0.404973
vt 0.388696 0.375000
vt 0.396749 0.375000
vt 0.382926 0.375000
vt 0.379058 0.375000
vt 0.376712 0.375000
vt 0.375507 0.375000
vt 0.375063 0.375000
vt 0.388792 0.347934
vt 0.396902 0.347609
vt 0.382982 0.347993
vt 0.379087 0.347730
vt 0.376724 0.347111
vt 0.375511 0.346185
vt 0.375064 0.345027
vt 0.389081 0.321405
vt 0.397360 0.320694
vt 0.383149 0.321589
vt 0.379172 0.321147
vt 0.376760 0.319992
vt 0.375522 0.318091
vt 0.375065 0.315488
vt 0.389561 0.295951
vt 0.398123 0.294730
vt 0.383427 0.296393
vt 0.379315 0.295937
vt 0.376820 0.294429
vt 0.375539 0.291576
vt 0.375067 0.287104
vt 0.409516 0.457153
vt 0.375000 0.468750
vt 0.375000 0.437500
vt 0.375000 0.406250
vt 0.375000 0.375000
vt 0.375000 0.343750
vt 0.375000 0.312500
vt 0.375000 0.281250
vt 0.409516 0.292847
vt 0.408377 0.319553
vt 0.407693 0.347073
vt 0.407465 0.375000
vt 0.407693 0.402927
vt 0.408377 0.430447
vt 0.673096 0.735661
vt 0.698103 0.737230
vt 0.698843 0.741994
vt 0.674335 0.741015
vt 0.724884 0.738617
vt 0.725296 0.742911
vt 0.753140 0.740001
vt 0.753349 0.743886
vt 0.782575 0.741581
vt 0.782663 0.745034
vt 0.812893 0.743645
vt 0.812919 0.746438
vt 0.843799 0.746462
vt 0.843802 0.748136
vt 0.698964 0.745414
vt 0.674700 0.744930
vt 0.725322 0.745933
vt 0.753356 0.746536
vt 0.782666 0.747259
vt 0.812919 0.748096
vt 0.843803 0.749024
vt 0.698336 0.747738
vt 0.674039 0.747691
vt 0.724873 0.747933
vt 0.753114 0.748237
vt 0.782564 0.748615
vt 0.812889 0.749047
vt 0.843799 0.749515
vt 0.696845 0.749195
vt 0.672155 0.749541
vt 0.723893 0.749147
vt 0.752596 0.749256
vt 0.782345 0.749416
vt 0.812824 0.749598
vt 0.843791 0.749795
vt 0.694449 0.749934
vt 0.668689 0.750539
vt 0.722458 0.749769
vt 0.751854 0.749780
vt 0.782032 0.749827
vt 0.812732 0.749881
vt 0.843779 0.749939
vt 0.691207 0.750114
vt 0.663302 0.750669
vt 0.720690 0.749986
vt 0.750964 0.749973
vt 0.781657 0.749978
vt 0.812621 0.749985
vt 0.843765 0.749992
vt 0.650161 0.733731
vt 0.875000 0.750000
vt 0.875000 0.750000
vt 0.875000 0.750000
vt 0.843750 0.750000
vt 0.812500 0.750000
vt 0.781250 0.750000
vt 0.750000 0.750000
vt 0.718750 0.750000
vt 0.687500 0.750000
vt 0.656250 0.750000
vt 0.639901 0.753306
vt 0.625000 0.750000
vt 0.646710 0.752225
vt 0.650612 0.750373
vt 0.652517 0.747830
vt 0.652947 0.744432
vt 0.652116 0.739855
vt 0.423918 0.290511
vt 0.440599 0.288299
vt 0.438496 0.316787
vt 0.422311 0.318133
vt 0.458603 0.286874
vt 0.456054 0.315920
vt 0.476974 0.286903
vt 0.474105 0.315938
vt 0.494819 0.288817
vt 0.491814 0.317102
vt 0.511510 0.292104
vt 0.508517 0.319101
vt 0.526486 0.296015
vt 0.523591 0.321480
vt 0.437234 0.345770
vt 0.421347 0.346404
vt 0.454524 0.345362
vt 0.472384 0.345370
vt 0.490012 0.345918
vt 0.506721 0.346860
vt 0.521855 0.347981
vt 0.436814 0.375000
vt 0.421026 0.375000
vt 0.454014 0.375000
vt 0.471810 0.375000
vt 0.489411 0.375000
vt 0.506123 0.375000
vt 0.521276 0.375000
vt 0.437234 0.404230
vt 0.421347 0.403596
vt 0.454524 0.404638
vt 0.472384 0.404630
vt 0.490012 0.404082
vt 0.506721 0.403140
vt 0.521855 0.402019
vt 0.438496 0.433213
vt 0.422311 0.431867
vt 0.456054 0.434080
vt 0.474105 0.434062
vt 0.491814 0.432898
vt 0.508517 0.430899
vt 0.523591 0.428520
vt 0.440599 0.461701
vt 0.423918 0.459489
vt 0.458603 0.463126
vt 0.476974 0.463097
vt 0.494819 0.461183
vt 0.511510 0.457896
vt 0.526486 0.453985
vt 0.426168 0.263865
vt 0.443544 0.260552
vt 0.462173 0.258419
vt 0.499025 0.261329
vt 0.515701 0.266249
vt 0.530538 0.272105
vt 0.539182 0.299805
vt 0.536415 0.323785
vt 0.534755 0.349067
vt 0.534201 0.375000
vt 0.534755 0.400933
vt 0.536415 0.426215
vt 0.539182 0.450195
vt 0.543056 0.472222
vt 0.515701 0.483751
vt 0.499025 0.488671
vt 0.462173 0.491581
vt 0.443544 0.489448
vt 0.426168 0.486135
vt 0.409516 0.457153
vt 0.411111 0.482639
vt 0.407465 0.375000
vt 0.407693 0.347073
vt 0.408377 0.319553
vt 0.580288 0.320936
vt 0.584522 0.317336
vt 0.584096 0.334936
vt 0.579550 0.337059
vt 0.589684 0.313165
vt 0.589453 0.332155
vt 0.595675 0.308743
vt 0.595559 0.329005
vt 0.602374 0.304022
vt 0.602325 0.325614
vt 0.609616 0.298270
vt 0.609601 0.321779
vt 0.617218 0.290678
vt 0.617216 0.317322
vt 0.583709 0.354476
vt 0.578952 0.355453
vt 0.589227 0.353090
vt 0.595442 0.351456
vt 0.602277 0.349692
vt 0.609587 0.347812
vt 0.617214 0.345814
vt 0.583544 0.375000
vt 0.578713 0.375000
vt 0.589126 0.375000
vt 0.595390 0.375000
vt 0.602254 0.375000
vt 0.609580 0.375000
vt 0.617213 0.375000
vt 0.583711 0.395525
vt 0.578952 0.394547
vt 0.589231 0.396910
vt 0.595453 0.398545
vt 0.602295 0.400308
vt 0.609608 0.402188
vt 0.617228 0.404186
vt 0.584106 0.415064
vt 0.579551 0.412941
vt 0.589487 0.417845
vt 0.595640 0.420995
vt 0.602472 0.424386
vt 0.609774 0.428221
vt 0.617329 0.432678
vt 0.584557 0.432664
vt 0.580292 0.429064
vt 0.589800 0.436835
vt 0.595949 0.441257
vt 0.602877 0.445977
vt 0.610270 0.451723
vt 0.617751 0.459308
vt 0.578125 0.312500
vt 0.580692 0.308000
vt 0.577028 0.322644
vt 0.584727 0.302503
vt 0.589790 0.297075
vt 0.595727 0.291763
vt 0.602397 0.286282
vt 0.609622 0.279526
vt 0.617219 0.269750
vt 0.625000 0.281250
vt 0.625000 0.312500
vt 0.625000 0.343750
vt 0.625000 0.375000
vt 0.625000 0.406250
vt 0.625000 0.437500
vt 0.625000 0.468750
vt 0.619734 0.480054
vt 0.611575 0.470420
vt 0.603638 0.463711
vt 0.596378 0.458237
vt 0.590065 0.452925
vt 0.584808 0.447497
vt 0.580702 0.442000
vt 0.577028 0.427356
vt 0.578125 0.437500
vt 0.575846 0.412081
vt 0.575011 0.394175
vt 0.574701 0.375000
vt 0.575011 0.355825
vt 0.575846 0.337919
vt 0.549205 0.447089
vt 0.546547 0.424322
vt 0.554271 0.422708
vt 0.556838 0.444478
vt 0.544952 0.400040
vt 0.552731 0.399271
vt 0.544421 0.375000
vt 0.552218 0.375000
vt 0.544952 0.349960
vt 0.552731 0.350729
vt 0.546547 0.325678
vt 0.554271 0.327292
vt 0.549205 0.302911
vt 0.556838 0.305523
vt 0.560053 0.421121
vt 0.562533 0.441987
vt 0.558565 0.398500
vt 0.558068 0.375000
vt 0.558565 0.351500
vt 0.560053 0.328879
vt 0.562533 0.308013
vt 0.564357 0.419313
vt 0.566742 0.439243
vt 0.562925 0.397602
vt 0.562447 0.375000
vt 0.562925 0.352398
vt 0.564357 0.330687
vt 0.566742 0.310757
vt 0.567643 0.417135
vt 0.569902 0.435985
vt 0.566284 0.396512
vt 0.565829 0.375000
vt 0.566284 0.353488
vt 0.567643 0.332865
vt 0.569902 0.314015
vt 0.570349 0.414853
vt 0.572393 0.432412
vt 0.569106 0.395407
vt 0.568684 0.375000
vt 0.569106 0.354593
vt 0.570349 0.335147
vt 0.572393 0.317588
vt 0.572918 0.412915
vt 0.574598 0.429032
vt 0.571858 0.394532
vt 0.571485 0.375000
vt 0.571858 0.355468
vt 0.572918 0.337085
vt 0.574597 0.320968
vt 0.543056 0.472222
vt 0.539182 0.450195
vt 0.552926 0.467582
vt 0.536415 0.426215
vt 0.534755 0.400933
vt 0.534202 0.375000
vt 0.534755 0.349067
vt 0.536415 0.323785
vt 0.539182 0.299805
vt 0.543056 0.277778
vt 0.552926 0.282418
vt 0.560430 0.286253
vt 0.566003 0.289781
vt 0.570076 0.293499
vt 0.573060 0.297808
vt 0.575268 0.302720
vt 0.576955 0.308027
vt 0.577028 0.322644
vt 0.575846 0.337919
vt 0.575011 0.355825
vt 0.574701 0.375000
vt 0.575011 0.394175
vt 0.575846 0.412081
vt 0.577028 0.427356
vt 0.576956 0.441973
vt 0.575268 0.447280
vt 0.573060 0.452192
vt 0.570076 0.456501
vt 0.566003 0.460219
vt 0.560431 0.463747
vt 0.557728 0.264903
vt 0.563701 0.250860
vt 0.570728 0.257584
vt 0.565053 0.270198
vt 0.570951 0.240729
vt 0.577479 0.248520
vt 0.579586 0.234952
vt 0.585332 0.243113
vt 0.589634 0.233754
vt 0.594262 0.241317
vt 0.600801 0.236502
vt 0.604038 0.242466
vt 0.612714 0.242314
vt 0.614378 0.245701
vt 0.575875 0.263354
vt 0.570458 0.274890
vt 0.582227 0.255020
vt 0.589486 0.249732
vt 0.597594 0.247242
vt 0.606363 0.246935
vt 0.615571 0.248099
vt 0.579519 0.268895
vt 0.574350 0.279596
vt 0.585531 0.261039
vt 0.592335 0.255667
vt 0.599855 0.252391
vt 0.607929 0.250708
vt 0.616372 0.250089
vt 0.582011 0.274912
vt 0.577111 0.284874
vt 0.587711 0.267391
vt 0.594154 0.261805
vt 0.601264 0.257672
vt 0.608890 0.254575
vt 0.616859 0.252128
vt 0.583593 0.282041
vt 0.579005 0.291052
vt 0.589004 0.274931
vt 0.595177 0.269167
vt 0.602026 0.264237
vt 0.609395 0.259612
vt 0.617111 0.254864
vt 0.584459 0.290949
vt 0.580220 0.298475
vt 0.589628 0.284528
vt 0.595627 0.278802
vt 0.602337 0.273325
vt 0.609590 0.267184
vt 0.617205 0.259448
vt 0.554416 0.242459
vt 0.562306 0.230842
vt 0.571962 0.224392
vt 0.583484 0.223653
vt 0.596495 0.227919
vt 0.610499 0.236335
vt 0.625000 0.250000
vt 0.625000 0.250000
vt 0.629560 0.518518
vt 0.611404 0.520153
vt 0.615381 0.512153
vt 0.632463 0.511441
vt 0.595767 0.520022
vt 0.600808 0.511395
vt 0.582726 0.516970
vt 0.588681 0.508281
vt 0.572276 0.510082
vt 0.578891 0.502068
vt 0.564093 0.499381
vt 0.571146 0.492590
vt 0.557777 0.485127
vt 0.565106 0.479824
vt 0.617827 0.505857
vt 0.634021 0.506009
vt 0.604166 0.504455
vt 0.592842 0.501148
vt 0.583642 0.495351
vt 0.576294 0.486756
vt 0.570510 0.475124
vt 0.618764 0.500658
vt 0.634161 0.501742
vt 0.605978 0.498486
vt 0.595449 0.494795
vt 0.586845 0.489156
vt 0.579908 0.481162
vt 0.574399 0.470412
vt 0.618256 0.495852
vt 0.632779 0.498129
vt 0.606425 0.492680
vt 0.596759 0.488390
vt 0.588810 0.482691
vt 0.582337 0.475112
vt 0.577151 0.465129
vt 0.616517 0.490342
vt 0.629663 0.494538
vt 0.605880 0.485846
vt 0.597112 0.480891
vt 0.589820 0.475093
vt 0.583835 0.467966
vt 0.579035 0.458949
vt 0.613952 0.482681
vt 0.624790 0.489860
vt 0.604779 0.476670
vt 0.596866 0.471205
vt 0.590151 0.465475
vt 0.584614 0.459052
vt 0.580239 0.451525
vt 0.625387 0.527720
vt 0.605870 0.530463
vt 0.588909 0.531050
vt 0.574740 0.527995
vt 0.563478 0.520165
vt 0.548116 0.491648
vt 0.580702 0.442000
vt 0.584808 0.447497
vt 0.590065 0.452925
vt 0.603638 0.463711
vt 0.611575 0.470420
vt 0.619734 0.480054
vt 0.555474 0.968813
vt 0.550158 0.938007
vt 0.555740 0.938070
vt 0.558847 0.968821
vt 0.546888 0.907961
vt 0.553643 0.908174
vt 0.545390 0.879056
vt 0.552693 0.879560
vt 0.545361 0.851671
vt 0.552932 0.852653
vt 0.546668 0.826185
vt 0.554331 0.827863
vt 0.549220 0.802975
vt 0.556845 0.805594
vt 0.559187 0.938134
vt 0.560713 0.968829
vt 0.558173 0.908389
vt 0.557883 0.880069
vt 0.558487 0.853639
vt 0.560030 0.829512
vt 0.562530 0.808092
vt 0.561412 0.938208
vt 0.561876 0.968839
vt 0.561268 0.908641
vt 0.561605 0.880667
vt 0.562570 0.854789
vt 0.564252 0.831395
vt 0.566729 0.810846
vt 0.563110 0.938299
vt 0.562759 0.968850
vt 0.563646 0.908947
vt 0.564476 0.881393
vt 0.565713 0.856185
vt 0.567474 0.833664
vt 0.569881 0.814115
vt 0.564745 0.938390
vt 0.563635 0.968861
vt 0.565831 0.909255
vt 0.567003 0.882122
vt 0.568397 0.857598
vt 0.570139 0.836037
vt 0.572367 0.817699
vt 0.566776 0.938461
vt 0.564852 0.968870
vt 0.568303 0.909492
vt 0.569664 0.882684
vt 0.571090 0.858709
vt 0.572691 0.838046
vt 0.574569 0.821088
vt 0.562500 1.000000
vt 0.547753 0.968804
vt 0.562500 1.000000
vt 0.540875 0.937934
vt 0.537040 0.907715
vt 0.535330 0.878472
vt 0.535231 0.850532
vt 0.536556 0.824219
vt 0.539199 0.799859
vt 0.543056 0.777778
vt 0.552926 0.782418
vt 0.560430 0.786253
vt 0.566003 0.789781
vt 0.570076 0.793499
vt 0.573060 0.797808
vt 0.575268 0.802720
vt 0.576955 0.808027
vt 0.578125 0.812500
vt 0.577000 0.822767
vt 0.575626 0.838907
vt 0.574269 0.859162
vt 0.572941 0.882909
vt 0.571571 0.909587
vt 0.569882 0.938489
vt 0.567438 0.968874
vt 0.580268 0.821056
vt 0.584539 0.817446
vt 0.583964 0.835816
vt 0.579363 0.838018
vt 0.589789 0.813261
vt 0.589396 0.832920
vt 0.595943 0.808821
vt 0.595592 0.829632
vt 0.602874 0.804083
vt 0.602451 0.826092
vt 0.610270 0.798317
vt 0.609768 0.822101
vt 0.617751 0.790713
vt 0.617328 0.817484
vt 0.583231 0.857446
vt 0.578315 0.858691
vt 0.588922 0.855672
vt 0.595290 0.853571
vt 0.602226 0.851306
vt 0.609588 0.848901
vt 0.617226 0.846362
vt 0.582408 0.882041
vt 0.577205 0.882674
vt 0.588393 0.881119
vt 0.595004 0.880015
vt 0.602092 0.878825
vt 0.609532 0.877580
vt 0.617207 0.876299
vt 0.581523 0.909220
vt 0.576021 0.909487
vt 0.587827 0.908831
vt 0.594706 0.908366
vt 0.601966 0.907864
vt 0.609495 0.907339
vt 0.617202 0.906798
vt 0.580525 0.938380
vt 0.574578 0.938459
vt 0.587225 0.938265
vt 0.594395 0.938127
vt 0.601835 0.937978
vt 0.609456 0.937823
vt 0.617198 0.937662
vt 0.579371 0.968860
vt 0.572675 0.968870
vt 0.586591 0.968846
vt 0.594075 0.968828
vt 0.601700 0.968810
vt 0.609416 0.968790
vt 0.617193 0.968770
vt 0.580702 0.808000
vt 0.577000 0.822768
vt 0.584808 0.802503
vt 0.590065 0.797075
vt 0.596378 0.791763
vt 0.603638 0.786289
vt 0.611575 0.779580
vt 0.619734 0.769947
vt 0.625000 0.781250
vt 0.625000 0.812500
vt 0.625000 0.843750
vt 0.625000 0.875000
vt 0.625000 0.906250
vt 0.625000 0.937500
vt 0.625000 0.968750
vt 0.625000 1.000000
vt 0.617188 1.000000
vt 0.609375 1.000000
vt 0.601563 1.000000
vt 0.593750 1.000000
vt 0.585938 1.000000
vt 0.578125 1.000000
vt 0.570313 1.000000
vt 0.567437 0.968874
vt 0.569882 0.938489
vt 0.572941 0.882909
vt 0.574269 0.859162
vt 0.423868 0.790539
vt 0.440554 0.788319
vt 0.438132 0.816952
vt 0.421907 0.818349
vt 0.458567 0.786890
vt 0.455764 0.816052
vt 0.476950 0.786920
vt 0.473914 0.816071
vt 0.494809 0.788839
vt 0.491734 0.817279
vt 0.511513 0.792136
vt 0.508541 0.819355
vt 0.526499 0.796059
vt 0.523696 0.821826
vt 0.436006 0.846326
vt 0.419981 0.847135
vt 0.453547 0.845806
vt 0.471738 0.845816
vt 0.489739 0.846516
vt 0.506803 0.847717
vt 0.522208 0.849147
vt 0.433902 0.876319
vt 0.417788 0.876733
vt 0.451698 0.876052
vt 0.470280 0.876058
vt 0.488765 0.876416
vt 0.506316 0.877031
vt 0.522113 0.877763
vt 0.431562 0.906807
vt 0.414981 0.906981
vt 0.450025 0.906694
vt 0.469395 0.906696
vt 0.488725 0.906847
vt 0.507085 0.907107
vt 0.523531 0.907416
vt 0.428790 0.937665
vt 0.411044 0.937717
vt 0.448435 0.937632
vt 0.468941 0.937632
vt 0.489435 0.937677
vt 0.509050 0.937754
vt 0.526756 0.937845
vt 0.425486 0.968771
vt 0.405489 0.968777
vt 0.446870 0.968766
vt 0.468774 0.968767
vt 0.490676 0.968772
vt 0.512057 0.968782
vt 0.532049 0.968793
vt 0.411111 0.767361
vt 0.426168 0.763865
vt 0.409466 0.792881
vt 0.443544 0.760552
vt 0.462173 0.758420
vt 0.499025 0.761329
vt 0.515701 0.766249
vt 0.530538 0.772105
vt 0.543056 0.777778
vt 0.539200 0.799859
vt 0.536556 0.824219
vt 0.535231 0.850532
vt 0.535330 0.878472
vt 0.547753 0.968804
vt 0.539062 1.000000
vt 0.515625 1.000000
vt 0.492188 1.000000
vt 0.468750 1.000000
vt 0.445313 1.000000
vt 0.421875 1.000000
vt 0.398438 1.000000
vt 0.396886 0.937771
vt 0.401339 0.907166
vt 0.404253 0.877170
vt 0.407975 0.819824
vt 0.612729 0.007770
vt 0.600922 0.014042
vt 0.604098 0.008403
vt 0.614386 0.004529
vt 0.590043 0.018007
vt 0.594463 0.011004
vt 0.580556 0.019158
vt 0.585807 0.011882
vt 0.572887 0.017241
vt 0.578390 0.010780
vt 0.567312 0.012862
vt 0.572196 0.008077
vt 0.563998 0.006842
vt 0.567063 0.004306
vt 0.606339 0.004706
vt 0.615568 0.002518
vt 0.597516 0.006235
vt 0.589301 0.006802
vt 0.581835 0.006207
vt 0.575008 0.004665
vt 0.568637 0.002490
vt 0.607823 0.002387
vt 0.616359 0.001275
vt 0.599499 0.003174
vt 0.591493 0.003472
vt 0.583875 0.003174
vt 0.576573 0.002387
vt 0.569484 0.001275
vt 0.608720 0.001007
vt 0.616838 0.000538
vt 0.600692 0.001339
vt 0.592798 0.001465
vt 0.585067 0.001339
vt 0.577470 0.001007
vt 0.569963 0.000538
vt 0.609181 0.000298
vt 0.617084 0.000159
vt 0.601305 0.000397
vt 0.593468 0.000434
vt 0.585680 0.000397
vt 0.577931 0.000298
vt 0.570209 0.000159
vt 0.609351 0.000037
vt 0.617175 0.000020
vt 0.601530 0.000050
vt 0.593715 0.000054
vt 0.585905 0.000050
vt 0.578101 0.000037
vt 0.570300 0.000020
vt 0.610517 0.013719
vt 0.625000 0.000000
vt 0.596636 0.022515
vt 0.583960 0.027812
vt 0.573090 0.029080
vt 0.564592 0.025940
vt 0.558876 0.019260
vt 0.556643 0.010220
vt 0.562500 0.000000
vt 0.570313 0.000000
vt 0.578125 0.000000
vt 0.585938 0.000000
vt 0.593750 0.000000
vt 0.601563 0.000000
vt 0.609375 0.000000
vt 0.617188 0.000000
vt 0.557777 0.764873
vt 0.564093 0.750620
vt 0.571146 0.757410
vt 0.565106 0.770176
vt 0.572276 0.739918
vt 0.578891 0.747932
vt 0.582726 0.733030
vt 0.588681 0.741719
vt 0.595767 0.729979
vt 0.600808 0.738605
vt 0.611404 0.729847
vt 0.615381 0.737847
vt 0.629560 0.731482
vt 0.632463 0.738559
vt 0.576294 0.763245
vt 0.570510 0.774876
vt 0.583642 0.754649
vt 0.592842 0.748852
vt 0.604166 0.745545
vt 0.617827 0.744143
vt 0.634021 0.743991
vt 0.579908 0.768838
vt 0.574399 0.779589
vt 0.586845 0.760844
vt 0.595449 0.755205
vt 0.605978 0.751514
vt 0.618764 0.749342
vt 0.634161 0.748258
vt 0.582337 0.774888
vt 0.577151 0.784872
vt 0.588810 0.767309
vt 0.596759 0.761611
vt 0.606425 0.757320
vt 0.618256 0.754148
vt 0.632779 0.751871
vt 0.583835 0.782034
vt 0.579035 0.791051
vt 0.589820 0.774907
vt 0.597112 0.769109
vt 0.605880 0.764154
vt 0.616517 0.759658
vt 0.629663 0.755462
vt 0.584614 0.790948
vt 0.580239 0.798475
vt 0.590151 0.784525
vt 0.596866 0.778795
vt 0.604779 0.773330
vt 0.613951 0.767319
vt 0.624790 0.760140
vt 0.554763 0.742160
vt 0.574740 0.722005
vt 0.588909 0.718950
vt 0.605870 0.719537
vt 0.625387 0.722280
s 0
f 591/1/1 592/2/1 599/3/1 598/4/1
f 592/2/2 593/5/2 600/6/2 599/3/2
f 593/5/3 594/7/3 601/8/3 600/6/3
f 594/7/4 595/9/4 602/10/4 601/8/4
f 595/9/5 596/11/5 603/12/5 602/10/5
f 596/11/6 597/13/6 604/14/6 603/12/6
f 598/4/7 599/3/7 606/15/7 605/16/7
f 599/3/8 600/6/8 607/17/8 606/15/8
f 600/6/9 601/8/9 608/18/9 607/17/9
f 601/8/10 602/10/10 609/19/10 608/18/10
f 602/10/11 603/12/11 610/20/11 609/19/11
f 603/12/12 604/14/12 611/21/12 610/20/12
f 605/16/13 606/15/13 613/22/13 612/23/13
f 606/15/14 607/17/14 614/24/14 613/22/14
f 607/17/15 608/18/15 615/25/15 614/24/15
f 608/18/16 609/19/16 616/26/16 615/25/16
f 609/19/17 610/20/17 617/27/17 616/26/17
f 610/20/18 611/21/18 618/28/18 617/27/18
f 612/23/19 613/22/19 620/29/19 619/30/19
f 613/22/20 614/24/20 621/31/20 620/29/20
f 614/24/21 615/25/21 622/32/21 621/31/21
f 615/25/22 616/26/22 623/33/22 622/32/22
f 616/26/23 617/27/23 624/34/23 623/33/23
f 617/27/24 618/28/24 625/35/24 624/34/24
f 619/30/25 620/29/25 627/36/25 626/37/25
f 620/29/26 621/31/26 628/38/26 627/36/26
f 621/31/27 622/32/27 629/39/27 628/38/27
f 622/32/28 623/33/28 630/40/28 629/39/28
f 623/33/29 624/34/29 631/41/29 630/40/29
f 624/34/30 625/35/30 632/42/30 631/41/30
f 626/37/31 627/36/31 634/43/31 633/44/31
f 627/36/32 628/38/32 635/45/32 634/43/32
f 628/38/33 629/39/33 636/46/33 635/45/33
f 629/39/34 630/40/34 637/47/34 636/46/34
f 630/40/35 631/41/35 638/48/35 637/47/35
f 631/41/36 632/42/36 639/49/36 638/48/36
f 4/50/37 52/51/37 591/1/37 499/52/37
f 52/51/38 53/53/38 592/2/38 591/1/38
f 53/53/39 54/54/39 593/5/39 592/2/39
f 54/54/40 55/55/40 594/7/40 593/5/40
f 55/55/41 56/56/41 595/9/41 594/7/41
f 56/56/42 57/57/42 596/11/42 595/9/42
f 57/57/43 58/58/43 597/13/43 596/11/43
f 58/58/44 8/59/44 486/60/44 597/13/44
f 597/13/45 486/60/45 487/61/45 604/14/45
f 604/14/46 487/61/46 488/62/46 611/21/46
f 611/21/47 488/62/47 489/63/47 618/28/47
f 618/28/48 489/63/48 490/64/48 625/35/48
f 625/35/49 490/64/49 491/65/49 632/42/49
f 632/42/50 491/65/50 492/66/50 639/49/50
f 639/49/51 492/66/51 36/67/51 464/68/51
f 638/48/52 639/49/52 464/68/52 463/69/52
f 637/47/53 638/48/53 463/69/53 462/70/53
f 636/46/54 637/47/54 462/70/54 461/71/54
f 635/45/55 636/46/55 461/71/55 460/72/55
f 634/43/56 635/45/56 460/72/56 459/73/56
f 633/44/57 634/43/57 459/73/57 458/74/57
f 493/52/58 633/44/58 458/74/58 35/52/58
f 494/52/59 626/37/59 633/44/59 493/52/59
f 495/75/60 619/30/60 626/37/60 494/52/60
f 496/52/61 612/23/61 619/30/61 495/75/61
f 497/75/62 605/16/62 612/23/62 496/52/62
f 498/52/63 598/4/63 605/16/63 497/75/63
f 499/52/64 591/1/64 598/4/64 498/52/64
f 640/76/65 641/77/65 648/78/65 647/79/65
f 641/77/66 642/80/66 649/81/66 648/78/66
f 642/80/67 643/82/67 650/83/67 649/81/67
f 643/82/68 644/84/68 651/85/68 650/83/68
f 644/84/69 645/86/69 652/87/69 651/85/69
f 645/86/70 646/88/70 653/89/70 652/87/70
f 647/79/71 648/78/71 655/90/71 654/91/71
f 648/78/72 649/81/72 656/92/72 655/90/72
f 649/81/73 650/83/73 657/93/73 656/92/73
f 650/83/74 651/85/74 658/94/74 657/93/74
f 651/85/75 652/87/75 659/95/75 658/94/75
f 652/87/76 653/89/76 660/96/76 659/95/76
f 654/91/77 655/90/77 662/97/77 661/98/77
f 655/90/78 656/92/78 663/99/78 662/97/78
f 656/92/79 657/93/79 664/100/79 663/99/79
f 657/93/80 658/94/80 665/101/80 664/100/80
f 658/94/81 659/95/81 666/102/81 665/101/81
f 659/95/82 660/96/82 667/103/82 666/102/82
f 661/98/83 662/97/83 669/104/83 668/105/83
f 662/97/84 663/99/84 670/106/84 669/104/84
f 663/99/85 664/100/85 671/107/85 670/106/85
f 664/100/86 665/101/86 672/108/86 671/107/86
f 665/101/87 666/102/87 673/109/87 672/108/87
f 666/102/88 667/103/88 674/110/88 673/109/88
f 668/105/89 669/104/89 676/111/89 675/112/89
f 669/104/90 670/106/90 677/113/90 676/111/90
f 670/106/91 671/107/91 678/114/91 677/113/91
f 671/107/92 672/108/92 679/115/92 678/114/92
f 672/108/93 673/109/93 680/116/93 679/115/93
f 673/109/94 674/110/94 681/117/94 680/116/94
f 675/112/95 676/111/95 683/118/95 682/119/95
f 676/111/96 677/113/96 684/120/96 683/118/96
f 677/113/97 678/114/97 685/121/97 684/120/97
f 678/114/98 679/115/98 686/122/98 685/121/98
f 679/115/99 680/116/99 687/123/99 686/122/99
f 680/116/100 681/117/100 688/124/100 687/123/100
f 9/125/101 136/126/101 640/76/101 254/127/101
f 136/126/102 137/128/102 641/77/102 640/76/102
f 137/128/103 138/129/103 642/80/103 641/77/103
f 138/129/104 139/130/104 643/82/104 642/80/104
f 139/130/105 140/131/105 644/84/105 643/82/105
f 140/131/106 141/132/106 645/86/106 644/84/106
f 141/132/107 142/133/107 646/88/107 645/86/107
f 142/133/108 12/134/108 255/135/108 646/88/108
f 646/88/109 255/135/109 256/136/109 653/89/109
f 653/89/110 256/136/110 257/137/110 660/96/110
f 660/96/111 257/137/111 258/138/111 667/103/111
f 667/103/112 258/138/112 259/139/112 674/110/112
f 674/110/113 259/139/113 260/140/113 681/117/113
f 681/117/114 260/140/114 261/141/114 688/124/114
f 688/124/115 261/141/115 23/142/115 268/143/115
f 687/123/116 688/124/116 268/143/116 267/144/116
f 686/122/117 687/123/117 267/144/117 266/145/117
f 685/121/118 686/122/118 266/145/118 265/146/118
f 684/120/119 685/121/119 265/146/119 264/147/119
f 683/118/120 684/120/120 264/147/120 263/148/120
f 682/119/121 683/118/121 263/148/121 262/149/121
f 248/150/122 682/119/122 262/149/122 22/125/122
f 249/127/123 675/112/123 682/119/123 248/150/123
f 250/150/124 668/105/124 675/112/124 249/127/124
f 251/127/125 661/98/125 668/105/125 250/150/125
f 252/150/126 654/91/126 661/98/126 251/127/126
f 253/127/127 647/79/127 654/91/127 252/150/127
f 254/127/128 640/76/128 647/79/128 253/127/128
f 689/151/129 690/152/129 697/153/129 696/154/129
f 690/152/130 691/155/130 698/156/130 697/153/130
f 691/155/131 692/157/131 699/158/131 698/156/131
f 692/157/132 693/159/132 700/160/132 699/158/132
f 693/159/133 694/161/133 701/162/133 700/160/133
f 694/161/134 695/163/134 702/164/134 701/162/134
f 696/154/135 697/153/135 704/165/135 703/166/135
f 697/153/136 698/156/136 705/167/136 704/165/136
f 698/156/137 699/158/137 706/168/137 705/167/137
f 699/158/138 700/160/138 707/169/138 706/168/138
f 700/160/139 701/162/139 708/170/139 707/169/139
f 701/162/140 702/164/140 709/171/140 708/170/140
f 703/166/141 704/165/141 711/172/141 710/173/141
f 704/165/142 705/167/142 712/174/142 711/172/142
f 705/167/143 706/168/143 713/175/143 712/174/143
f 706/168/144 707/169/144 714/176/144 713/175/144
f 707/169/145 708/170/145 715/177/145 714/176/145
f 708/170/146 709/171/146 716/178/146 715/177/146
f 710/173/147 711/172/147 718/179/147 717/180/147
f 711/172/148 712/174/148 719/181/148 718/179/148
f 712/174/149 713/175/149 720/182/149 719/181/149
f 713/175/150 714/176/150 721/183/150 720/182/150
f 714/176/151 715/177/151 722/184/151 721/183/151
f 715/177/152 716/178/152 723/185/152 722/184/152
f 717/180/153 718/179/153 725/186/153 724/187/153
f 718/179/154 719/181/154 726/188/154 725/186/154
f 719/181/155 720/182/155 727/189/155 726/188/155
f 720/182/156 721/183/156 728/190/156 727/189/156
f 721/183/157 722/184/157 729/191/157 728/190/157
f 722/184/158 723/185/158 730/192/158 729/191/158
f 724/187/159 725/186/159 732/193/159 731/194/159
f 725/186/160 726/188/160 733/195/160 732/193/160
f 726/188/161 727/189/161 734/196/161 733/195/161
f 727/189/162 728/190/162 735/197/162 734/196/162
f 728/190/163 729/191/163 736/198/163 735/197/163
f 729/191/164 730/192/164 737/199/164 736/198/164
f 11/200/165 381/201/165 689/151/165 73/202/165
f 381/201/166 382/201/166 690/152/166 689/151/166
f 382/201/167 383/201/167 691/155/167 690/152/167
f 383/201/168 384/201/168 692/157/168 691/155/168
f 384/201/169 385/201/169 693/159/169 692/157/169
f 385/201/170 386/201/170 694/161/170 693/159/170
f 386/201/171 387/201/171 695/163/171 694/161/171
f 387/201/172 29/203/172 311/204/172 695/163/172
f 695/163/173 311/204/173 312/205/173 702/164/173
f 702/164/174 312/205/174 313/206/174 709/171/174
f 709/171/175 313/206/175 314/207/175 716/178/175
f 716/178/176 314/207/176 315/208/176 723/185/176
f 723/185/177 315/208/177 316/209/177 730/192/177
f 730/192/178 316/209/178 317/210/178 737/199/178
f 737/199/179 317/210/179 27/211/179 388/212/179
f 736/198/180 737/199/180 388/212/180 389/212/180
f 735/197/181 736/198/181 389/212/181 390/212/181
f 734/196/182 735/197/182 390/212/182 391/212/182
f 733/195/183 734/196/183 391/212/183 392/212/183
f 732/193/184 733/195/184 392/212/184 393/212/184
f 731/194/185 732/193/185 393/212/185 394/212/185
f 79/213/186 731/194/186 394/212/186 1/214/186
f 78/215/187 724/187/187 731/194/187 79/213/187
f 77/216/188 717/180/188 724/187/188 78/215/188
f 76/217/189 710/173/189 717/180/189 77/216/189
f 75/218/190 703/166/190 710/173/190 76/217/190
f 74/219/191 696/154/191 703/166/191 75/218/191
f 73/202/192 689/151/192 696/154/192 74/219/192
f 738/220/193 739/221/193 746/222/193 745/223/193
f 739/221/194 740/224/194 747/225/194 746/222/194
f 740/224/195 741/226/195 748/227/195 747/225/195
f 741/226/196 742/228/196 749/229/196 748/227/196
f 742/228/197 743/230/197 750/231/197 749/229/197
f 743/230/198 744/232/198 751/233/198 750/231/198
f 745/223/199 746/222/199 753/234/199 752/235/199
f 746/222/200 747/225/200 754/236/200 753/234/200
f 747/225/201 748/227/201 755/237/201 754/236/201
f 748/227/202 749/229/202 756/238/202 755/237/202
f 749/229/203 750/231/203 757/239/203 756/238/203
f 750/231/204 751/233/204 758/240/204 757/239/204
f 752/235/205 753/234/205 760/241/205 759/242/205
f 753/234/206 754/236/206 761/243/206 760/241/206
f 754/236/207 755/237/207 762/244/207 761/243/207
f 755/237/208 756/238/208 763/245/208 762/244/208
f 756/238/209 757/239/209 764/246/209 763/245/209
f 757/239/210 758/240/210 765/247/210 764/246/210
f 759/242/211 760/241/211 767/248/211 766/249/211
f 760/241/212 761/243/212 768/250/212 767/248/212
f 761/243/213 762/244/213 769/251/213 768/250/213
f 762/244/214 763/245/214 770/252/214 769/251/214
f 763/245/215 764/246/215 771/253/215 770/252/215
f 764/246/216 765/247/216 772/254/216 771/253/216
f 766/249/217 767/248/217 774/255/217 773/256/217
f 767/248/218 768/250/218 775/257/218 774/255/218
f 768/250/219 769/251/219 776/258/219 775/257/219
f 769/251/220 770/252/220 777/259/220 776/258/220
f 770/252/221 771/253/221 778/260/221 777/259/221
f 771/253/222 772/254/222 779/261/222 778/260/222
f 773/256/223 774/255/223 781/262/223 780/263/223
f 774/255/224 775/257/224 782/264/224 781/262/224
f 775/257/225 776/258/225 783/265/225 782/264/225
f 776/258/226 777/259/226 784/266/226 783/265/226
f 777/259/227 778/260/227 785/267/227 784/266/227
f 778/260/228 779/261/228 786/268/228 785/267/228
f 13/269/229 177/270/229 738/220/229 115/271/229
f 177/270/230 176/272/230 739/221/230 738/220/230
f 176/272/231 175/273/231 740/224/231 739/221/231
f 175/273/232 174/274/232 741/226/232 740/224/232
f 174/274/233 173/275/233 742/228/233 741/226/233
f 173/275/234 172/276/234 743/230/234 742/228/234
f 172/276/235 171/277/235 744/232/235 743/230/235
f 171/277/236 16/278/236 170/279/236 744/232/236
f 744/232/237 170/279/237 169/280/237 751/233/237
f 751/233/238 169/280/238 168/281/238 758/240/238
f 758/240/239 168/281/239 167/282/239 765/247/239
f 765/247/240 167/282/240 166/283/240 772/254/240
f 772/254/241 166/283/241 165/284/241 779/261/241
f 779/261/242 165/284/242 164/285/242 786/268/242
f 786/268/243 164/285/243 10/286/243 129/287/243
f 785/267/244 786/268/244 129/287/244 130/288/244
f 784/266/245 785/267/245 130/288/245 131/289/245
f 783/265/246 784/266/246 131/289/246 132/290/246
f 782/264/247 783/265/247 132/290/247 133/291/247
f 781/262/248 782/264/248 133/291/248 134/292/248
f 780/263/249 781/262/249 134/292/249 135/293/249
f 121/294/250 780/263/250 135/293/250 11/295/250
f 120/296/251 773/256/251 780/263/251 121/294/251
f 119/297/252 766/249/252 773/256/252 120/296/252
f 118/298/253 759/242/253 766/249/253 119/297/253
f 117/299/254 752/235/254 759/242/254 118/298/254
f 116/300/255 745/223/255 752/235/255 117/299/255
f 115/271/256 738/220/256 745/223/256 116/300/256
f 787/301/257 788/302/257 795/303/257 794/304/257
f 788/302/258 789/305/258 796/306/258 795/303/258
f 789/305/259 790/307/259 797/308/259 796/306/259
f 790/307/260 791/309/260 798/310/260 797/308/260
f 791/309/261 792/311/261 799/312/261 798/310/261
f 792/311/262 793/313/262 800/314/262 799/312/262
f 794/304/263 795/303/263 802/315/263 801/316/263
f 795/303/264 796/306/264 803/317/264 802/315/264
f 796/306/265 797/308/265 804/318/265 803/317/265
f 797/308/266 798/310/266 805/319/266 804/318/266
f 798/310/267 799/312/267 806/320/267 805/319/267
f 799/312/268 800/314/268 807/321/268 806/320/268
f 801/316/269 802/315/269 809/322/269 808/323/269
f 802/315/270 803/317/270 810/324/270 809/322/270
f 803/317/271 804/318/271 811/325/271 810/324/271
f 804/318/272 805/319/272 812/326/272 811/325/272
f 805/319/273 806/320/273 813/327/273 812/326/273
f 806/320/274 807/321/274 814/328/274 813/327/274
f 808/323/275 809/322/275 816/329/275 815/330/275
f 809/322/276 810/324/276 817/331/276 816/329/276
f 810/324/277 811/325/277 818/332/277 817/331/277
f 811/325/278 812/326/278 819/333/278 818/332/278
f 812/326/279 813/327/279 820/334/279 819/333/279
f 813/327/280 814/328/280 821/335/280 820/334/280
f 815/330/281 816/329/281 823/336/281 822/337/281
f 816/329/282 817/331/282 824/338/282 823/336/282
f 817/331/283 818/332/283 825/339/283 824/338/283
f 818/332/284 819/333/284 826/340/284 825/339/284
f 819/333/285 820/334/285 827/341/285 826/340/285
f 820/334/286 821/335/286 828/342/286 827/341/286
f 822/337/287 823/336/287 830/343/287 829/344/287
f 823/336/288 824/338/288 831/345/288 830/343/288
f 824/338/289 825/339/289 832/346/289 831/345/289
f 825/339/290 826/340/290 833/347/290 832/346/290
f 826/340/291 827/341/291 834/348/291 833/347/291
f 827/341/292 828/342/292 835/349/292 834/348/292
f 12/134/293 142/133/293 787/301/293 80/350/293
f 142/133/294 141/351/294 788/302/294 787/301/294
f 141/351/295 140/131/295 789/305/295 788/302/295
f 140/131/296 139/352/296 790/307/296 789/305/296
f 139/352/297 138/353/297 791/309/297 790/307/297
f 138/353/298 137/128/298 792/311/298 791/309/298
f 137/128/299 136/354/299 793/313/299 792/311/299
f 136/354/300 9/125/300 107/355/300 793/313/300
f 793/313/301 107/355/301 106/356/301 800/314/301
f 800/314/302 106/356/302 105/357/302 807/321/302
f 807/321/303 105/357/303 104/358/303 814/328/303
f 814/328/304 104/358/304 103/359/304 821/335/304
f 821/335/305 103/359/305 102/360/305 828/342/305
f 828/342/306 102/360/306 101/361/306 835/349/306
f 835/349/307 101/361/307 2/362/307 72/363/307
f 834/348/308 835/349/308 72/363/308 71/364/308
f 833/347/309 834/348/309 71/364/309 70/365/309
f 832/346/310 833/347/310 70/365/310 69/366/310
f 831/345/311 832/346/311 69/366/311 68/367/311
f 830/343/312 831/345/312 68/367/312 67/368/312
f 829/344/313 830/343/313 67/368/313 66/369/313
f 86/370/314 829/344/314 66/369/314 6/371/314
f 85/372/315 822/337/315 829/344/315 86/370/315
f 84/373/316 815/330/316 822/337/316 85/372/316
f 83/374/317 808/323/317 815/330/317 84/373/317
f 82/375/318 801/316/318 808/323/318 83/374/318
f 81/376/319 794/304/319 801/316/319 82/375/319
f 80/350/320 787/301/320 794/304/320 81/376/320
f 836/377/321 837/378/321 844/379/321 843/380/321
f 837/378/322 838/381/322 845/382/322 844/379/322
f 838/381/323 839/383/323 846/384/323 845/382/323
f 839/383/324 840/385/324 847/386/324 846/384/324
f 840/385/325 841/387/325 848/388/325 847/386/325
f 841/387/326 842/389/326 849/390/326 848/388/326
f 843/380/327 844/379/327 851/391/327 850/392/327
f 844/379/328 845/382/328 852/393/328 851/391/328
f 845/382/329 846/384/329 853/394/329 852/393/329
f 846/384/330 847/386/330 854/395/330 853/394/330
f 847/386/331 848/388/331 855/396/331 854/395/331
f 848/388/332 849/390/332 856/397/332 855/396/332
f 850/392/333 851/391/333 858/398/333 857/399/333
f 851/391/334 852/393/334 859/400/334 858/398/334
f 852/393/335 853/394/335 860/401/335 859/400/335
f 853/394/336 854/395/336 861/402/336 860/401/336
f 854/395/337 855/396/337 862/403/337 861/402/337
f 855/396/338 856/397/338 863/404/338 862/403/338
f 857/399/339 858/398/339 865/405/339 864/406/339
f 858/398/340 859/400/340 866/407/340 865/405/340
f 859/400/341 860/401/341 867/408/341 866/407/341
f 860/401/342 861/402/342 868/409/342 867/408/342
f 861/402/343 862/403/343 869/410/343 868/409/343
f 862/403/344 863/404/344 870/411/344 869/410/344
f 864/406/345 865/405/345 872/412/345 871/413/345
f 865/405/346 866/407/346 873/414/346 872/412/346
f 866/407/347 867/408/347 874/415/347 873/414/347
f 867/408/348 868/409/348 875/416/348 874/415/348
f 868/409/349 869/410/349 876/417/349 875/416/349
f 869/410/350 870/411/350 877/418/350 876/417/350
f 871/413/351 872/412/351 879/419/351 878/420/351
f 872/412/352 873/414/352 880/421/352 879/419/352
f 873/414/353 874/415/353 881/422/353 880/421/353
f 874/415/354 875/416/354 882/423/354 881/422/354
f 875/416/355 876/417/355 883/424/355 882/423/355
f 876/417/356 877/418/356 884/425/356 883/424/356
f 16/278/357 408/426/357 836/377/357 94/427/357
f 408/426/358 407/428/358 837/378/358 836/377/358
f 407/428/359 406/429/359 838/381/359 837/378/359
f 406/429/360 405/430/360 839/383/360 838/381/360
f 405/430/361 404/431/361 840/385/361 839/383/361
f 404/431/362 403/432/362 841/387/362 840/385/362
f 403/432/363 402/433/363 842/389/363 841/387/363
f 402/433/364 30/434/364 318/435/364 842/389/364
f 842/389/365 318/435/365 319/436/365 849/390/365
f 849/390/366 319/436/366 320/437/366 856/397/366
f 856/397/367 320/437/367 321/438/367 863/404/367
f 863/404/368 321/438/368 322/439/368 870/411/368
f 870/411/369 322/439/369 323/440/369 877/418/369
f 877/418/370 323/440/370 324/441/370 884/425/370
f 884/425/371 324/441/371 25/442/371 401/443/371
f 883/424/372 884/425/372 401/443/372 400/444/372
f 882/423/373 883/424/373 400/444/373 399/445/373
f 881/422/374 882/423/374 399/445/374 398/446/374
f 880/421/375 881/422/375 398/446/375 397/447/375
f 879/419/376 880/421/376 397/447/376 396/448/376
f 878/420/377 879/419/377 396/448/377 395/449/377
f 100/450/378 878/420/378 395/449/378 7/451/378
f 99/452/379 871/413/379 878/420/379 100/450/379
f 98/453/380 864/406/380 871/413/380 99/452/380
f 97/454/381 857/399/381 864/406/381 98/453/381
f 96/455/382 850/392/382 857/399/382 97/454/382
f 95/456/383 843/380/383 850/392/383 96/455/383
f 94/427/384 836/377/384 843/380/384 95/456/384
f 885/457/385 886/458/385 893/459/385 892/460/385
f 886/458/386 887/461/386 894/462/386 893/459/386
f 887/461/387 888/463/387 895/464/387 894/462/387
f 888/463/388 889/465/388 896/466/388 895/464/388
f 889/465/389 890/467/389 897/468/389 896/466/389
f 890/467/390 891/469/390 898/470/390 897/468/390
f 892/460/391 893/459/391 900/471/391 899/472/391
f 893/459/392 894/462/392 901/473/392 900/471/392
f 894/462/393 895/464/393 902/474/393 901/473/393
f 895/464/394 896/466/394 903/475/394 902/474/394
f 896/466/395 897/468/395 904/476/395 903/475/395
f 897/468/396 898/470/396 905/477/396 904/476/396
f 899/472/397 900/471/397 907/478/397 906/479/397
f 900/471/398 901/473/398 908/480/398 907/478/398
f 901/473/399 902/474/399 909/481/399 908/480/399
f 902/474/400 903/475/400 910/482/400 909/481/400
f 903/475/401 904/476/401 911/483/401 910/482/401
f 904/476/402 905/477/402 912/484/402 911/483/402
f 906/479/403 907/478/403 914/485/403 913/486/403
f 907/478/404 908/480/404 915/487/404 914/485/404
f 908/480/405 909/481/405 916/488/405 915/487/405
f 909/481/406 910/482/406 917/489/406 916/488/406
f 910/482/407 911/483/407 918/490/407 917/489/407
f 911/483/408 912/484/408 919/491/408 918/490/408
f 913/486/409 914/485/409 921/492/409 920/493/409
f 914/485/410 915/487/410 922/494/410 921/492/410
f 915/487/411 916/488/411 923/495/411 922/494/411
f 916/488/412 917/489/412 924/496/412 923/495/412
f 917/489/413 918/490/413 925/497/413 924/496/413
f 918/490/414 919/491/414 926/498/414 925/497/414
f 920/493/415 921/492/415 928/499/415 927/500/415
f 921/492/416 922/494/416 929/501/416 928/499/416
f 922/494/417 923/495/417 930/502/417 929/501/417
f 923/495/418 924/496/418 931/503/418 930/502/418
f 924/496/419 925/497/419 932/504/419 931/503/419
f 925/497/420 926/498/420 933/505/420 932/504/420
f 8/506/421 58/507/421 885/457/421 150/508/421
f 58/507/422 57/509/422 886/458/422 885/457/422
f 57/509/423 56/56/423 887/461/423 886/458/423
f 56/56/424 55/510/424 888/463/424 887/461/424
f 55/510/425 54/511/425 889/465/425 888/463/425
f 54/511/426 53/512/426 890/467/426 889/465/426
f 53/512/427 52/513/427 891/469/427 890/467/427
f 52/513/428 4/50/428 93/514/428 891/469/428
f 891/469/429 93/514/429 92/515/429 898/470/429
f 898/470/430 92/515/430 91/516/430 905/477/430
f 905/477/431 91/516/431 90/517/431 912/484/431
f 912/484/432 90/517/432 89/518/432 919/491/432
f 919/491/433 89/518/433 88/519/433 926/498/433
f 926/498/434 88/519/434 87/520/434 933/505/434
f 933/505/435 87/520/435 15/521/435 178/522/435
f 932/504/436 933/505/436 178/522/436 179/523/436
f 931/503/437 932/504/437 179/523/437 180/524/437
f 930/502/438 931/503/438 180/524/438 181/525/438
f 929/501/439 930/502/439 181/525/439 182/526/439
f 928/499/440 929/501/440 182/526/440 183/527/440
f 927/500/441 928/499/441 183/527/441 184/528/441
f 156/529/442 927/500/442 184/528/442 14/530/442
f 155/531/443 920/493/443 927/500/443 156/529/443
f 154/532/444 913/486/444 920/493/444 155/531/444
f 153/533/445 906/479/445 913/486/445 154/532/445
f 152/534/446 899/472/446 906/479/446 153/533/446
f 151/535/447 892/460/447 899/472/447 152/534/447
f 150/508/448 885/457/448 892/460/448 151/535/448
f 935/536/449 936/537/449 940/538/449 939/539/449
f 936/537/450 937/540/450 941/541/450 940/538/450
f 937/540/451 938/542/451 942/543/451 941/541/451
f 939/539/452 940/538/452 944/544/452 943/545/452
f 940/538/453 941/541/453 945/546/453 944/544/453
f 941/541/454 942/543/454 946/547/454 945/546/454
f 947/548/455 948/549/455 952/550/455 951/551/455
f 948/549/456 949/552/456 953/553/456 952/550/456
f 949/552/457 950/554/457 954/555/457 953/553/457
f 951/551/458 952/550/458 956/556/458 955/557/458
f 952/550/459 953/553/459 957/558/459 956/556/459
f 953/553/460 954/555/460 958/559/460 957/558/460
f 959/560/461 960/561/461 964/562/461 963/563/461
f 960/561/462 961/564/462 965/565/462 964/562/462
f 961/564/463 962/566/463 966/567/463 965/565/463
f 963/563/464 964/562/464 968/568/464 967/569/464
f 964/562/465 965/565/465 969/570/465 968/568/465
f 965/565/466 966/567/466 970/571/466 969/570/466
f 971/572/467 972/573/467 976/574/467 975/575/467
f 972/573/468 973/576/468 977/577/468 976/574/468
f 973/576/469 974/578/469 978/579/469 977/577/469
f 975/575/470 976/574/470 980/580/470 979/581/470
f 976/574/471 977/577/471 981/582/471 980/580/471
f 977/577/472 978/579/472 982/583/472 981/582/472
f 983/584/473 984/585/473 988/586/473 987/587/473
f 984/585/474 985/588/474 989/589/474 988/586/474
f 985/588/475 986/590/475 990/591/475 989/589/475
f 987/587/476 988/586/476 992/592/476 991/593/476
f 988/586/477 989/589/477 993/594/477 992/592/477
f 989/589/478 990/591/478 994/595/478 993/594/478
f 995/596/479 996/597/479 1000/598/479 999/599/479
f 996/597/480 997/600/480 1001/601/480 1000/598/480
f 997/600/481 998/602/481 1002/603/481 1001/601/481
f 999/599/482 1000/598/482 1004/604/482 1003/605/482
f 1000/598/483 1001/601/483 1005/606/483 1004/604/483
f 1001/601/484 1002/603/484 1006/607/484 1005/606/484
f 1007/608/485 1008/609/485 1012/610/485 1011/611/485
f 1008/609/486 1009/612/486 1013/613/486 1012/610/486
f 1009/612/487 1010/614/487 1014/615/487 1013/613/487
f 1011/611/488 1012/610/488 1016/616/488 1015/617/488
f 1012/610/489 1013/613/489 1017/618/489 1016/616/489
f 1013/613/490 1014/615/490 1018/619/490 1017/618/490
f 1019/620/491 1020/621/491 1024/622/491 1023/623/491
f 1020/621/492 1021/624/492 1025/625/492 1024/622/492
f 1021/624/493 1022/626/493 1026/627/493 1025/625/493
f 1023/623/494 1024/622/494 1028/628/494 1027/629/494
f 1024/622/495 1025/625/495 1029/630/495 1028/628/495
f 1025/625/496 1026/627/496 1030/631/496 1029/630/496
f 1031/632/497 1032/633/497 1036/634/497 1035/635/497
f 1032/633/498 1033/636/498 1037/637/498 1036/634/498
f 1033/636/499 1034/638/499 1038/639/499 1037/637/499
f 1035/635/500 1036/634/500 1040/640/500 1039/641/500
f 1036/634/501 1037/637/501 1041/642/501 1040/640/501
f 1037/637/502 1038/639/502 1042/643/502 1041/642/502
f 1043/644/503 1044/645/503 1048/646/503 1047/647/503
f 1044/645/504 1045/648/504 1049/649/504 1048/646/504
f 1045/648/505 1046/650/505 1050/651/505 1049/649/505
f 1047/647/506 1048/646/506 1052/652/506 1051/653/506
f 1048/646/507 1049/649/507 1053/654/507 1052/652/507
f 1049/649/508 1050/651/508 1054/655/508 1053/654/508
f 955/557/509 956/556/509 942/543/509 938/656/509
f 956/556/510 957/558/510 946/547/510 942/543/510
f 967/569/511 968/568/511 954/555/511 950/657/511
f 968/568/512 969/570/512 958/559/512 954/555/512
f 979/581/513 980/580/513 966/658/513 962/659/513
f 980/580/514 981/582/514 970/571/514 966/658/514
f 991/593/515 992/592/515 978/660/515 974/578/515
f 992/592/516 993/594/516 982/583/516 978/660/516
f 1003/605/517 1004/604/517 990/661/517 986/662/517
f 1004/604/518 1005/606/518 994/595/518 990/661/518
f 1015/617/519 1016/616/519 1002/663/519 998/664/519
f 1016/616/520 1017/618/520 1006/607/520 1002/663/520
f 1027/629/521 1028/628/521 1014/665/521 1010/666/521
f 1028/628/522 1029/630/522 1018/619/522 1014/665/522
f 1039/641/523 1040/640/523 1026/667/523 1022/668/523
f 1040/640/524 1041/642/524 1030/631/524 1026/667/524
f 1051/653/525 1052/652/525 1038/669/525 1034/670/525
f 1052/652/526 1053/654/526 1042/643/526 1038/669/526
f 943/545/527 944/544/527 1050/651/527 1046/650/527
f 944/544/528 945/546/528 1054/655/528 1050/651/528
f 945/546/529 946/547/529 934/671/529 1054/655/529
f 957/558/530 958/559/530 934/671/530 946/547/530
f 969/570/531 970/571/531 934/671/531 958/559/531
f 981/582/532 982/583/532 934/671/532 970/571/532
f 993/594/533 994/595/533 934/671/533 982/583/533
f 1005/606/534 1006/607/534 934/671/534 994/595/534
f 1017/618/535 1018/619/535 934/671/535 1006/607/535
f 1029/630/536 1030/631/536 934/671/536 1018/619/536
f 1041/642/537 1042/643/537 934/671/537 1030/631/537
f 1053/654/538 1054/655/538 934/671/538 1042/643/538
f 14/672/539 122/673/539 935/536/539 156/674/539
f 122/673/540 123/675/540 936/537/540 935/536/540
f 123/675/541 124/676/541 937/540/541 936/537/541
f 124/676/542 125/677/542 938/542/542 937/540/542
f 156/674/543 935/536/543 939/539/543 155/678/543
f 155/678/544 939/539/544 943/545/544 154/679/544
f 154/679/545 943/545/545 1046/650/545 153/680/545
f 12/681/546 80/682/546 947/548/546 128/683/546
f 80/682/547 81/684/547 948/549/547 947/548/547
f 81/684/548 82/685/548 949/552/548 948/549/548
f 82/685/549 83/686/549 950/554/549 949/552/549
f 128/683/550 947/548/550 951/551/550 127/687/550
f 127/687/551 951/551/551 955/557/551 126/688/551
f 126/688/552 955/557/552 938/656/552 125/689/552
f 6/690/553 542/691/553 959/560/553 86/692/553
f 542/691/554 543/693/554 960/561/554 959/560/554
f 543/693/555 544/694/555 961/564/555 960/561/555
f 544/694/556 545/695/556 962/566/556 961/564/556
f 86/692/557 959/560/557 963/563/557 85/372/557
f 85/372/558 963/563/558 967/569/558 84/696/558
f 84/696/559 967/569/559 950/657/559 83/686/559
f 42/697/560 521/698/560 971/572/560 548/699/560
f 521/698/561 522/700/561 972/573/561 971/572/561
f 522/700/562 523/701/562 973/576/562 972/573/562
f 523/701/563 524/702/563 974/578/563 973/576/563
f 548/699/564 971/572/564 975/575/564 547/703/564
f 547/703/565 975/575/565 979/581/565 546/704/565
f 546/704/566 979/581/566 962/659/566 545/705/566
f 5/706/567 108/707/567 983/584/567 527/708/567
f 108/707/568 109/709/568 984/585/568 983/584/568
f 109/709/569 110/710/569 985/588/569 984/585/569
f 110/710/570 111/711/570 986/590/570 985/588/570
f 527/708/571 983/584/571 987/587/571 526/712/571
f 526/712/572 987/587/572 991/593/572 525/713/572
f 525/713/573 991/593/573 974/578/573 524/714/573
f 10/715/574 164/285/574 995/596/574 114/716/574
f 164/285/575 165/717/575 996/597/575 995/596/575
f 165/717/576 166/718/576 997/600/576 996/597/576
f 166/718/577 167/719/577 998/602/577 997/600/577
f 114/716/578 995/596/578 999/599/578 113/720/578
f 113/720/579 999/599/579 1003/605/579 112/721/579
f 112/721/580 1003/605/580 986/662/580 111/722/580
f 16/278/581 94/427/581 1007/608/581 170/723/581
f 94/427/582 95/724/582 1008/609/582 1007/608/582
f 95/724/583 96/725/583 1009/612/583 1008/609/583
f 96/725/584 97/726/584 1010/614/584 1009/612/584
f 170/723/585 1007/608/585 1011/611/585 169/727/585
f 169/727/586 1011/611/586 1015/617/586 168/281/586
f 168/281/587 1015/617/587 998/664/587 167/719/587
f 7/728/588 422/729/588 1019/620/588 100/730/588
f 422/729/589 421/731/589 1020/621/589 1019/620/589
f 421/731/590 420/732/590 1021/624/590 1020/621/590
f 420/732/591 419/733/591 1022/626/591 1021/624/591
f 100/730/592 1019/620/592 1023/623/592 99/734/592
f 99/734/593 1023/623/593 1027/629/593 98/453/593
f 98/453/594 1027/629/594 1010/666/594 97/735/594
f 34/736/595 436/737/595 1031/632/595 416/738/595
f 436/737/596 435/739/596 1032/633/596 1031/632/596
f 435/739/597 434/740/597 1033/636/597 1032/633/597
f 434/740/598 433/741/598 1034/638/598 1033/636/598
f 416/738/599 1031/632/599 1035/635/599 417/742/599
f 417/742/600 1035/635/600 1039/641/600 418/743/600
f 418/743/601 1039/641/601 1022/668/601 419/744/601
f 8/506/602 150/745/602 1043/644/602 430/746/602
f 150/745/603 151/747/603 1044/645/603 1043/644/603
f 151/747/604 152/748/604 1045/648/604 1044/645/604
f 152/748/605 153/533/605 1046/650/605 1045/648/605
f 430/746/606 1043/644/606 1047/647/606 431/749/606
f 431/749/607 1047/647/607 1051/653/607 432/750/607
f 432/750/608 1051/653/608 1034/670/608 433/751/608
f 1056/752/609 1057/753/609 1061/754/609 1060/755/609
f 1057/753/610 1058/756/610 1062/757/610 1061/754/610
f 1058/756/611 1059/758/611 1063/759/611 1062/757/611
f 1060/755/612 1061/754/612 1065/760/612 1064/761/612
f 1061/754/613 1062/757/613 1066/762/613 1065/760/613
f 1062/757/614 1063/759/614 1067/763/614 1066/762/614
f 1068/764/615 1069/765/615 1073/766/615 1072/767/615
f 1069/765/616 1070/768/616 1074/769/616 1073/766/616
f 1070/768/617 1071/770/617 1075/771/617 1074/769/617
f 1072/767/618 1073/766/618 1077/772/618 1076/773/618
f 1073/766/619 1074/769/619 1078/774/619 1077/772/619
f 1074/769/620 1075/771/620 1079/775/620 1078/774/620
f 1080/776/621 1081/777/621 1085/778/621 1084/779/621
f 1081/777/622 1082/780/622 1086/781/622 1085/778/622
f 1082/780/623 1083/782/623 1087/783/623 1086/781/623
f 1084/779/624 1085/778/624 1089/784/624 1088/785/624
f 1085/778/625 1086/781/625 1090/786/625 1089/784/625
f 1086/781/626 1087/783/626 1091/787/626 1090/786/626
f 1092/788/627 1093/789/627 1097/790/627 1096/791/627
f 1093/789/628 1094/792/628 1098/793/628 1097/790/628
f 1094/792/629 1095/794/629 1099/795/629 1098/793/629
f 1096/791/630 1097/790/630 1101/796/630 1100/797/630
f 1097/790/631 1098/793/631 1102/798/631 1101/796/631
f 1098/793/632 1099/795/632 1103/799/632 1102/798/632
f 1104/800/633 1105/801/633 1109/802/633 1108/803/633
f 1105/801/634 1106/804/634 1110/805/634 1109/802/634
f 1106/804/635 1107/806/635 1111/807/635 1110/805/635
f 1108/803/636 1109/802/636 1113/808/636 1112/809/636
f 1109/802/637 1110/805/637 1114/810/637 1113/808/637
f 1110/805/638 1111/807/638 1115/811/638 1114/810/638
f 1116/812/639 1117/813/639 1121/814/639 1120/815/639
f 1117/813/640 1118/816/640 1122/817/640 1121/814/640
f 1118/816/641 1119/818/641 1123/819/641 1122/817/641
f 1120/815/642 1121/814/642 1125/820/642 1124/821/642
f 1121/814/643 1122/817/643 1126/822/643 1125/820/643
f 1122/817/644 1123/819/644 1127/823/644 1126/822/644
f 1128/824/645 1129/825/645 1133/826/645 1132/827/645
f 1129/825/646 1130/828/646 1134/829/646 1133/826/646
f 1130/828/647 1131/830/647 1135/831/647 1134/829/647
f 1132/827/648 1133/826/648 1137/832/648 1136/833/648
f 1133/826/649 1134/829/649 1138/834/649 1137/832/649
f 1134/829/650 1135/831/650 1139/835/650 1138/834/650
f 1140/836/651 1141/837/651 1145/838/651 1144/839/651
f 1141/837/652 1142/840/652 1146/841/652 1145/838/652
f 1142/840/653 1143/842/653 1147/843/653 1146/841/653
f 1144/839/654 1145/838/654 1149/844/654 1148/845/654
f 1145/838/655 1146/841/655 1150/846/655 1149/844/655
f 1146/841/656 1147/843/656 1151/847/656 1150/846/656
f 1152/848/657 1153/849/657 1157/850/657 1156/851/657
f 1153/849/658 1154/852/658 1158/853/658 1157/850/658
f 1154/852/659 1155/854/659 1159/855/659 1158/853/659
f 1156/851/660 1157/850/660 1161/856/660 1160/857/660
f 1157/850/661 1158/853/661 1162/858/661 1161/856/661
f 1158/853/662 1159/855/662 1163/859/662 1162/858/662
f 1164/860/663 1165/861/663 1169/862/663 1168/863/663
f 1165/861/664 1166/864/664 1170/865/664 1169/862/664
f 1166/864/665 1167/866/665 1171/867/665 1170/865/665
f 1168/863/666 1169/862/666 1173/868/666 1172/869/666
f 1169/862/667 1170/865/667 1174/870/667 1173/868/667
f 1170/865/668 1171/867/668 1175/871/668 1174/870/668
f 1076/773/669 1077/772/669 1063/872/669 1059/873/669
f 1077/772/670 1078/774/670 1067/763/670 1063/872/670
f 1088/785/671 1089/784/671 1075/771/671 1071/770/671
f 1089/784/672 1090/786/672 1079/775/672 1075/771/672
f 1100/797/673 1101/796/673 1087/874/673 1083/875/673
f 1101/796/674 1102/798/674 1091/787/674 1087/874/674
f 1112/809/675 1113/808/675 1099/876/675 1095/794/675
f 1113/808/676 1114/810/676 1103/799/676 1099/876/676
f 1124/821/677 1125/820/677 1111/807/677 1107/877/677
f 1125/820/678 1126/822/678 1115/811/678 1111/807/678
f 1136/833/679 1137/832/679 1123/878/679 1119/879/679
f 1137/832/680 1138/834/680 1127/823/680 1123/878/680
f 1148/845/681 1149/844/681 1135/880/681 1131/881/681
f 1149/844/682 1150/846/682 1139/835/682 1135/880/682
f 1160/857/683 1161/856/683 1147/882/683 1143/842/683
f 1161/856/684 1162/858/684 1151/847/684 1147/882/684
f 1172/869/685 1173/868/685 1159/855/685 1155/883/685
f 1173/868/686 1174/870/686 1163/859/686 1159/855/686
f 1064/761/687 1065/760/687 1171/884/687 1167/885/687
f 1065/760/688 1066/762/688 1175/871/688 1171/884/688
f 1066/762/689 1067/763/689 1055/886/689 1175/871/689
f 1078/774/690 1079/775/690 1055/886/690 1067/763/690
f 1090/786/691 1091/787/691 1055/886/691 1079/775/691
f 1102/798/692 1103/799/692 1055/886/692 1091/787/692
f 1114/810/693 1115/811/693 1055/886/693 1103/799/693
f 1126/822/694 1127/823/694 1055/886/694 1115/811/694
f 1138/834/695 1139/835/695 1055/886/695 1127/823/695
f 1150/846/696 1151/847/696 1055/886/696 1139/835/696
f 1162/858/697 1163/859/697 1055/886/697 1151/847/697
f 1174/870/698 1175/871/698 1055/886/698 1163/859/698
f 9/887/699 157/888/699 1056/752/699 107/889/699
f 157/888/700 158/890/700 1057/753/700 1056/752/700
f 158/890/701 159/891/701 1058/756/701 1057/753/701
f 159/891/702 160/892/702 1059/758/702 1058/756/702
f 107/889/703 1056/752/703 1060/755/703 106/893/703
f 106/893/704 1060/755/704 1064/761/704 105/894/704
f 105/894/705 1064/761/705 1167/885/705 104/895/705
f 15/896/706 87/897/706 1068/764/706 163/898/706
f 87/897/707 88/899/707 1069/765/707 1068/764/707
f 88/899/708 89/900/708 1070/768/708 1069/765/708
f 89/900/709 90/901/709 1071/770/709 1070/768/709
f 163/898/710 1068/764/710 1072/767/710 162/902/710
f 162/902/711 1072/767/711 1076/773/711 161/903/711
f 161/903/712 1076/773/712 1059/873/712 160/904/712
f 4/905/713 423/906/713 1080/776/713 93/907/713
f 423/906/714 424/908/714 1081/777/714 1080/776/714
f 424/908/715 425/909/715 1082/780/715 1081/777/715
f 425/909/716 426/910/716 1083/782/716 1082/780/716
f 93/907/717 1080/776/717 1084/779/717 92/911/717
f 92/911/718 1084/779/718 1088/785/718 91/912/718
f 91/912/719 1088/785/719 1071/770/719 90/901/719
f 33/913/720 409/914/720 1092/788/720 429/915/720
f 409/914/721 410/916/721 1093/789/721 1092/788/721
f 410/916/722 411/917/722 1094/792/722 1093/789/722
f 411/917/723 412/918/723 1095/794/723 1094/792/723
f 429/915/724 1092/788/724 1096/791/724 428/919/724
f 428/919/725 1096/791/725 1100/797/725 427/920/725
f 427/920/726 1100/797/726 1083/875/726 426/921/726
f 3/922/727 143/923/727 1104/800/727 415/924/727
f 143/923/728 144/925/728 1105/801/728 1104/800/728
f 144/925/729 145/926/729 1106/804/729 1105/801/729
f 145/926/730 146/927/730 1107/806/730 1106/804/730
f 415/924/731 1104/800/731 1108/803/731 414/928/731
f 414/928/732 1108/803/732 1112/809/732 413/929/732
f 413/929/733 1112/809/733 1095/794/733 412/930/733
f 13/931/734 115/932/734 1116/812/734 149/933/734
f 115/932/735 116/934/735 1117/813/735 1116/812/735
f 116/934/736 117/935/736 1118/816/736 1117/813/736
f 117/935/737 118/936/737 1119/818/737 1118/816/737
f 149/933/738 1116/812/738 1120/815/738 148/937/738
f 148/937/739 1120/815/739 1124/821/739 147/938/739
f 147/938/740 1124/821/740 1107/877/740 146/939/740
f 11/200/741 73/940/741 1128/824/741 121/941/741
f 73/940/742 74/942/742 1129/825/742 1128/824/742
f 74/942/743 75/943/743 1130/828/743 1129/825/743
f 75/943/744 76/944/744 1131/830/744 1130/828/744
f 121/941/745 1128/824/745 1132/827/745 120/945/745
f 120/945/746 1132/827/746 1136/833/746 119/946/746
f 119/946/747 1136/833/747 1119/879/747 118/936/747
f 1/214/748 535/947/748 1140/836/748 79/948/748
f 535/947/749 536/949/749 1141/837/749 1140/836/749
f 536/949/750 537/950/750 1142/840/750 1141/837/750
f 537/950/751 538/951/751 1143/842/751 1142/840/751
f 79/948/752 1140/836/752 1144/839/752 78/215/752
f 78/215/753 1144/839/753 1148/845/753 77/952/753
f 77/952/754 1148/845/754 1131/881/754 76/953/754
f 41/954/755 444/955/755 1152/848/755 541/956/755
f 444/955/756 445/957/756 1153/849/756 1152/848/756
f 445/957/757 446/958/757 1154/852/757 1153/849/757
f 446/958/758 447/959/758 1155/854/758 1154/852/758
f 541/956/759 1152/848/759 1156/851/759 540/960/759
f 540/960/760 1156/851/760 1160/857/760 539/961/760
f 539/961/761 1160/857/761 1143/842/761 538/951/761
f 2/962/762 101/963/762 1164/860/762 450/964/762
f 101/963/763 102/965/763 1165/861/763 1164/860/763
f 102/965/764 103/966/764 1166/864/764 1165/861/764
f 103/966/765 104/895/765 1167/866/765 1166/864/765
f 450/964/766 1164/860/766 1168/863/766 449/967/766
f 449/967/767 1168/863/767 1172/869/767 448/968/767
f 448/968/768 1172/869/768 1155/883/768 447/969/768
f 1176/970/769 1177/971/769 1184/972/769 1183/973/769
f 1177/971/770 1178/974/770 1185/975/770 1184/972/770
f 1178/974/771 1179/976/771 1186/977/771 1185/975/771
f 1179/976/772 1180/978/772 1187/979/772 1186/977/772
f 1180/978/773 1181/980/773 1188/981/773 1187/979/773
f 1181/980/774 1182/982/774 1189/983/774 1188/981/774
f 1183/973/775 1184/972/775 1191/984/775 1190/985/775
f 1184/972/776 1185/975/776 1192/986/776 1191/984/776
f 1185/975/777 1186/977/777 1193/987/777 1192/986/777
f 1186/977/778 1187/979/778 1194/988/778 1193/987/778
f 1187/979/779 1188/981/779 1195/989/779 1194/988/779
f 1188/981/780 1189/983/780 1196/990/780 1195/989/780
f 1190/985/781 1191/984/781 1198/991/781 1197/992/781
f 1191/984/782 1192/986/782 1199/993/782 1198/991/782
f 1192/986/783 1193/987/783 1200/994/783 1199/993/783
f 1193/987/784 1194/988/784 1201/995/784 1200/994/784
f 1194/988/785 1195/989/785 1202/996/785 1201/995/785
f 1195/989/786 1196/990/786 1203/997/786 1202/996/786
f 1197/992/787 1198/991/787 1205/998/787 1204/999/787
f 1198/991/788 1199/993/788 1206/1000/788 1205/998/788
f 1199/993/789 1200/994/789 1207/1001/789 1206/1000/789
f 1200/994/790 1201/995/790 1208/1002/790 1207/1001/790
f 1201/995/791 1202/996/791 1209/1003/791 1208/1002/791
f 1202/996/792 1203/997/792 1210/1004/792 1209/1003/792
f 1204/999/793 1205/998/793 1212/1005/793 1211/1006/793
f 1205/998/794 1206/1000/794 1213/1007/794 1212/1005/794
f 1206/1000/795 1207/1001/795 1214/1008/795 1213/1007/795
f 1207/1001/796 1208/1002/796 1215/1009/796 1214/1008/796
f 1208/1002/797 1209/1003/797 1216/1010/797 1215/1009/797
f 1209/1003/798 1210/1004/798 1217/1011/798 1216/1010/798
f 1211/1006/799 1212/1005/799 1219/1012/799 1218/1013/799
f 1212/1005/800 1213/1007/800 1220/1014/800 1219/1012/800
f 1213/1007/801 1214/1008/801 1221/1015/801 1220/1014/801
f 1214/1008/802 1215/1009/802 1222/1016/802 1221/1015/802
f 1215/1009/803 1216/1010/803 1223/1017/803 1222/1016/803
f 1216/1010/804 1217/1011/804 1224/1018/804 1223/1017/804
f 19/1019/805 240/1020/805 1176/970/805 220/1021/805
f 240/1020/806 239/1022/806 1177/971/806 1176/970/806
f 239/1022/807 238/1023/807 1178/974/807 1177/971/807
f 238/1023/808 237/1024/808 1179/976/808 1178/974/808
f 237/1024/809 236/1025/809 1180/978/809 1179/976/809
f 236/1025/810 235/1026/810 1181/980/810 1180/978/810
f 235/1026/811 234/1027/811 1182/982/811 1181/980/811
f 234/1027/812 20/521/812 219/1028/812 1182/982/812
f 1182/982/813 219/1028/813 218/1029/813 1189/983/813
f 1189/983/814 218/1029/814 217/1030/814 1196/990/814
f 1196/990/815 217/1030/815 216/1031/815 1203/997/815
f 1203/997/816 216/1031/816 215/1032/816 1210/1004/816
f 1210/1004/817 215/1032/817 214/1033/817 1217/1011/817
f 1217/1011/818 214/1033/818 213/1034/818 1224/1018/818
f 1224/1018/819 213/1034/819 18/125/819 227/1035/819
f 1223/1017/820 1224/1018/820 227/1035/820 228/1036/820
f 1222/1016/821 1223/1017/821 228/1036/821 229/1037/821
f 1221/1015/822 1222/1016/822 229/1037/822 230/1038/822
f 1220/1014/823 1221/1015/823 230/1038/823 231/1039/823
f 1219/1012/824 1220/1014/824 231/1039/824 232/1040/824
f 1218/1013/825 1219/1012/825 232/1040/825 233/1041/825
f 226/1042/826 1218/1013/826 233/1041/826 17/1043/826
f 225/1044/827 1211/1006/827 1218/1013/827 226/1042/827
f 224/1045/828 1204/999/828 1211/1006/828 225/1044/828
f 223/1046/829 1197/992/829 1204/999/829 224/1045/829
f 222/1047/830 1190/985/830 1197/992/830 223/1046/830
f 221/1048/831 1183/973/831 1190/985/831 222/1047/831
f 220/1021/832 1176/970/832 1183/973/832 221/1048/832
f 1225/1049/833 1226/1050/833 1233/1051/833 1232/1052/833
f 1226/1050/834 1227/1053/834 1234/1054/834 1233/1051/834
f 1227/1053/835 1228/1055/835 1235/1056/835 1234/1054/835
f 1228/1055/836 1229/1057/836 1236/1058/836 1235/1056/836
f 1229/1057/837 1230/1059/837 1237/1060/837 1236/1058/837
f 1230/1059/838 1231/1061/838 1238/1062/838 1237/1060/838
f 1232/1052/839 1233/1051/839 1240/1063/839 1239/1064/839
f 1233/1051/840 1234/1054/840 1241/1065/840 1240/1063/840
f 1234/1054/841 1235/1056/841 1242/1066/841 1241/1065/841
f 1235/1056/842 1236/1058/842 1243/1067/842 1242/1066/842
f 1236/1058/843 1237/1060/843 1244/1068/843 1243/1067/843
f 1237/1060/844 1238/1062/844 1245/1069/844 1244/1068/844
f 1239/1064/845 1240/1063/845 1247/1070/845 1246/1071/845
f 1240/1063/846 1241/1065/846 1248/1072/846 1247/1070/846
f 1241/1065/847 1242/1066/847 1249/1073/847 1248/1072/847
f 1242/1066/848 1243/1067/848 1250/1074/848 1249/1073/848
f 1243/1067/849 1244/1068/849 1251/1075/849 1250/1074/849
f 1244/1068/850 1245/1069/850 1252/1076/850 1251/1075/850
f 1246/1071/851 1247/1070/851 1254/1077/851 1253/1078/851
f 1247/1070/852 1248/1072/852 1255/1079/852 1254/1077/852
f 1248/1072/853 1249/1073/853 1256/1080/853 1255/1079/853
f 1249/1073/854 1250/1074/854 1257/1081/854 1256/1080/854
f 1250/1074/855 1251/1075/855 1258/1082/855 1257/1081/855
f 1251/1075/856 1252/1076/856 1259/1083/856 1258/1082/856
f 1253/1078/857 1254/1077/857 1261/1084/857 1260/1085/857
f 1254/1077/858 1255/1079/858 1262/1086/858 1261/1084/858
f 1255/1079/859 1256/1080/859 1263/1087/859 1262/1086/859
f 1256/1080/860 1257/1081/860 1264/1088/860 1263/1087/860
f 1257/1081/861 1258/1082/861 1265/1089/861 1264/1088/861
f 1258/1082/862 1259/1083/862 1266/1090/862 1265/1089/862
f 1260/1085/863 1261/1084/863 1268/1091/863 1267/1092/863
f 1261/1084/864 1262/1086/864 1269/1093/864 1268/1091/864
f 1262/1086/865 1263/1087/865 1270/1094/865 1269/1093/865
f 1263/1087/866 1264/1088/866 1271/1095/866 1270/1094/866
f 1264/1088/867 1265/1089/867 1272/1096/867 1271/1095/867
f 1265/1089/868 1266/1090/868 1273/1097/868 1272/1096/868
f 15/896/869 163/1098/869 1225/1049/869 275/1099/869
f 163/1098/870 162/1100/870 1226/1050/870 1225/1049/870
f 162/1100/871 161/1101/871 1227/1053/871 1226/1050/871
f 161/1101/872 160/1102/872 1228/1055/872 1227/1053/872
f 160/1102/873 159/1103/873 1229/1057/873 1228/1055/873
f 159/1103/874 158/1104/874 1230/1059/874 1229/1057/874
f 158/1104/875 157/1105/875 1231/1061/875 1230/1059/875
f 157/1105/876 9/887/876 254/1106/876 1231/1061/876
f 1231/1061/877 254/1106/877 253/1106/877 1238/1062/877
f 1238/1062/878 253/1106/878 252/1106/878 1245/1069/878
f 1245/1069/879 252/1106/879 251/1106/879 1252/1076/879
f 1252/1076/880 251/1106/880 250/1106/880 1259/1083/880
f 1259/1083/881 250/1106/881 249/1106/881 1266/1090/881
f 1266/1090/882 249/1106/882 248/1106/882 1273/1097/882
f 1273/1097/883 248/1106/883 22/887/883 290/1107/883
f 1272/1096/884 1273/1097/884 290/1107/884 291/1108/884
f 1271/1095/885 1272/1096/885 291/1108/885 292/1109/885
f 1270/1094/886 1271/1095/886 292/1109/886 293/1110/886
f 1269/1093/887 1270/1094/887 293/1110/887 294/1111/887
f 1268/1091/888 1269/1093/888 294/1111/888 295/1112/888
f 1267/1092/889 1268/1091/889 295/1112/889 296/1113/889
f 269/1099/890 1267/1092/890 296/1113/890 21/896/890
f 270/1099/891 1260/1085/891 1267/1092/891 269/1099/891
f 271/1099/892 1253/1078/892 1260/1085/892 270/1099/892
f 272/1099/893 1246/1071/893 1253/1078/893 271/1099/893
f 273/1099/894 1239/1064/894 1246/1071/894 272/1099/894
f 274/1099/895 1232/1052/895 1239/1064/895 273/1099/895
f 275/1099/896 1225/1049/896 1232/1052/896 274/1099/896
f 1274/1114/897 1275/1115/897 1282/1116/897 1281/1117/897
f 1275/1115/898 1276/1118/898 1283/1119/898 1282/1116/898
f 1276/1118/899 1277/1120/899 1284/1121/899 1283/1119/899
f 1277/1120/900 1278/1122/900 1285/1123/900 1284/1121/900
f 1278/1122/901 1279/1124/901 1286/1125/901 1285/1123/901
f 1279/1124/902 1280/1126/902 1287/1127/902 1286/1125/902
f 1281/1117/903 1282/1116/903 1289/1128/903 1288/1129/903
f 1282/1116/904 1283/1119/904 1290/1130/904 1289/1128/904
f 1283/1119/905 1284/1121/905 1291/1131/905 1290/1130/905
f 1284/1121/906 1285/1123/906 1292/1132/906 1291/1131/906
f 1285/1123/907 1286/1125/907 1293/1133/907 1292/1132/907
f 1286/1125/908 1287/1127/908 1294/1134/908 1293/1133/908
f 1288/1129/909 1289/1128/909 1296/1135/909 1295/1136/909
f 1289/1128/910 1290/1130/910 1297/1137/910 1296/1135/910
f 1290/1130/911 1291/1131/911 1298/1138/911 1297/1137/911
f 1291/1131/912 1292/1132/912 1299/1139/912 1298/1138/912
f 1292/1132/913 1293/1133/913 1300/1140/913 1299/1139/913
f 1293/1133/914 1294/1134/914 1301/1141/914 1300/1140/914
f 1295/1136/915 1296/1135/915 1303/1142/915 1302/1143/915
f 1296/1135/916 1297/1137/916 1304/1144/916 1303/1142/916
f 1297/1137/917 1298/1138/917 1305/1145/917 1304/1144/917
f 1298/1138/918 1299/1139/918 1306/1146/918 1305/1145/918
f 1299/1139/919 1300/1140/919 1307/1147/919 1306/1146/919
f 1300/1140/920 1301/1141/920 1308/1148/920 1307/1147/920
f 1302/1143/921 1303/1142/921 1310/1149/921 1309/1150/921
f 1303/1142/922 1304/1144/922 1311/1151/922 1310/1149/922
f 1304/1144/923 1305/1145/923 1312/1152/923 1311/1151/923
f 1305/1145/924 1306/1146/924 1313/1153/924 1312/1152/924
f 1306/1146/925 1307/1147/925 1314/1154/925 1313/1153/925
f 1307/1147/926 1308/1148/926 1315/1155/926 1314/1154/926
f 1309/1150/927 1310/1149/927 1317/1156/927 1316/1157/927
f 1310/1149/928 1311/1151/928 1318/1158/928 1317/1156/928
f 1311/1151/929 1312/1152/929 1319/1159/929 1318/1158/929
f 1312/1152/930 1313/1153/930 1320/1160/930 1319/1159/930
f 1313/1153/931 1314/1154/931 1321/1161/931 1320/1160/931
f 1314/1154/932 1315/1155/932 1322/1162/932 1321/1161/932
f 10/286/933 380/1163/933 1274/1114/933 129/287/933
f 380/1163/934 379/1164/934 1275/1115/934 1274/1114/934
f 379/1164/935 378/1165/935 1276/1118/935 1275/1115/935
f 378/1165/936 377/1166/936 1277/1120/936 1276/1118/936
f 377/1166/937 376/1167/937 1278/1122/937 1277/1120/937
f 376/1167/938 375/1168/938 1279/1124/938 1278/1122/938
f 375/1168/939 374/1169/939 1280/1126/939 1279/1124/939
f 374/1169/940 31/1170/940 332/1171/940 1280/1126/940
f 1280/1126/941 332/1171/941 333/1172/941 1287/1127/941
f 1287/1127/942 333/1172/942 334/1173/942 1294/1134/942
f 1294/1134/943 334/1173/943 335/1174/943 1301/1141/943
f 1301/1141/944 335/1174/944 336/1175/944 1308/1148/944
f 1308/1148/945 336/1175/945 337/1176/945 1315/1155/945
f 1315/1155/946 337/1176/946 338/1177/946 1322/1162/946
f 1322/1162/947 338/1177/947 29/295/947 387/1178/947
f 1321/1161/948 1322/1162/948 387/1178/948 386/1179/948
f 1320/1160/949 1321/1161/949 386/1179/949 385/1179/949
f 1319/1159/950 1320/1160/950 385/1179/950 384/1179/950
f 1318/1158/951 1319/1159/951 384/1179/951 383/1179/951
f 1317/1156/952 1318/1158/952 383/1179/952 382/1179/952
f 1316/1157/953 1317/1156/953 382/1179/953 381/1179/953
f 135/1180/954 1316/1157/954 381/1179/954 11/295/954
f 134/1181/955 1309/1150/955 1316/1157/955 135/1180/955
f 133/1182/956 1302/1143/956 1309/1150/956 134/1181/956
f 132/1183/957 1295/1136/957 1302/1143/957 133/1182/957
f 131/289/958 1288/1129/958 1295/1136/958 132/1183/958
f 130/1184/959 1281/1117/959 1288/1129/959 131/289/959
f 129/287/960 1274/1114/960 1281/1117/960 130/1184/960
f 1323/1185/961 1324/1186/961 1331/1187/961 1330/1188/961
f 1324/1186/962 1325/1189/962 1332/1190/962 1331/1187/962
f 1325/1189/963 1326/1191/963 1333/1192/963 1332/1190/963
f 1326/1191/964 1327/1193/964 1334/1194/964 1333/1192/964
f 1327/1193/965 1328/1195/965 1335/1196/965 1334/1194/965
f 1328/1195/966 1329/1197/966 1336/1198/966 1335/1196/966
f 1330/1188/967 1331/1187/967 1338/1199/967 1337/1200/967
f 1331/1187/968 1332/1190/968 1339/1201/968 1338/1199/968
f 1332/1190/969 1333/1192/969 1340/1202/969 1339/1201/969
f 1333/1192/970 1334/1194/970 1341/1203/970 1340/1202/970
f 1334/1194/971 1335/1196/971 1342/1204/971 1341/1203/971
f 1335/1196/972 1336/1198/972 1343/1205/972 1342/1204/972
f 1337/1200/973 1338/1199/973 1345/1206/973 1344/1207/973
f 1338/1199/974 1339/1201/974 1346/1208/974 1345/1206/974
f 1339/1201/975 1340/1202/975 1347/1209/975 1346/1208/975
f 1340/1202/976 1341/1203/976 1348/1210/976 1347/1209/976
f 1341/1203/977 1342/1204/977 1349/1211/977 1348/1210/977
f 1342/1204/978 1343/1205/978 1350/1212/978 1349/1211/978
f 1344/1207/979 1345/1206/979 1352/1213/979 1351/1214/979
f 1345/1206/980 1346/1208/980 1353/1215/980 1352/1213/980
f 1346/1208/981 1347/1209/981 1354/1216/981 1353/1215/981
f 1347/1209/982 1348/1210/982 1355/1217/982 1354/1216/982
f 1348/1210/983 1349/1211/983 1356/1218/983 1355/1217/983
f 1349/1211/984 1350/1212/984 1357/1219/984 1356/1218/984
f 1351/1214/985 1352/1213/985 1359/1220/985 1358/1221/985
f 1352/1213/986 1353/1215/986 1360/1222/986 1359/1220/986
f 1353/1215/987 1354/1216/987 1361/1223/987 1360/1222/987
f 1354/1216/988 1355/1217/988 1362/1224/988 1361/1223/988
f 1355/1217/989 1356/1218/989 1363/1225/989 1362/1224/989
f 1356/1218/990 1357/1219/990 1364/1226/990 1363/1225/990
f 1358/1221/991 1359/1220/991 1366/1227/991 1365/1228/991
f 1359/1220/992 1360/1222/992 1367/1229/992 1366/1227/992
f 1360/1222/993 1361/1223/993 1368/1230/993 1367/1229/993
f 1361/1223/994 1362/1224/994 1369/1231/994 1368/1230/994
f 1362/1224/995 1363/1225/995 1370/1232/995 1369/1231/995
f 1363/1225/996 1364/1226/996 1371/1233/996 1370/1232/996
f 1/1234/997 394/1235/997 1323/1185/997 59/1236/997
f 394/1235/998 393/1235/998 1324/1186/998 1323/1185/998
f 393/1235/999 392/1235/999 1325/1189/999 1324/1186/999
f 392/1235/1000 391/1235/1000 1326/1191/1000 1325/1189/1000
f 391/1235/1001 390/1235/1001 1327/1193/1001 1326/1191/1001
f 390/1235/1002 389/1235/1002 1328/1195/1002 1327/1193/1002
f 389/1235/1003 388/1235/1003 1329/1197/1003 1328/1195/1003
f 388/1235/1004 27/1237/1004 304/1238/1004 1329/1197/1004
f 1329/1197/1005 304/1238/1005 305/1239/1005 1336/1198/1005
f 1336/1198/1006 305/1239/1006 306/1240/1006 1343/1205/1006
f 1343/1205/1007 306/1240/1007 307/1241/1007 1350/1212/1007
f 1350/1212/1008 307/1241/1008 308/1242/1008 1357/1219/1008
f 1357/1219/1009 308/1242/1009 309/1243/1009 1364/1226/1009
f 1364/1226/1010 309/1243/1010 310/1244/1010 1371/1233/1010
f 1371/1233/1011 310/1244/1011 28/1245/1011 373/1246/1011
f 1370/1232/1012 1371/1233/1012 373/1246/1012 372/1247/1012
f 1369/1231/1013 1370/1232/1013 372/1247/1013 371/1248/1013
f 1368/1230/1014 1369/1231/1014 371/1248/1014 370/1249/1014
f 1367/1229/1015 1368/1230/1015 370/1249/1015 369/1250/1015
f 1366/1227/1016 1367/1229/1016 369/1250/1016 368/1251/1016
f 1365/1228/1017 1366/1227/1017 368/1251/1017 367/1252/1017
f 65/1253/1018 1365/1228/1018 367/1252/1018 5/706/1018
f 64/1254/1019 1358/1221/1019 1365/1228/1019 65/1253/1019
f 63/1255/1020 1351/1214/1020 1358/1221/1020 64/1254/1020
f 62/1256/1021 1344/1207/1021 1351/1214/1021 63/1255/1021
f 61/1257/1022 1337/1200/1022 1344/1207/1022 62/1256/1022
f 60/1258/1023 1330/1188/1023 1337/1200/1023 61/1257/1023
f 59/1236/1024 1323/1185/1024 1330/1188/1024 60/1258/1024
f 1372/1113/1025 1373/1259/1025 1380/1112/1025 1379/1260/1025
f 1373/1259/1026 1374/1261/1026 1381/1111/1026 1380/1112/1026
f 1374/1261/1027 1375/1262/1027 1382/1110/1027 1381/1111/1027
f 1375/1262/1028 1376/1263/1028 1383/1109/1028 1382/1110/1028
f 1376/1263/1029 1377/1108/1029 1384/1108/1029 1383/1109/1029
f 1377/1108/1030 1378/1264/1030 1385/1264/1030 1384/1108/1030
f 1379/1260/1031 1380/1112/1031 1387/1259/1031 1386/1265/1031
f 1380/1112/1032 1381/1111/1032 1388/1261/1032 1387/1259/1032
f 1381/1111/1033 1382/1110/1033 1389/1262/1033 1388/1261/1033
f 1382/1110/1034 1383/1109/1034 1390/1263/1034 1389/1262/1034
f 1383/1109/1035 1384/1108/1035 1391/1266/1035 1390/1263/1035
f 1384/1108/1036 1385/1264/1036 1392/1267/1036 1391/1266/1036
f 1386/1265/1037 1387/1259/1037 1394/1112/1037 1393/1260/1037
f 1387/1259/1038 1388/1261/1038 1395/1111/1038 1394/1112/1038
f 1388/1261/1039 1389/1262/1039 1396/1110/1039 1395/1111/1039
f 1389/1262/1040 1390/1263/1040 1397/1109/1040 1396/1110/1040
f 1390/1263/1041 1391/1266/1041 1398/1108/1041 1397/1109/1041
f 1391/1266/1042 1392/1267/1042 1399/1264/1042 1398/1108/1042
f 1393/1260/1043 1394/1112/1043 1401/1259/1043 1400/1265/1043
f 1394/1112/1044 1395/1111/1044 1402/1261/1044 1401/1259/1044
f 1395/1111/1045 1396/1110/1045 1403/1262/1045 1402/1261/1045
f 1396/1110/1046 1397/1109/1046 1404/1263/1046 1403/1262/1046
f 1397/1109/1047 1398/1108/1047 1405/1266/1047 1404/1263/1047
f 1398/1108/1048 1399/1264/1048 1406/1267/1048 1405/1266/1048
f 1400/1265/1049 1401/1259/1049 1408/1112/1049 1407/1113/1049
f 1401/1259/1050 1402/1261/1050 1409/1111/1050 1408/1112/1050
f 1402/1261/1051 1403/1262/1051 1410/1110/1051 1409/1111/1051
f 1403/1262/1052 1404/1263/1052 1411/1109/1052 1410/1110/1052
f 1404/1263/1053 1405/1266/1053 1412/1108/1053 1411/1109/1053
f 1405/1266/1054 1406/1267/1054 1413/1264/1054 1412/1108/1054
f 1407/1113/1055 1408/1112/1055 1415/1268/1055 1414/1113/1055
f 1408/1112/1056 1409/1111/1056 1416/1269/1056 1415/1268/1056
f 1409/1111/1057 1410/1110/1057 1417/1270/1057 1416/1269/1057
f 1410/1110/1058 1411/1109/1058 1418/1271/1058 1417/1270/1058
f 1411/1109/1059 1412/1108/1059 1419/1108/1059 1418/1271/1059
f 1412/1108/1060 1413/1264/1060 1420/1264/1060 1419/1108/1060
f 21/896/1061 296/1113/1061 1372/1113/1061 205/1099/1061
f 296/1113/1062 295/1112/1062 1373/1259/1062 1372/1113/1062
f 295/1112/1063 294/1111/1063 1374/1261/1063 1373/1259/1063
f 294/1111/1064 293/1110/1064 1375/1262/1064 1374/1261/1064
f 293/1110/1065 292/1109/1065 1376/1263/1065 1375/1262/1065
f 292/1109/1066 291/1108/1066 1377/1108/1066 1376/1263/1066
f 291/1108/1067 290/1107/1067 1378/1264/1067 1377/1108/1067
f 290/1107/1068 22/887/1068 206/1106/1068 1378/1264/1068
f 1378/1264/1069 206/1106/1069 207/1106/1069 1385/1264/1069
f 1385/1264/1070 207/1106/1070 208/1106/1070 1392/1267/1070
f 1392/1267/1071 208/1106/1071 209/1106/1071 1399/1264/1071
f 1399/1264/1072 209/1106/1072 210/1106/1072 1406/1267/1072
f 1406/1267/1073 210/1106/1073 211/1106/1073 1413/1264/1073
f 1413/1264/1074 211/1106/1074 212/1106/1074 1420/1264/1074
f 1420/1264/1075 212/1106/1075 18/1272/1075 213/1273/1075
f 1419/1108/1076 1420/1264/1076 213/1273/1076 214/1108/1076
f 1418/1271/1077 1419/1108/1077 214/1108/1077 215/1274/1077
f 1417/1270/1078 1418/1271/1078 215/1274/1078 216/1270/1078
f 1416/1269/1079 1417/1270/1079 216/1270/1079 217/1111/1079
f 1415/1268/1080 1416/1269/1080 217/1111/1080 218/1268/1080
f 1414/1113/1081 1415/1268/1081 218/1268/1081 219/1275/1081
f 199/1099/1082 1414/1113/1082 219/1275/1082 20/1099/1082
f 200/1099/1083 1407/1113/1083 1414/1113/1083 199/1099/1083
f 201/1099/1084 1400/1265/1084 1407/1113/1084 200/1099/1084
f 202/1099/1085 1393/1260/1085 1400/1265/1085 201/1099/1085
f 203/1099/1086 1386/1265/1086 1393/1260/1086 202/1099/1086
f 204/1099/1087 1379/1260/1087 1386/1265/1087 203/1099/1087
f 205/1099/1088 1372/1113/1088 1379/1260/1088 204/1099/1088
f 1421/1276/1089 1422/1277/1089 1429/1278/1089 1428/1279/1089
f 1422/1277/1090 1423/1280/1090 1430/1281/1090 1429/1278/1090
f 1423/1280/1091 1424/1282/1091 1431/1283/1091 1430/1281/1091
f 1424/1282/1092 1425/1284/1092 1432/1285/1092 1431/1283/1092
f 1425/1284/1093 1426/1286/1093 1433/1287/1093 1432/1285/1093
f 1426/1286/1094 1427/1288/1094 1434/1289/1094 1433/1287/1094
f 1428/1279/1095 1429/1278/1095 1436/1290/1095 1435/1291/1095
f 1429/1278/1096 1430/1281/1096 1437/1292/1096 1436/1290/1096
f 1430/1281/1097 1431/1283/1097 1438/1293/1097 1437/1292/1097
f 1431/1283/1098 1432/1285/1098 1439/1294/1098 1438/1293/1098
f 1432/1285/1099 1433/1287/1099 1440/1295/1099 1439/1294/1099
f 1433/1287/1100 1434/1289/1100 1441/1296/1100 1440/1295/1100
f 1435/1291/1101 1436/1290/1101 1443/1297/1101 1442/1298/1101
f 1436/1290/1102 1437/1292/1102 1444/1299/1102 1443/1297/1102
f 1437/1292/1103 1438/1293/1103 1445/1300/1103 1444/1299/1103
f 1438/1293/1104 1439/1294/1104 1446/1301/1104 1445/1300/1104
f 1439/1294/1105 1440/1295/1105 1447/1302/1105 1446/1301/1105
f 1440/1295/1106 1441/1296/1106 1448/1303/1106 1447/1302/1106
f 1442/1298/1107 1443/1297/1107 1450/1304/1107 1449/1305/1107
f 1443/1297/1108 1444/1299/1108 1451/1306/1108 1450/1304/1108
f 1444/1299/1109 1445/1300/1109 1452/1307/1109 1451/1306/1109
f 1445/1300/1110 1446/1301/1110 1453/1308/1110 1452/1307/1110
f 1446/1301/1111 1447/1302/1111 1454/1309/1111 1453/1308/1111
f 1447/1302/1112 1448/1303/1112 1455/1310/1112 1454/1309/1112
f 1449/1305/1113 1450/1304/1113 1457/1311/1113 1456/1312/1113
f 1450/1304/1114 1451/1306/1114 1458/1313/1114 1457/1311/1114
f 1451/1306/1115 1452/1307/1115 1459/1314/1115 1458/1313/1115
f 1452/1307/1116 1453/1308/1116 1460/1315/1116 1459/1314/1116
f 1453/1308/1117 1454/1309/1117 1461/1316/1117 1460/1315/1117
f 1454/1309/1118 1455/1310/1118 1462/1317/1118 1461/1316/1118
f 1456/1312/1119 1457/1311/1119 1464/1318/1119 1463/1319/1119
f 1457/1311/1120 1458/1313/1120 1465/1320/1120 1464/1318/1120
f 1458/1313/1121 1459/1314/1121 1466/1321/1121 1465/1320/1121
f 1459/1314/1122 1460/1315/1122 1467/1322/1122 1466/1321/1122
f 1460/1315/1123 1461/1316/1123 1468/1323/1123 1467/1322/1123
f 1461/1316/1124 1462/1317/1124 1469/1324/1124 1468/1323/1124
f 5/706/1125 367/1252/1125 1421/1276/1125 108/1325/1125
f 367/1252/1126 368/1251/1126 1422/1277/1126 1421/1276/1126
f 368/1251/1127 369/1250/1127 1423/1280/1127 1422/1277/1127
f 369/1250/1128 370/1249/1128 1424/1282/1128 1423/1280/1128
f 370/1249/1129 371/1248/1129 1425/1284/1129 1424/1282/1129
f 371/1248/1130 372/1247/1130 1426/1286/1130 1425/1284/1130
f 372/1247/1131 373/1246/1131 1427/1288/1131 1426/1286/1131
f 373/1246/1132 28/1245/1132 325/1326/1132 1427/1288/1132
f 1427/1288/1133 325/1326/1133 326/1327/1133 1434/1289/1133
f 1434/1289/1134 326/1327/1134 327/1328/1134 1441/1296/1134
f 1441/1296/1135 327/1328/1135 328/1329/1135 1448/1303/1135
f 1448/1303/1136 328/1329/1136 329/1330/1136 1455/1310/1136
f 1455/1310/1137 329/1330/1137 330/1331/1137 1462/1317/1137
f 1462/1317/1138 330/1331/1138 331/1332/1138 1469/1324/1138
f 1469/1324/1139 331/1332/1139 31/1170/1139 374/1169/1139
f 1468/1323/1140 1469/1324/1140 374/1169/1140 375/1168/1140
f 1467/1322/1141 1468/1323/1141 375/1168/1141 376/1167/1141
f 1466/1321/1142 1467/1322/1142 376/1167/1142 377/1166/1142
f 1465/1320/1143 1466/1321/1143 377/1166/1143 378/1165/1143
f 1464/1318/1144 1465/1320/1144 378/1165/1144 379/1164/1144
f 1463/1319/1145 1464/1318/1145 379/1164/1145 380/1163/1145
f 114/1333/1146 1463/1319/1146 380/1163/1146 10/286/1146
f 113/1334/1147 1456/1312/1147 1463/1319/1147 114/1333/1147
f 112/1335/1148 1449/1305/1148 1456/1312/1148 113/1334/1148
f 111/1336/1149 1442/1298/1149 1449/1305/1149 112/1335/1149
f 110/1337/1150 1435/1291/1150 1442/1298/1150 111/1336/1150
f 109/1338/1151 1428/1279/1151 1435/1291/1151 110/1337/1151
f 108/1325/1152 1421/1276/1152 1428/1279/1152 109/1338/1152
f 1470/1339/1153 1471/1340/1153 1478/1341/1153 1477/1342/1153
f 1471/1340/1154 1472/1343/1154 1479/1344/1154 1478/1341/1154
f 1472/1343/1155 1473/1345/1155 1480/1346/1155 1479/1344/1155
f 1473/1345/1156 1474/1347/1156 1481/1348/1156 1480/1346/1156
f 1474/1347/1157 1475/1349/1157 1482/1350/1157 1481/1348/1157
f 1475/1349/1158 1476/1351/1158 1483/1352/1158 1482/1350/1158
f 1477/1342/1159 1478/1341/1159 1485/1353/1159 1484/1354/1159
f 1478/1341/1160 1479/1344/1160 1486/1355/1160 1485/1353/1160
f 1479/1344/1161 1480/1346/1161 1487/1356/1161 1486/1355/1161
f 1480/1346/1162 1481/1348/1162 1488/1357/1162 1487/1356/1162
f 1481/1348/1163 1482/1350/1163 1489/1358/1163 1488/1357/1163
f 1482/1350/1164 1483/1352/1164 1490/1359/1164 1489/1358/1164
f 1484/1354/1165 1485/1353/1165 1492/1360/1165 1491/1361/1165
f 1485/1353/1166 1486/1355/1166 1493/1362/1166 1492/1360/1166
f 1486/1355/1167 1487/1356/1167 1494/1363/1167 1493/1362/1167
f 1487/1356/1168 1488/1357/1168 1495/1364/1168 1494/1363/1168
f 1488/1357/1169 1489/1358/1169 1496/1365/1169 1495/1364/1169
f 1489/1358/1170 1490/1359/1170 1497/1366/1170 1496/1365/1170
f 1491/1361/1171 1492/1360/1171 1499/1367/1171 1498/1368/1171
f 1492/1360/1172 1493/1362/1172 1500/1369/1172 1499/1367/1172
f 1493/1362/1173 1494/1363/1173 1501/1370/1173 1500/1369/1173
f 1494/1363/1174 1495/1364/1174 1502/1371/1174 1501/1370/1174
f 1495/1364/1175 1496/1365/1175 1503/1372/1175 1502/1371/1175
f 1496/1365/1176 1497/1366/1176 1504/1373/1176 1503/1372/1176
f 1498/1368/1177 1499/1367/1177 1506/1374/1177 1505/1375/1177
f 1499/1367/1178 1500/1369/1178 1507/1376/1178 1506/1374/1178
f 1500/1369/1179 1501/1370/1179 1508/1377/1179 1507/1376/1179
f 1501/1370/1180 1502/1371/1180 1509/1378/1180 1508/1377/1180
f 1502/1371/1181 1503/1372/1181 1510/1379/1181 1509/1378/1181
f 1503/1372/1182 1504/1373/1182 1511/1380/1182 1510/1379/1182
f 1505/1375/1183 1506/1374/1183 1513/1381/1183 1512/1382/1183
f 1506/1374/1184 1507/1376/1184 1514/1383/1184 1513/1381/1184
f 1507/1376/1185 1508/1377/1185 1515/1384/1185 1514/1383/1185
f 1508/1377/1186 1509/1378/1186 1516/1385/1186 1515/1384/1186
f 1509/1378/1187 1510/1379/1187 1517/1386/1187 1516/1385/1187
f 1510/1379/1188 1511/1380/1188 1518/1387/1188 1517/1386/1188
f 13/269/1189 366/1388/1189 1470/1339/1189 177/1389/1189
f 366/1388/1190 365/1388/1190 1471/1340/1190 1470/1339/1190
f 365/1388/1191 364/1388/1191 1472/1343/1191 1471/1340/1191
f 364/1388/1192 363/1388/1192 1473/1345/1192 1472/1343/1192
f 363/1388/1193 362/1388/1193 1474/1347/1193 1473/1345/1193
f 362/1388/1194 361/1388/1194 1475/1349/1194 1474/1347/1194
f 361/1388/1195 360/1390/1195 1476/1351/1195 1475/1349/1195
f 360/1390/1196 32/269/1196 352/1391/1196 1476/1351/1196
f 1476/1351/1197 352/1391/1197 351/1392/1197 1483/1352/1197
f 1483/1352/1198 351/1392/1198 350/1393/1198 1490/1359/1198
f 1490/1359/1199 350/1393/1199 349/1394/1199 1497/1366/1199
f 1497/1366/1200 349/1394/1200 348/1395/1200 1504/1373/1200
f 1504/1373/1201 348/1395/1201 347/1396/1201 1511/1380/1201
f 1511/1380/1202 347/1396/1202 346/1397/1202 1518/1387/1202
f 1518/1387/1203 346/1397/1203 30/434/1203 402/433/1203
f 1517/1386/1204 1518/1387/1204 402/433/1204 403/432/1204
f 1516/1385/1205 1517/1386/1205 403/432/1205 404/431/1205
f 1515/1384/1206 1516/1385/1206 404/431/1206 405/430/1206
f 1514/1383/1207 1515/1384/1207 405/430/1207 406/429/1207
f 1513/1381/1208 1514/1383/1208 406/429/1208 407/428/1208
f 1512/1382/1209 1513/1381/1209 407/428/1209 408/426/1209
f 171/1398/1210 1512/1382/1210 408/426/1210 16/278/1210
f 172/1399/1211 1505/1375/1211 1512/1382/1211 171/1398/1211
f 173/1400/1212 1498/1368/1212 1505/1375/1212 172/1399/1212
f 174/1401/1213 1491/1361/1213 1498/1368/1213 173/1400/1213
f 175/1402/1214 1484/1354/1214 1491/1361/1214 174/1401/1214
f 176/272/1215 1477/1342/1215 1484/1354/1215 175/1402/1215
f 177/1389/1216 1470/1339/1216 1477/1342/1216 176/272/1216
f 1519/1403/1217 1520/1404/1217 1527/1405/1217 1526/1406/1217
f 1520/1404/1218 1521/1407/1218 1528/1408/1218 1527/1405/1218
f 1521/1407/1219 1522/1409/1219 1529/1410/1219 1528/1408/1219
f 1522/1409/1220 1523/1411/1220 1530/1412/1220 1529/1410/1220
f 1523/1411/1221 1524/1413/1221 1531/1414/1221 1530/1412/1221
f 1524/1413/1222 1525/1415/1222 1532/1416/1222 1531/1414/1222
f 1526/1406/1223 1527/1405/1223 1534/1417/1223 1533/1418/1223
f 1527/1405/1224 1528/1408/1224 1535/1419/1224 1534/1417/1224
f 1528/1408/1225 1529/1410/1225 1536/1420/1225 1535/1419/1225
f 1529/1410/1226 1530/1412/1226 1537/1421/1226 1536/1420/1226
f 1530/1412/1227 1531/1414/1227 1538/1422/1227 1537/1421/1227
f 1531/1414/1228 1532/1416/1228 1539/1423/1228 1538/1422/1228
f 1533/1418/1229 1534/1417/1229 1541/1424/1229 1540/1425/1229
f 1534/1417/1230 1535/1419/1230 1542/1426/1230 1541/1424/1230
f 1535/1419/1231 1536/1420/1231 1543/1427/1231 1542/1426/1231
f 1536/1420/1232 1537/1421/1232 1544/1428/1232 1543/1427/1232
f 1537/1421/1233 1538/1422/1233 1545/1429/1233 1544/1428/1233
f 1538/1422/1234 1539/1423/1234 1546/1430/1234 1545/1429/1234
f 1540/1425/1235 1541/1424/1235 1548/1431/1235 1547/1432/1235
f 1541/1424/1236 1542/1426/1236 1549/1433/1236 1548/1431/1236
f 1542/1426/1237 1543/1427/1237 1550/1434/1237 1549/1433/1237
f 1543/1427/1238 1544/1428/1238 1551/1435/1238 1550/1434/1238
f 1544/1428/1239 1545/1429/1239 1552/1436/1239 1551/1435/1239
f 1545/1429/1240 1546/1430/1240 1553/1437/1240 1552/1436/1240
f 1547/1432/1241 1548/1431/1241 1555/1438/1241 1554/1439/1241
f 1548/1431/1242 1549/1433/1242 1556/1440/1242 1555/1438/1242
f 1549/1433/1243 1550/1434/1243 1557/1441/1243 1556/1440/1243
f 1550/1434/1244 1551/1435/1244 1558/1442/1244 1557/1441/1244
f 1551/1435/1245 1552/1436/1245 1559/1443/1245 1558/1442/1245
f 1552/1436/1246 1553/1437/1246 1560/1444/1246 1559/1443/1246
f 1554/1439/1247 1555/1438/1247 1562/1445/1247 1561/1446/1247
f 1555/1438/1248 1556/1440/1248 1563/1447/1248 1562/1445/1248
f 1556/1440/1249 1557/1441/1249 1564/1448/1249 1563/1447/1249
f 1557/1441/1250 1558/1442/1250 1565/1449/1250 1564/1448/1250
f 1558/1442/1251 1559/1443/1251 1566/1450/1251 1565/1449/1251
f 1559/1443/1252 1560/1444/1252 1567/1451/1252 1566/1450/1252
f 3/922/1253 353/1452/1253 1519/1403/1253 143/1453/1253
f 353/1452/1254 354/1454/1254 1520/1404/1254 1519/1403/1254
f 354/1454/1255 355/1455/1255 1521/1407/1255 1520/1404/1255
f 355/1455/1256 356/1456/1256 1522/1409/1256 1521/1407/1256
f 356/1456/1257 357/1457/1257 1523/1411/1257 1522/1409/1257
f 357/1457/1258 358/1458/1258 1524/1413/1258 1523/1411/1258
f 358/1458/1259 359/1459/1259 1525/1415/1259 1524/1413/1259
f 359/1459/1260 26/1460/1260 339/1461/1260 1525/1415/1260
f 1525/1415/1261 339/1461/1261 340/1462/1261 1532/1416/1261
f 1532/1416/1262 340/1462/1262 341/1463/1262 1539/1423/1262
f 1539/1423/1263 341/1463/1263 342/1464/1263 1546/1430/1263
f 1546/1430/1264 342/1464/1264 343/1465/1264 1553/1437/1264
f 1553/1437/1265 343/1465/1265 344/1466/1265 1560/1444/1265
f 1560/1444/1266 344/1466/1266 345/1467/1266 1567/1451/1266
f 1567/1451/1267 345/1467/1267 32/1468/1267 360/1469/1267
f 1566/1450/1268 1567/1451/1268 360/1469/1268 361/1469/1268
f 1565/1449/1269 1566/1450/1269 361/1469/1269 362/1469/1269
f 1564/1448/1270 1565/1449/1270 362/1469/1270 363/1469/1270
f 1563/1447/1271 1564/1448/1271 363/1469/1271 364/1469/1271
f 1562/1445/1272 1563/1447/1272 364/1469/1272 365/1469/1272
f 1561/1446/1273 1562/1445/1273 365/1469/1273 366/1469/1273
f 149/1470/1274 1561/1446/1274 366/1469/1274 13/931/1274
f 148/937/1275 1554/1439/1275 1561/1446/1275 149/1470/1275
f 147/1471/1276 1547/1432/1276 1554/1439/1276 148/937/1276
f 146/1472/1277 1540/1425/1277 1547/1432/1277 147/1471/1277
f 145/1473/1278 1533/1418/1278 1540/1425/1278 146/1472/1278
f 144/1474/1279 1526/1406/1279 1533/1418/1279 145/1473/1279
f 143/1453/1280 1519/1403/1280 1526/1406/1280 144/1474/1280
f 1568/1475/1281 1569/1476/1281 1576/1477/1281 1575/1478/1281
f 1569/1476/1282 1570/1479/1282 1577/1480/1282 1576/1477/1282
f 1570/1479/1283 1571/1481/1283 1578/1482/1283 1577/1480/1283
f 1571/1481/1284 1572/1483/1284 1579/1484/1284 1578/1482/1284
f 1572/1483/1285 1573/1485/1285 1580/1486/1285 1579/1484/1285
f 1573/1485/1286 1574/1487/1286 1581/1488/1286 1580/1486/1286
f 1575/1478/1287 1576/1477/1287 1583/1489/1287 1582/1490/1287
f 1576/1477/1288 1577/1480/1288 1584/1491/1288 1583/1489/1288
f 1577/1480/1289 1578/1482/1289 1585/1492/1289 1584/1491/1289
f 1578/1482/1290 1579/1484/1290 1586/1493/1290 1585/1492/1290
f 1579/1484/1291 1580/1486/1291 1587/1494/1291 1586/1493/1291
f 1580/1486/1292 1581/1488/1292 1588/1495/1292 1587/1494/1292
f 1582/1490/1293 1583/1489/1293 1590/1496/1293 1589/1497/1293
f 1583/1489/1294 1584/1491/1294 1591/1498/1294 1590/1496/1294
f 1584/1491/1295 1585/1492/1295 1592/1499/1295 1591/1498/1295
f 1585/1492/1296 1586/1493/1296 1593/1500/1296 1592/1499/1296
f 1586/1493/1297 1587/1494/1297 1594/1501/1297 1593/1500/1297
f 1587/1494/1298 1588/1495/1298 1595/1502/1298 1594/1501/1298
f 1589/1497/1299 1590/1496/1299 1597/1503/1299 1596/1504/1299
f 1590/1496/1300 1591/1498/1300 1598/1505/1300 1597/1503/1300
f 1591/1498/1301 1592/1499/1301 1599/1506/1301 1598/1505/1301
f 1592/1499/1302 1593/1500/1302 1600/1507/1302 1599/1506/1302
f 1593/1500/1303 1594/1501/1303 1601/1508/1303 1600/1507/1303
f 1594/1501/1304 1595/1502/1304 1602/1509/1304 1601/1508/1304
f 1596/1504/1305 1597/1503/1305 1604/1510/1305 1603/1511/1305
f 1597/1503/1306 1598/1505/1306 1605/1512/1306 1604/1510/1306
f 1598/1505/1307 1599/1506/1307 1606/1513/1307 1605/1512/1307
f 1599/1506/1308 1600/1507/1308 1607/1514/1308 1606/1513/1308
f 1600/1507/1309 1601/1508/1309 1608/1515/1309 1607/1514/1309
f 1601/1508/1310 1602/1509/1310 1609/1516/1310 1608/1515/1310
f 1603/1511/1311 1604/1510/1311 1611/1517/1311 1610/1518/1311
f 1604/1510/1312 1605/1512/1312 1612/1519/1312 1611/1517/1312
f 1605/1512/1313 1606/1513/1313 1613/1520/1313 1612/1519/1313
f 1606/1513/1314 1607/1514/1314 1614/1521/1314 1613/1520/1314
f 1607/1514/1315 1608/1515/1315 1615/1522/1315 1614/1521/1315
f 1608/1515/1316 1609/1516/1316 1616/1523/1316 1615/1522/1316
f 29/295/1317 338/1524/1317 1568/1475/1317 311/1525/1317
f 338/1524/1318 337/1526/1318 1569/1476/1318 1568/1475/1318
f 337/1526/1319 336/1527/1319 1570/1479/1319 1569/1476/1319
f 336/1527/1320 335/1528/1320 1571/1481/1320 1570/1479/1320
f 335/1528/1321 334/1529/1321 1572/1483/1321 1571/1481/1321
f 334/1529/1322 333/1530/1322 1573/1485/1322 1572/1483/1322
f 333/1530/1323 332/1171/1323 1574/1487/1323 1573/1485/1323
f 332/1171/1324 31/1170/1324 331/1531/1324 1574/1487/1324
f 1574/1487/1325 331/1531/1325 330/1331/1325 1581/1488/1325
f 1581/1488/1326 330/1331/1326 329/1532/1326 1588/1495/1326
f 1588/1495/1327 329/1532/1327 328/1533/1327 1595/1502/1327
f 1595/1502/1328 328/1533/1328 327/1534/1328 1602/1509/1328
f 1602/1509/1329 327/1534/1329 326/1535/1329 1609/1516/1329
f 1609/1516/1330 326/1535/1330 325/1536/1330 1616/1523/1330
f 1616/1523/1331 325/1536/1331 28/1245/1331 310/1537/1331
f 1615/1522/1332 1616/1523/1332 310/1537/1332 309/1538/1332
f 1614/1521/1333 1615/1522/1333 309/1538/1333 308/1539/1333
f 1613/1520/1334 1614/1521/1334 308/1539/1334 307/1540/1334
f 1612/1519/1335 1613/1520/1335 307/1540/1335 306/1541/1335
f 1611/1517/1336 1612/1519/1336 306/1541/1336 305/1542/1336
f 1610/1518/1337 1611/1517/1337 305/1542/1337 304/1543/1337
f 317/1544/1338 1610/1518/1338 304/1543/1338 27/1545/1338
f 316/1546/1339 1603/1511/1339 1610/1518/1339 317/1544/1339
f 315/1547/1340 1596/1504/1340 1603/1511/1340 316/1546/1340
f 314/1548/1341 1589/1497/1341 1596/1504/1341 315/1547/1341
f 313/1549/1342 1582/1490/1342 1589/1497/1342 314/1548/1342
f 312/1550/1343 1575/1478/1343 1582/1490/1343 313/1549/1343
f 311/1525/1344 1568/1475/1344 1575/1478/1344 312/1550/1344
f 1617/1551/1345 1618/1552/1345 1625/1553/1345 1624/1554/1345
f 1618/1552/1346 1619/1555/1346 1626/1556/1346 1625/1553/1346
f 1619/1555/1347 1620/1557/1347 1627/1558/1347 1626/1556/1347
f 1620/1557/1348 1621/1559/1348 1628/1560/1348 1627/1558/1348
f 1621/1559/1349 1622/1561/1349 1629/1562/1349 1628/1560/1349
f 1622/1561/1350 1623/1563/1350 1630/1564/1350 1629/1562/1350
f 1624/1554/1351 1625/1553/1351 1632/1565/1351 1631/1566/1351
f 1625/1553/1352 1626/1556/1352 1633/1567/1352 1632/1565/1352
f 1626/1556/1353 1627/1558/1353 1634/1568/1353 1633/1567/1353
f 1627/1558/1354 1628/1560/1354 1635/1569/1354 1634/1568/1354
f 1628/1560/1355 1629/1562/1355 1636/1570/1355 1635/1569/1355
f 1629/1562/1356 1630/1564/1356 1637/1571/1356 1636/1570/1356
f 1631/1566/1357 1632/1565/1357 1639/1572/1357 1638/1573/1357
f 1632/1565/1358 1633/1567/1358 1640/1574/1358 1639/1572/1358
f 1633/1567/1359 1634/1568/1359 1641/1575/1359 1640/1574/1359
f 1634/1568/1360 1635/1569/1360 1642/1576/1360 1641/1575/1360
f 1635/1569/1361 1636/1570/1361 1643/1577/1361 1642/1576/1361
f 1636/1570/1362 1637/1571/1362 1644/1578/1362 1643/1577/1362
f 1638/1573/1363 1639/1572/1363 1646/1579/1363 1645/1580/1363
f 1639/1572/1364 1640/1574/1364 1647/1581/1364 1646/1579/1364
f 1640/1574/1365 1641/1575/1365 1648/1582/1365 1647/1581/1365
f 1641/1575/1366 1642/1576/1366 1649/1583/1366 1648/1582/1366
f 1642/1576/1367 1643/1577/1367 1650/1584/1367 1649/1583/1367
f 1643/1577/1368 1644/1578/1368 1651/1585/1368 1650/1584/1368
f 1645/1580/1369 1646/1579/1369 1653/1586/1369 1652/1587/1369
f 1646/1579/1370 1647/1581/1370 1654/1588/1370 1653/1586/1370
f 1647/1581/1371 1648/1582/1371 1655/1589/1371 1654/1588/1371
f 1648/1582/1372 1649/1583/1372 1656/1590/1372 1655/1589/1372
f 1649/1583/1373 1650/1584/1373 1657/1591/1373 1656/1590/1373
f 1650/1584/1374 1651/1585/1374 1658/1592/1374 1657/1591/1374
f 1652/1587/1375 1653/1586/1375 1660/1593/1375 1659/1594/1375
f 1653/1586/1376 1654/1588/1376 1661/1595/1376 1660/1593/1376
f 1654/1588/1377 1655/1589/1377 1662/1596/1377 1661/1595/1377
f 1655/1589/1378 1656/1590/1378 1663/1597/1378 1662/1596/1378
f 1656/1590/1379 1657/1591/1379 1664/1598/1379 1663/1597/1379
f 1657/1591/1380 1658/1592/1380 1665/1599/1380 1664/1598/1380
f 26/1600/1381 303/1601/1381 1617/1551/1381 339/1602/1381
f 303/1601/1382 302/1603/1382 1618/1552/1382 1617/1551/1382
f 302/1603/1383 301/1604/1383 1619/1555/1383 1618/1552/1383
f 301/1604/1384 300/1605/1384 1620/1557/1384 1619/1555/1384
f 300/1605/1385 299/1606/1385 1621/1559/1385 1620/1557/1385
f 299/1606/1386 298/1607/1386 1622/1561/1386 1621/1559/1386
f 298/1607/1387 297/1608/1387 1623/1563/1387 1622/1561/1387
f 297/1608/1388 25/442/1388 324/1609/1388 1623/1563/1388
f 1623/1563/1389 324/1609/1389 323/1610/1389 1630/1564/1389
f 1630/1564/1390 323/1610/1390 322/1611/1390 1637/1571/1390
f 1637/1571/1391 322/1611/1391 321/1612/1391 1644/1578/1391
f 1644/1578/1392 321/1612/1392 320/1613/1392 1651/1585/1392
f 1651/1585/1393 320/1613/1393 319/436/1393 1658/1592/1393
f 1658/1592/1394 319/436/1394 318/1614/1394 1665/1599/1394
f 1665/1599/1395 318/1614/1395 30/434/1395 346/1397/1395
f 1664/1598/1396 1665/1599/1396 346/1397/1396 347/1615/1396
f 1663/1597/1397 1664/1598/1397 347/1615/1397 348/1616/1397
f 1662/1596/1398 1663/1597/1398 348/1616/1398 349/1394/1398
f 1661/1595/1399 1662/1596/1399 349/1394/1399 350/1617/1399
f 1660/1593/1400 1661/1595/1400 350/1617/1400 351/1618/1400
f 1659/1594/1401 1660/1593/1401 351/1618/1401 352/1619/1401
f 345/1620/1402 1659/1594/1402 352/1619/1402 32/269/1402
f 344/1621/1403 1652/1587/1403 1659/1594/1403 345/1620/1403
f 343/1622/1404 1645/1580/1404 1652/1587/1404 344/1621/1404
f 342/1623/1405 1638/1573/1405 1645/1580/1405 343/1622/1405
f 341/1624/1406 1631/1566/1406 1638/1573/1406 342/1623/1406
f 340/1625/1407 1624/1554/1407 1631/1566/1407 341/1624/1407
f 339/1602/1408 1617/1551/1408 1624/1554/1408 340/1625/1408
f 1666/1626/1409 1667/1627/1409 1674/1628/1409 1673/1629/1409
f 1667/1627/1410 1668/1630/1410 1675/1631/1410 1674/1628/1410
f 1668/1630/1411 1669/1632/1411 1676/1633/1411 1675/1631/1411
f 1669/1632/1412 1670/1634/1412 1677/1635/1412 1676/1633/1412
f 1670/1634/1413 1671/1636/1413 1678/1637/1413 1677/1635/1413
f 1671/1636/1414 1672/1638/1414 1679/1639/1414 1678/1637/1414
f 1673/1629/1415 1674/1628/1415 1681/1640/1415 1680/1641/1415
f 1674/1628/1416 1675/1631/1416 1682/1642/1416 1681/1640/1416
f 1675/1631/1417 1676/1633/1417 1683/1643/1417 1682/1642/1417
f 1676/1633/1418 1677/1635/1418 1684/1644/1418 1683/1643/1418
f 1677/1635/1419 1678/1637/1419 1685/1645/1419 1684/1644/1419
f 1678/1637/1420 1679/1639/1420 1686/1646/1420 1685/1645/1420
f 1680/1641/1421 1681/1640/1421 1688/1647/1421 1687/1648/1421
f 1681/1640/1422 1682/1642/1422 1689/1649/1422 1688/1647/1422
f 1682/1642/1423 1683/1643/1423 1690/1650/1423 1689/1649/1423
f 1683/1643/1424 1684/1644/1424 1691/1651/1424 1690/1650/1424
f 1684/1644/1425 1685/1645/1425 1692/1652/1425 1691/1651/1425
f 1685/1645/1426 1686/1646/1426 1693/1653/1426 1692/1652/1426
f 1687/1648/1427 1688/1647/1427 1695/1654/1427 1694/1655/1427
f 1688/1647/1428 1689/1649/1428 1696/1656/1428 1695/1654/1428
f 1689/1649/1429 1690/1650/1429 1697/1657/1429 1696/1656/1429
f 1690/1650/1430 1691/1651/1430 1698/1658/1430 1697/1657/1430
f 1691/1651/1431 1692/1652/1431 1699/1659/1431 1698/1658/1431
f 1692/1652/1432 1693/1653/1432 1700/1660/1432 1699/1659/1432
f 1694/1655/1433 1695/1654/1433 1702/1661/1433 1701/1662/1433
f 1695/1654/1434 1696/1656/1434 1703/1663/1434 1702/1661/1434
f 1696/1656/1435 1697/1657/1435 1704/1664/1435 1703/1663/1435
f 1697/1657/1436 1698/1658/1436 1705/1665/1436 1704/1664/1436
f 1698/1658/1437 1699/1659/1437 1706/1666/1437 1705/1665/1437
f 1699/1659/1438 1700/1660/1438 1707/1667/1438 1706/1666/1438
f 1701/1662/1439 1702/1661/1439 1709/1668/1439 1708/1669/1439
f 1702/1661/1440 1703/1663/1440 1710/1670/1440 1709/1668/1440
f 1703/1663/1441 1704/1664/1441 1711/1671/1441 1710/1670/1441
f 1704/1664/1442 1705/1665/1442 1712/1672/1442 1711/1671/1442
f 1705/1665/1443 1706/1666/1443 1713/1673/1443 1712/1672/1443
f 1706/1666/1444 1707/1667/1444 1714/1674/1444 1713/1673/1444
f 23/142/1445 289/1675/1445 1666/1626/1445 192/1676/1445
f 289/1675/1446 288/1677/1446 1667/1627/1446 1666/1626/1446
f 288/1677/1447 287/1678/1447 1668/1630/1447 1667/1627/1447
f 287/1678/1448 286/1679/1448 1669/1632/1448 1668/1630/1448
f 286/1679/1449 285/1680/1449 1670/1634/1449 1669/1632/1449
f 285/1680/1450 284/1681/1450 1671/1636/1450 1670/1634/1450
f 284/1681/1451 283/1682/1451 1672/1638/1451 1671/1636/1451
f 283/1682/1452 24/1683/1452 185/1684/1452 1672/1638/1452
f 1672/1638/1453 185/1684/1453 186/1685/1453 1679/1639/1453
f 1679/1639/1454 186/1685/1454 187/1686/1454 1686/1646/1454
f 1686/1646/1455 187/1686/1455 188/1687/1455 1693/1653/1455
f 1693/1653/1456 188/1687/1456 189/1688/1456 1700/1660/1456
f 1700/1660/1457 189/1688/1457 190/1689/1457 1707/1667/1457
f 1707/1667/1458 190/1689/1458 191/1690/1458 1714/1674/1458
f 1714/1674/1459 191/1690/1459 19/1019/1459 220/1691/1459
f 1713/1673/1460 1714/1674/1460 220/1691/1460 221/1692/1460
f 1712/1672/1461 1713/1673/1461 221/1692/1461 222/1693/1461
f 1711/1671/1462 1712/1672/1462 222/1693/1462 223/1046/1462
f 1710/1670/1463 1711/1671/1463 223/1046/1463 224/1694/1463
f 1709/1668/1464 1710/1670/1464 224/1694/1464 225/1695/1464
f 1708/1669/1465 1709/1668/1465 225/1695/1465 226/1696/1465
f 198/1697/1466 1708/1669/1466 226/1696/1466 17/1043/1466
f 197/1698/1467 1701/1662/1467 1708/1669/1467 198/1697/1467
f 196/1699/1468 1694/1655/1468 1701/1662/1468 197/1698/1468
f 195/1700/1469 1687/1648/1469 1694/1655/1469 196/1699/1469
f 194/1701/1470 1680/1641/1470 1687/1648/1470 195/1700/1470
f 193/1702/1471 1673/1629/1471 1680/1641/1471 194/1701/1471
f 192/1676/1472 1666/1626/1472 1673/1629/1472 193/1702/1472
f 1715/1703/1473 1716/1704/1473 1723/1705/1473 1722/1706/1473
f 1716/1704/1474 1717/1707/1474 1724/1708/1474 1723/1705/1474
f 1717/1707/1475 1718/1709/1475 1725/1710/1475 1724/1708/1475
f 1718/1709/1476 1719/1711/1476 1726/1712/1476 1725/1710/1476
f 1719/1711/1477 1720/1713/1477 1727/1714/1477 1726/1712/1477
f 1720/1713/1478 1721/1715/1478 1728/1716/1478 1727/1714/1478
f 1722/1706/1479 1723/1705/1479 1730/1717/1479 1729/1718/1479
f 1723/1705/1480 1724/1708/1480 1731/1719/1480 1730/1717/1480
f 1724/1708/1481 1725/1710/1481 1732/1720/1481 1731/1719/1481
f 1725/1710/1482 1726/1712/1482 1733/1721/1482 1732/1720/1482
f 1726/1712/1483 1727/1714/1483 1734/1722/1483 1733/1721/1483
f 1727/1714/1484 1728/1716/1484 1735/1723/1484 1734/1722/1484
f 1729/1718/1485 1730/1717/1485 1737/1724/1485 1736/1725/1485
f 1730/1717/1486 1731/1719/1486 1738/1726/1486 1737/1724/1486
f 1731/1719/1487 1732/1720/1487 1739/1727/1487 1738/1726/1487
f 1732/1720/1488 1733/1721/1488 1740/1728/1488 1739/1727/1488
f 1733/1721/1489 1734/1722/1489 1741/1729/1489 1740/1728/1489
f 1734/1722/1490 1735/1723/1490 1742/1730/1490 1741/1729/1490
f 1736/1725/1491 1737/1724/1491 1744/1731/1491 1743/1732/1491
f 1737/1724/1492 1738/1726/1492 1745/1733/1492 1744/1731/1492
f 1738/1726/1493 1739/1727/1493 1746/1734/1493 1745/1733/1493
f 1739/1727/1494 1740/1728/1494 1747/1735/1494 1746/1734/1494
f 1740/1728/1495 1741/1729/1495 1748/1736/1495 1747/1735/1495
f 1741/1729/1496 1742/1730/1496 1749/1737/1496 1748/1736/1496
f 1743/1732/1497 1744/1731/1497 1751/1738/1497 1750/1739/1497
f 1744/1731/1498 1745/1733/1498 1752/1740/1498 1751/1738/1498
f 1745/1733/1499 1746/1734/1499 1753/1741/1499 1752/1740/1499
f 1746/1734/1500 1747/1735/1500 1754/1742/1500 1753/1741/1500
f 1747/1735/1501 1748/1736/1501 1755/1743/1501 1754/1742/1501
f 1748/1736/1502 1749/1737/1502 1756/1744/1502 1755/1743/1502
f 1750/1739/1503 1751/1738/1503 1758/1745/1503 1757/1746/1503
f 1751/1738/1504 1752/1740/1504 1759/1747/1504 1758/1745/1504
f 1752/1740/1505 1753/1741/1505 1760/1748/1505 1759/1747/1505
f 1753/1741/1506 1754/1742/1506 1761/1749/1506 1760/1748/1506
f 1754/1742/1507 1755/1743/1507 1762/1750/1507 1761/1749/1507
f 1755/1743/1508 1756/1744/1508 1763/1751/1508 1762/1750/1508
f 12/134/1509 128/1752/1509 1715/1703/1509 255/135/1509
f 128/1752/1510 127/1753/1510 1716/1704/1510 1715/1703/1510
f 127/1753/1511 126/688/1511 1717/1707/1511 1716/1704/1511
f 126/688/1512 125/677/1512 1718/1709/1512 1717/1707/1512
f 125/677/1513 124/1754/1513 1719/1711/1513 1718/1709/1513
f 124/1754/1514 123/675/1514 1720/1713/1514 1719/1711/1514
f 123/675/1515 122/1755/1515 1721/1715/1515 1720/1713/1515
f 122/1755/1516 14/530/1516 276/1756/1516 1721/1715/1516
f 1721/1715/1517 276/1756/1517 277/1757/1517 1728/1716/1517
f 1728/1716/1518 277/1757/1518 278/1758/1518 1735/1723/1518
f 1735/1723/1519 278/1758/1519 279/1759/1519 1742/1730/1519
f 1742/1730/1520 279/1759/1520 280/1760/1520 1749/1737/1520
f 1749/1737/1521 280/1760/1521 281/1761/1521 1756/1744/1521
f 1756/1744/1522 281/1761/1522 282/1762/1522 1763/1751/1522
f 1763/1751/1523 282/1762/1523 24/1683/1523 283/1682/1523
f 1762/1750/1524 1763/1751/1524 283/1682/1524 284/1681/1524
f 1761/1749/1525 1762/1750/1525 284/1681/1525 285/1680/1525
f 1760/1748/1526 1761/1749/1526 285/1680/1526 286/1679/1526
f 1759/1747/1527 1760/1748/1527 286/1679/1527 287/1678/1527
f 1758/1745/1528 1759/1747/1528 287/1678/1528 288/1677/1528
f 1757/1746/1529 1758/1745/1529 288/1677/1529 289/1675/1529
f 261/141/1530 1757/1746/1530 289/1675/1530 23/142/1530
f 260/140/1531 1750/1739/1531 1757/1746/1531 261/141/1531
f 259/139/1532 1743/1732/1532 1750/1739/1532 260/140/1532
f 258/138/1533 1736/1725/1533 1743/1732/1533 259/139/1533
f 257/137/1534 1729/1718/1534 1736/1725/1534 258/138/1534
f 256/136/1535 1722/1706/1535 1729/1718/1535 257/137/1535
f 255/135/1536 1715/1703/1536 1722/1706/1536 256/136/1536
f 1764/1763/1537 1765/1764/1537 1772/1765/1537 1771/1766/1537
f 1765/1764/1538 1766/1767/1538 1773/1768/1538 1772/1765/1538
f 1766/1767/1539 1767/1769/1539 1774/1770/1539 1773/1768/1539
f 1767/1769/1540 1768/1771/1540 1775/1772/1540 1774/1770/1540
f 1768/1771/1541 1769/1773/1541 1776/1774/1541 1775/1772/1541
f 1769/1773/1542 1770/1775/1542 1777/1776/1542 1776/1774/1542
f 1771/1766/1543 1772/1765/1543 1779/1777/1543 1778/1778/1543
f 1772/1765/1544 1773/1768/1544 1780/1779/1544 1779/1777/1544
f 1773/1768/1545 1774/1770/1545 1781/1780/1545 1780/1779/1545
f 1774/1770/1546 1775/1772/1546 1782/1781/1546 1781/1780/1546
f 1775/1772/1547 1776/1774/1547 1783/1782/1547 1782/1781/1547
f 1776/1774/1548 1777/1776/1548 1784/1783/1548 1783/1782/1548
f 1778/1778/1549 1779/1777/1549 1786/1784/1549 1785/1785/1549
f 1779/1777/1550 1780/1779/1550 1787/1786/1550 1786/1784/1550
f 1780/1779/1551 1781/1780/1551 1788/1787/1551 1787/1786/1551
f 1781/1780/1552 1782/1781/1552 1789/1788/1552 1788/1787/1552
f 1782/1781/1553 1783/1782/1553 1790/1789/1553 1789/1788/1553
f 1783/1782/1554 1784/1783/1554 1791/1790/1554 1790/1789/1554
f 1785/1785/1555 1786/1784/1555 1793/1791/1555 1792/1792/1555
f 1786/1784/1556 1787/1786/1556 1794/1793/1556 1793/1791/1556
f 1787/1786/1557 1788/1787/1557 1795/1794/1557 1794/1793/1557
f 1788/1787/1558 1789/1788/1558 1796/1795/1558 1795/1794/1558
f 1789/1788/1559 1790/1789/1559 1797/1796/1559 1796/1795/1559
f 1790/1789/1560 1791/1790/1560 1798/1797/1560 1797/1796/1560
f 1792/1792/1561 1793/1791/1561 1800/1798/1561 1799/1799/1561
f 1793/1791/1562 1794/1793/1562 1801/1800/1562 1800/1798/1562
f 1794/1793/1563 1795/1794/1563 1802/1801/1563 1801/1800/1563
f 1795/1794/1564 1796/1795/1564 1803/1802/1564 1802/1801/1564
f 1796/1795/1565 1797/1796/1565 1804/1803/1565 1803/1802/1565
f 1797/1796/1566 1798/1797/1566 1805/1804/1566 1804/1803/1566
f 1799/1799/1567 1800/1798/1567 1807/1805/1567 1806/1806/1567
f 1800/1798/1568 1801/1800/1568 1808/1807/1568 1807/1805/1568
f 1801/1800/1569 1802/1801/1569 1809/1808/1569 1808/1807/1569
f 1802/1801/1570 1803/1802/1570 1810/1809/1570 1809/1808/1570
f 1803/1802/1571 1804/1803/1571 1811/1810/1571 1810/1809/1571
f 1804/1803/1572 1805/1804/1572 1812/1811/1572 1811/1810/1572
f 14/530/1573 184/528/1573 1764/1763/1573 276/1756/1573
f 184/528/1574 183/527/1574 1765/1764/1574 1764/1763/1574
f 183/527/1575 182/526/1575 1766/1767/1575 1765/1764/1575
f 182/526/1576 181/525/1576 1767/1769/1576 1766/1767/1576
f 181/525/1577 180/524/1577 1768/1771/1577 1767/1769/1577
f 180/524/1578 179/523/1578 1769/1773/1578 1768/1771/1578
f 179/523/1579 178/522/1579 1770/1775/1579 1769/1773/1579
f 178/522/1580 15/521/1580 275/1812/1580 1770/1775/1580
f 1770/1775/1581 275/1812/1581 274/1812/1581 1777/1776/1581
f 1777/1776/1582 274/1812/1582 273/1813/1582 1784/1783/1582
f 1784/1783/1583 273/1813/1583 272/1812/1583 1791/1790/1583
f 1791/1790/1584 272/1812/1584 271/1813/1584 1798/1797/1584
f 1798/1797/1585 271/1813/1585 270/1812/1585 1805/1804/1585
f 1805/1804/1586 270/1812/1586 269/1813/1586 1812/1811/1586
f 1812/1811/1587 269/1813/1587 21/521/1587 241/1814/1587
f 1811/1810/1588 1812/1811/1588 241/1814/1588 242/1815/1588
f 1810/1809/1589 1811/1810/1589 242/1815/1589 243/1816/1589
f 1809/1808/1590 1810/1809/1590 243/1816/1590 244/1817/1590
f 1808/1807/1591 1809/1808/1591 244/1817/1591 245/1818/1591
f 1807/1805/1592 1808/1807/1592 245/1818/1592 246/1819/1592
f 1806/1806/1593 1807/1805/1593 246/1819/1593 247/1820/1593
f 282/1762/1594 1806/1806/1594 247/1820/1594 24/1683/1594
f 281/1761/1595 1799/1799/1595 1806/1806/1595 282/1762/1595
f 280/1760/1596 1792/1792/1596 1799/1799/1596 281/1761/1596
f 279/1759/1597 1785/1785/1597 1792/1792/1597 280/1760/1597
f 278/1758/1598 1778/1778/1598 1785/1785/1598 279/1759/1598
f 277/1757/1599 1771/1766/1599 1778/1778/1599 278/1758/1599
f 276/1756/1600 1764/1763/1600 1771/1766/1600 277/1757/1600
f 1813/1821/1601 1814/1822/1601 1821/1823/1601 1820/1824/1601
f 1814/1822/1602 1815/1825/1602 1822/1826/1602 1821/1823/1602
f 1815/1825/1603 1816/1827/1603 1823/1828/1603 1822/1826/1603
f 1816/1827/1604 1817/1829/1604 1824/1830/1604 1823/1828/1604
f 1817/1829/1605 1818/1831/1605 1825/1832/1605 1824/1830/1605
f 1818/1831/1606 1819/1833/1606 1826/1834/1606 1825/1832/1606
f 1820/1824/1607 1821/1823/1607 1828/1835/1607 1827/1836/1607
f 1821/1823/1608 1822/1826/1608 1829/1837/1608 1828/1835/1608
f 1822/1826/1609 1823/1828/1609 1830/1838/1609 1829/1837/1609
f 1823/1828/1610 1824/1830/1610 1831/1839/1610 1830/1838/1610
f 1824/1830/1611 1825/1832/1611 1832/1840/1611 1831/1839/1611
f 1825/1832/1612 1826/1834/1612 1833/1841/1612 1832/1840/1612
f 1827/1836/1613 1828/1835/1613 1835/1842/1613 1834/1843/1613
f 1828/1835/1614 1829/1837/1614 1836/1844/1614 1835/1842/1614
f 1829/1837/1615 1830/1838/1615 1837/1845/1615 1836/1844/1615
f 1830/1838/1616 1831/1839/1616 1838/1846/1616 1837/1845/1616
f 1831/1839/1617 1832/1840/1617 1839/1847/1617 1838/1846/1617
f 1832/1840/1618 1833/1841/1618 1840/1848/1618 1839/1847/1618
f 1834/1843/1619 1835/1842/1619 1842/1849/1619 1841/1850/1619
f 1835/1842/1620 1836/1844/1620 1843/1851/1620 1842/1849/1620
f 1836/1844/1621 1837/1845/1621 1844/1852/1621 1843/1851/1621
f 1837/1845/1622 1838/1846/1622 1845/1853/1622 1844/1852/1622
f 1838/1846/1623 1839/1847/1623 1846/1854/1623 1845/1853/1623
f 1839/1847/1624 1840/1848/1624 1847/1855/1624 1846/1854/1624
f 1841/1850/1625 1842/1849/1625 1849/1856/1625 1848/1857/1625
f 1842/1849/1626 1843/1851/1626 1850/1858/1626 1849/1856/1626
f 1843/1851/1627 1844/1852/1627 1851/1859/1627 1850/1858/1627
f 1844/1852/1628 1845/1853/1628 1852/1860/1628 1851/1859/1628
f 1845/1853/1629 1846/1854/1629 1853/1861/1629 1852/1860/1629
f 1846/1854/1630 1847/1855/1630 1854/1862/1630 1853/1861/1630
f 1848/1857/1631 1849/1856/1631 1856/1863/1631 1855/1864/1631
f 1849/1856/1632 1850/1858/1632 1857/1865/1632 1856/1863/1632
f 1850/1858/1633 1851/1859/1633 1858/1866/1633 1857/1865/1633
f 1851/1859/1634 1852/1860/1634 1859/1867/1634 1858/1866/1634
f 1852/1860/1635 1853/1861/1635 1860/1868/1635 1859/1867/1635
f 1853/1861/1636 1854/1862/1636 1861/1869/1636 1860/1868/1636
f 22/125/1637 262/149/1637 1813/1821/1637 206/127/1637
f 262/149/1638 263/148/1638 1814/1822/1638 1813/1821/1638
f 263/148/1639 264/147/1639 1815/1825/1639 1814/1822/1639
f 264/147/1640 265/146/1640 1816/1827/1640 1815/1825/1640
f 265/146/1641 266/145/1641 1817/1829/1641 1816/1827/1641
f 266/145/1642 267/144/1642 1818/1831/1642 1817/1829/1642
f 267/144/1643 268/143/1643 1819/1833/1643 1818/1831/1643
f 268/143/1644 23/142/1644 192/1676/1644 1819/1833/1644
f 1819/1833/1645 192/1676/1645 193/1702/1645 1826/1834/1645
f 1826/1834/1646 193/1702/1646 194/1701/1646 1833/1841/1646
f 1833/1841/1647 194/1701/1647 195/1700/1647 1840/1848/1647
f 1840/1848/1648 195/1700/1648 196/1699/1648 1847/1855/1648
f 1847/1855/1649 196/1699/1649 197/1698/1649 1854/1862/1649
f 1854/1862/1650 197/1698/1650 198/1697/1650 1861/1869/1650
f 1861/1869/1651 198/1697/1651 17/1043/1651 233/1870/1651
f 1860/1868/1652 1861/1869/1652 233/1870/1652 232/1871/1652
f 1859/1867/1653 1860/1868/1653 232/1871/1653 231/1872/1653
f 1858/1866/1654 1859/1867/1654 231/1872/1654 230/1873/1654
f 1857/1865/1655 1858/1866/1655 230/1873/1655 229/1874/1655
f 1856/1863/1656 1857/1865/1656 229/1874/1656 228/1036/1656
f 1855/1864/1657 1856/1863/1657 228/1036/1657 227/1875/1657
f 212/150/1658 1855/1864/1658 227/1875/1658 18/125/1658
f 211/127/1659 1848/1857/1659 1855/1864/1659 212/150/1659
f 210/150/1660 1841/1850/1660 1848/1857/1660 211/127/1660
f 209/127/1661 1834/1843/1661 1841/1850/1661 210/150/1661
f 208/150/1662 1827/1836/1662 1834/1843/1662 209/127/1662
f 207/127/1663 1820/1824/1663 1827/1836/1663 208/150/1663
f 206/127/1664 1813/1821/1664 1820/1824/1664 207/127/1664
f 1862/1876/1665 1863/1877/1665 1870/1878/1665 1869/1879/1665
f 1863/1877/1666 1864/1880/1666 1871/1881/1666 1870/1878/1666
f 1864/1880/1667 1865/1882/1667 1872/1883/1667 1871/1881/1667
f 1865/1882/1668 1866/1884/1668 1873/1885/1668 1872/1883/1668
f 1866/1884/1669 1867/1886/1669 1874/1887/1669 1873/1885/1669
f 1867/1886/1670 1868/1888/1670 1875/1889/1670 1874/1887/1670
f 1869/1879/1671 1870/1878/1671 1877/1890/1671 1876/1891/1671
f 1870/1878/1672 1871/1881/1672 1878/1892/1672 1877/1890/1672
f 1871/1881/1673 1872/1883/1673 1879/1893/1673 1878/1892/1673
f 1872/1883/1674 1873/1885/1674 1880/1894/1674 1879/1893/1674
f 1873/1885/1675 1874/1887/1675 1881/1895/1675 1880/1894/1675
f 1874/1887/1676 1875/1889/1676 1882/1896/1676 1881/1895/1676
f 1876/1891/1677 1877/1890/1677 1884/1897/1677 1883/1898/1677
f 1877/1890/1678 1878/1892/1678 1885/1899/1678 1884/1897/1678
f 1878/1892/1679 1879/1893/1679 1886/1900/1679 1885/1899/1679
f 1879/1893/1680 1880/1894/1680 1887/1901/1680 1886/1900/1680
f 1880/1894/1681 1881/1895/1681 1888/1902/1681 1887/1901/1681
f 1881/1895/1682 1882/1896/1682 1889/1903/1682 1888/1902/1682
f 1883/1898/1683 1884/1897/1683 1891/1904/1683 1890/1905/1683
f 1884/1897/1684 1885/1899/1684 1892/1906/1684 1891/1904/1684
f 1885/1899/1685 1886/1900/1685 1893/1907/1685 1892/1906/1685
f 1886/1900/1686 1887/1901/1686 1894/1908/1686 1893/1907/1686
f 1887/1901/1687 1888/1902/1687 1895/1909/1687 1894/1908/1687
f 1888/1902/1688 1889/1903/1688 1896/1910/1688 1895/1909/1688
f 1890/1905/1689 1891/1904/1689 1898/1911/1689 1897/1912/1689
f 1891/1904/1690 1892/1906/1690 1899/1913/1690 1898/1911/1690
f 1892/1906/1691 1893/1907/1691 1900/1914/1691 1899/1913/1691
f 1893/1907/1692 1894/1908/1692 1901/1915/1692 1900/1914/1692
f 1894/1908/1693 1895/1909/1693 1902/1916/1693 1901/1915/1693
f 1895/1909/1694 1896/1910/1694 1903/1917/1694 1902/1916/1694
f 1897/1912/1695 1898/1911/1695 1905/1918/1695 1904/1919/1695
f 1898/1911/1696 1899/1913/1696 1906/1920/1696 1905/1918/1696
f 1899/1913/1697 1900/1914/1697 1907/1921/1697 1906/1920/1697
f 1900/1914/1698 1901/1915/1698 1908/1922/1698 1907/1921/1698
f 1901/1915/1699 1902/1916/1699 1909/1923/1699 1908/1922/1699
f 1902/1916/1700 1903/1917/1700 1910/1924/1700 1909/1923/1700
f 24/1683/1701 247/1820/1701 1862/1876/1701 185/1684/1701
f 247/1820/1702 246/1819/1702 1863/1877/1702 1862/1876/1702
f 246/1819/1703 245/1818/1703 1864/1880/1703 1863/1877/1703
f 245/1818/1704 244/1817/1704 1865/1882/1704 1864/1880/1704
f 244/1817/1705 243/1816/1705 1866/1884/1705 1865/1882/1705
f 243/1816/1706 242/1815/1706 1867/1886/1706 1866/1884/1706
f 242/1815/1707 241/1814/1707 1868/1888/1707 1867/1886/1707
f 241/1814/1708 21/521/1708 205/1812/1708 1868/1888/1708
f 1868/1888/1709 205/1812/1709 204/1812/1709 1875/1889/1709
f 1875/1889/1710 204/1812/1710 203/1813/1710 1882/1896/1710
f 1882/1896/1711 203/1813/1711 202/1812/1711 1889/1903/1711
f 1889/1903/1712 202/1812/1712 201/1813/1712 1896/1910/1712
f 1896/1910/1713 201/1813/1713 200/1812/1713 1903/1917/1713
f 1903/1917/1714 200/1812/1714 199/1813/1714 1910/1924/1714
f 1910/1924/1715 199/1813/1715 20/521/1715 234/1027/1715
f 1909/1923/1716 1910/1924/1716 234/1027/1716 235/1026/1716
f 1908/1922/1717 1909/1923/1717 235/1026/1717 236/1025/1717
f 1907/1921/1718 1908/1922/1718 236/1025/1718 237/1024/1718
f 1906/1920/1719 1907/1921/1719 237/1024/1719 238/1023/1719
f 1905/1918/1720 1906/1920/1720 238/1023/1720 239/1022/1720
f 1904/1919/1721 1905/1918/1721 239/1022/1721 240/1020/1721
f 191/1690/1722 1904/1919/1722 240/1020/1722 19/1019/1722
f 190/1689/1723 1897/1912/1723 1904/1919/1723 191/1690/1723
f 189/1688/1724 1890/1905/1724 1897/1912/1724 190/1689/1724
f 188/1687/1725 1883/1898/1725 1890/1905/1725 189/1688/1725
f 187/1686/1726 1876/1891/1726 1883/1898/1726 188/1687/1726
f 186/1685/1727 1869/1879/1727 1876/1891/1727 187/1686/1727
f 185/1684/1728 1862/1876/1728 1869/1879/1728 186/1685/1728
f 1911/1925/1729 1912/1926/1729 1919/1927/1729 1918/1928/1729
f 1912/1926/1730 1913/1929/1730 1920/1930/1730 1919/1927/1730
f 1913/1929/1731 1914/1931/1731 1921/1932/1731 1920/1930/1731
f 1914/1931/1732 1915/1933/1732 1922/1934/1732 1921/1932/1732
f 1915/1933/1733 1916/1935/1733 1923/1936/1733 1922/1934/1733
f 1916/1935/1734 1917/1937/1734 1924/1938/1734 1923/1936/1734
f 1918/1928/1735 1919/1927/1735 1926/1939/1735 1925/1940/1735
f 1919/1927/1736 1920/1930/1736 1927/1941/1736 1926/1939/1736
f 1920/1930/1737 1921/1932/1737 1928/1942/1737 1927/1941/1737
f 1921/1932/1738 1922/1934/1738 1929/1943/1738 1928/1942/1738
f 1922/1934/1739 1923/1936/1739 1930/1944/1739 1929/1943/1739
f 1923/1936/1740 1924/1938/1740 1931/1945/1740 1930/1944/1740
f 1925/1940/1741 1926/1939/1741 1933/1946/1741 1932/1947/1741
f 1926/1939/1742 1927/1941/1742 1934/1948/1742 1933/1946/1742
f 1927/1941/1743 1928/1942/1743 1935/1949/1743 1934/1948/1743
f 1928/1942/1744 1929/1943/1744 1936/1950/1744 1935/1949/1744
f 1929/1943/1745 1930/1944/1745 1937/1951/1745 1936/1950/1745
f 1930/1944/1746 1931/1945/1746 1938/1952/1746 1937/1951/1746
f 1932/1947/1747 1933/1946/1747 1940/1953/1747 1939/1954/1747
f 1933/1946/1748 1934/1948/1748 1941/1955/1748 1940/1953/1748
f 1934/1948/1749 1935/1949/1749 1942/1956/1749 1941/1955/1749
f 1935/1949/1750 1936/1950/1750 1943/1957/1750 1942/1956/1750
f 1936/1950/1751 1937/1951/1751 1944/1958/1751 1943/1957/1751
f 1937/1951/1752 1938/1952/1752 1945/1959/1752 1944/1958/1752
f 1939/1954/1753 1940/1953/1753 1947/1960/1753 1946/1961/1753
f 1940/1953/1754 1941/1955/1754 1948/1962/1754 1947/1960/1754
f 1941/1955/1755 1942/1956/1755 1949/1963/1755 1948/1962/1755
f 1942/1956/1756 1943/1957/1756 1950/1964/1756 1949/1963/1756
f 1943/1957/1757 1944/1958/1757 1951/1965/1757 1950/1964/1757
f 1944/1958/1758 1945/1959/1758 1952/1966/1758 1951/1965/1758
f 1946/1961/1759 1947/1960/1759 1954/1967/1759 1953/1968/1759
f 1947/1960/1760 1948/1962/1760 1955/1969/1760 1954/1967/1760
f 1948/1962/1761 1949/1963/1761 1956/1970/1761 1955/1969/1761
f 1949/1963/1762 1950/1964/1762 1957/1971/1762 1956/1970/1762
f 1950/1964/1763 1951/1965/1763 1958/1972/1763 1957/1971/1763
f 1951/1965/1764 1952/1966/1764 1959/1973/1764 1958/1972/1764
f 7/451/1765 395/449/1765 1911/1925/1765 45/1974/1765
f 395/449/1766 396/448/1766 1912/1926/1766 1911/1925/1766
f 396/448/1767 397/447/1767 1913/1929/1767 1912/1926/1767
f 397/447/1768 398/446/1768 1914/1931/1768 1913/1929/1768
f 398/446/1769 399/445/1769 1915/1933/1769 1914/1931/1769
f 399/445/1770 400/444/1770 1916/1935/1770 1915/1933/1770
f 400/444/1771 401/443/1771 1917/1937/1771 1916/1935/1771
f 401/443/1772 25/442/1772 297/1975/1772 1917/1937/1772
f 1917/1937/1773 297/1975/1773 298/1976/1773 1924/1938/1773
f 1924/1938/1774 298/1976/1774 299/1977/1774 1931/1945/1774
f 1931/1945/1775 299/1977/1775 300/1978/1775 1938/1952/1775
f 1938/1952/1776 300/1978/1776 301/1979/1776 1945/1959/1776
f 1945/1959/1777 301/1979/1777 302/1980/1777 1952/1966/1777
f 1952/1966/1778 302/1980/1778 303/1981/1778 1959/1973/1778
f 1959/1973/1779 303/1981/1779 26/1460/1779 359/1459/1779
f 1958/1972/1780 1959/1973/1780 359/1459/1780 358/1458/1780
f 1957/1971/1781 1958/1972/1781 358/1458/1781 357/1457/1781
f 1956/1970/1782 1957/1971/1782 357/1457/1782 356/1456/1782
f 1955/1969/1783 1956/1970/1783 356/1456/1783 355/1455/1783
f 1954/1967/1784 1955/1969/1784 355/1455/1784 354/1454/1784
f 1953/1968/1785 1954/1967/1785 354/1454/1785 353/1452/1785
f 51/1982/1786 1953/1968/1786 353/1452/1786 3/922/1786
f 50/1983/1787 1946/1961/1787 1953/1968/1787 51/1982/1787
f 49/1984/1788 1939/1954/1788 1946/1961/1788 50/1983/1788
f 48/1985/1789 1932/1947/1789 1939/1954/1789 49/1984/1789
f 47/1986/1790 1925/1940/1790 1932/1947/1790 48/1985/1790
f 46/1987/1791 1918/1928/1791 1925/1940/1791 47/1986/1791
f 45/1974/1792 1911/1925/1792 1918/1928/1792 46/1987/1792
f 1960/1988/1793 1961/1989/1793 1968/1990/1793 1967/1991/1793
f 1961/1989/1794 1962/1992/1794 1969/1993/1794 1968/1990/1794
f 1962/1992/1795 1963/1994/1795 1970/1995/1795 1969/1993/1795
f 1963/1994/1796 1964/1996/1796 1971/1997/1796 1970/1995/1796
f 1964/1996/1797 1965/1998/1797 1972/1999/1797 1971/1997/1797
f 1965/1998/1798 1966/2000/1798 1973/2001/1798 1972/1999/1798
f 1967/1991/1799 1968/1990/1799 1975/2002/1799 1974/2003/1799
f 1968/1990/1800 1969/1993/1800 1976/2004/1800 1975/2002/1800
f 1969/1993/1801 1970/1995/1801 1977/2005/1801 1976/2004/1801
f 1970/1995/1802 1971/1997/1802 1978/2006/1802 1977/2005/1802
f 1971/1997/1803 1972/1999/1803 1979/2007/1803 1978/2006/1803
f 1972/1999/1804 1973/2001/1804 1980/2008/1804 1979/2007/1804
f 1974/2003/1805 1975/2002/1805 1982/2009/1805 1981/2010/1805
f 1975/2002/1806 1976/2004/1806 1983/2011/1806 1982/2009/1806
f 1976/2004/1807 1977/2005/1807 1984/2012/1807 1983/2011/1807
f 1977/2005/1808 1978/2006/1808 1985/2013/1808 1984/2012/1808
f 1978/2006/1809 1979/2007/1809 1986/2014/1809 1985/2013/1809
f 1979/2007/1810 1980/2008/1810 1987/2015/1810 1986/2014/1810
f 1981/2010/1811 1982/2009/1811 1989/2016/1811 1988/2017/1811
f 1982/2009/1812 1983/2011/1812 1990/2018/1812 1989/2016/1812
f 1983/2011/1813 1984/2012/1813 1991/2019/1813 1990/2018/1813
f 1984/2012/1814 1985/2013/1814 1992/2020/1814 1991/2019/1814
f 1985/2013/1815 1986/2014/1815 1993/2021/1815 1992/2020/1815
f 1986/2014/1816 1987/2015/1816 1994/2022/1816 1993/2021/1816
f 1988/2017/1817 1989/2016/1817 1996/2023/1817 1995/2024/1817
f 1989/2016/1818 1990/2018/1818 1997/2025/1818 1996/2023/1818
f 1990/2018/1819 1991/2019/1819 1998/2026/1819 1997/2025/1819
f 1991/2019/1820 1992/2020/1820 1999/2027/1820 1998/2026/1820
f 1992/2020/1821 1993/2021/1821 2000/2028/1821 1999/2027/1821
f 1993/2021/1822 1994/2022/1822 2001/2029/1822 2000/2028/1822
f 1995/2024/1823 1996/2023/1823 2003/2030/1823 2002/2031/1823
f 1996/2023/1824 1997/2025/1824 2004/2032/1824 2003/2030/1824
f 1997/2025/1825 1998/2026/1825 2005/2033/1825 2004/2032/1825
f 1998/2026/1826 1999/2027/1826 2006/2034/1826 2005/2033/1826
f 1999/2027/1827 2000/2028/1827 2007/2035/1827 2006/2034/1827
f 2000/2028/1828 2001/2029/1828 2008/2036/1828 2007/2035/1828
f 6/371/1829 66/369/1829 1960/1988/1829 576/2037/1829
f 66/369/1830 67/368/1830 1961/1989/1830 1960/1988/1830
f 67/368/1831 68/367/1831 1962/1992/1831 1961/1989/1831
f 68/367/1832 69/366/1832 1963/1994/1832 1962/1992/1832
f 69/366/1833 70/365/1833 1964/1996/1833 1963/1994/1833
f 70/365/1834 71/364/1834 1965/1998/1834 1964/1996/1834
f 71/364/1835 72/363/1835 1966/2000/1835 1965/1998/1835
f 72/363/1836 2/362/1836 563/2038/1836 1966/2000/1836
f 1966/2000/1837 563/2038/1837 564/2038/1837 1973/2001/1837
f 1973/2001/1838 564/2038/1838 565/2039/1838 1980/2008/1838
f 1980/2008/1839 565/2039/1839 566/2038/1839 1987/2015/1839
f 1987/2015/1840 566/2038/1840 567/2039/1840 1994/2022/1840
f 1994/2022/1841 567/2039/1841 568/2038/1841 2001/2029/1841
f 2001/2029/1842 568/2038/1842 569/2038/1842 2008/2036/1842
f 2008/2036/1843 569/2038/1843 39/2040/1843 457/2041/1843
f 2007/2035/1844 2008/2036/1844 457/2041/1844 456/2042/1844
f 2006/2034/1845 2007/2035/1845 456/2042/1845 455/2043/1845
f 2005/2033/1846 2006/2034/1846 455/2043/1846 454/2044/1846
f 2004/2032/1847 2005/2033/1847 454/2044/1847 453/2045/1847
f 2003/2030/1848 2004/2032/1848 453/2045/1848 452/2046/1848
f 2002/2031/1849 2003/2030/1849 452/2046/1849 451/2047/1849
f 570/2048/1850 2002/2031/1850 451/2047/1850 40/2049/1850
f 571/2050/1851 1995/2024/1851 2002/2031/1851 570/2048/1851
f 572/2051/1852 1988/2017/1852 1995/2024/1852 571/2050/1852
f 573/2052/1853 1981/2010/1853 1988/2017/1853 572/2051/1853
f 574/2053/1854 1974/2003/1854 1981/2010/1854 573/2052/1854
f 575/2054/1855 1967/1991/1855 1974/2003/1855 574/2053/1855
f 576/2037/1856 1960/1988/1856 1967/1991/1856 575/2054/1856
f 2009/2055/1857 2010/2056/1857 2017/2057/1857 2016/2058/1857
f 2010/2056/1858 2011/2059/1858 2018/2060/1858 2017/2057/1858
f 2011/2059/1859 2012/2061/1859 2019/2062/1859 2018/2060/1859
f 2012/2061/1860 2013/2063/1860 2020/2064/1860 2019/2062/1860
f 2013/2063/1861 2014/2065/1861 2021/2066/1861 2020/2064/1861
f 2014/2065/1862 2015/2067/1862 2022/2068/1862 2021/2066/1862
f 2016/2058/1863 2017/2057/1863 2024/2069/1863 2023/2070/1863
f 2017/2057/1864 2018/2060/1864 2025/2071/1864 2024/2069/1864
f 2018/2060/1865 2019/2062/1865 2026/2072/1865 2025/2071/1865
f 2019/2062/1866 2020/2064/1866 2027/2073/1866 2026/2072/1866
f 2020/2064/1867 2021/2066/1867 2028/2074/1867 2027/2073/1867
f 2021/2066/1868 2022/2068/1868 2029/2075/1868 2028/2074/1868
f 2023/2070/1869 2024/2069/1869 2031/2076/1869 2030/2077/1869
f 2024/2069/1870 2025/2071/1870 2032/2078/1870 2031/2076/1870
f 2025/2071/1871 2026/2072/1871 2033/2079/1871 2032/2078/1871
f 2026/2072/1872 2027/2073/1872 2034/2080/1872 2033/2079/1872
f 2027/2073/1873 2028/2074/1873 2035/2081/1873 2034/2080/1873
f 2028/2074/1874 2029/2075/1874 2036/2082/1874 2035/2081/1874
f 2030/2077/1875 2031/2076/1875 2038/2083/1875 2037/2084/1875
f 2031/2076/1876 2032/2078/1876 2039/2085/1876 2038/2083/1876
f 2032/2078/1877 2033/2079/1877 2040/2086/1877 2039/2085/1877
f 2033/2079/1878 2034/2080/1878 2041/2087/1878 2040/2086/1878
f 2034/2080/1879 2035/2081/1879 2042/2088/1879 2041/2087/1879
f 2035/2081/1880 2036/2082/1880 2043/2089/1880 2042/2088/1880
f 2037/2084/1881 2038/2083/1881 2045/2090/1881 2044/2091/1881
f 2038/2083/1882 2039/2085/1882 2046/2092/1882 2045/2090/1882
f 2039/2085/1883 2040/2086/1883 2047/2093/1883 2046/2092/1883
f 2040/2086/1884 2041/2087/1884 2048/2094/1884 2047/2093/1884
f 2041/2087/1885 2042/2088/1885 2049/2095/1885 2048/2094/1885
f 2042/2088/1886 2043/2089/1886 2050/2096/1886 2049/2095/1886
f 2044/2091/1887 2045/2090/1887 2052/2097/1887 2051/2098/1887
f 2045/2090/1888 2046/2092/1888 2053/2099/1888 2052/2097/1888
f 2046/2092/1889 2047/2093/1889 2054/2100/1889 2053/2099/1889
f 2047/2093/1890 2048/2094/1890 2055/2101/1890 2054/2100/1890
f 2048/2094/1891 2049/2095/1891 2056/2102/1891 2055/2101/1891
f 2049/2095/1892 2050/2096/1892 2057/2103/1892 2056/2102/1892
f 3/922/1893 415/2104/1893 2009/2055/1893 51/1982/1893
f 415/2104/1894 414/2105/1894 2010/2056/1894 2009/2055/1894
f 414/2105/1895 413/2106/1895 2011/2059/1895 2010/2056/1895
f 413/2106/1896 412/918/1896 2012/2061/1896 2011/2059/1896
f 412/918/1897 411/2107/1897 2013/2063/1897 2012/2061/1897
f 411/2107/1898 410/2108/1898 2014/2065/1898 2013/2063/1898
f 410/2108/1899 409/2109/1899 2015/2067/1899 2014/2065/1899
f 409/2109/1900 33/913/1900 437/2110/1900 2015/2067/1900
f 2015/2067/1901 437/2110/1901 438/2111/1901 2022/2068/1901
f 2022/2068/1902 438/2111/1902 439/2112/1902 2029/2075/1902
f 2029/2075/1903 439/2112/1903 440/2113/1903 2036/2082/1903
f 2036/2082/1904 440/2113/1904 441/2114/1904 2043/2089/1904
f 2043/2089/1905 441/2114/1905 442/2115/1905 2050/2096/1905
f 2050/2096/1906 442/2115/1906 443/2116/1906 2057/2103/1906
f 2057/2103/1907 443/2116/1907 34/2117/1907 416/738/1907
f 2056/2102/1908 2057/2103/1908 416/738/1908 417/2118/1908
f 2055/2101/1909 2056/2102/1909 417/2118/1909 418/2119/1909
f 2054/2100/1910 2055/2101/1910 418/2119/1910 419/744/1910
f 2053/2099/1911 2054/2100/1911 419/744/1911 420/2120/1911
f 2052/2097/1912 2053/2099/1912 420/2120/1912 421/2121/1912
f 2051/2098/1913 2052/2097/1913 421/2121/1913 422/2122/1913
f 45/2123/1914 2051/2098/1914 422/2122/1914 7/2124/1914
f 46/1987/1915 2044/2091/1915 2051/2098/1915 45/2123/1915
f 47/1986/1916 2037/2084/1916 2044/2091/1916 46/1987/1916
f 48/2125/1917 2030/2077/1917 2037/2084/1917 47/1986/1917
f 49/2126/1918 2023/2070/1918 2030/2077/1918 48/2125/1918
f 50/2127/1919 2016/2058/1919 2023/2070/1919 49/2126/1919
f 51/1982/1920 2009/2055/1920 2016/2058/1920 50/2127/1920
f 2058/2128/1921 2059/2129/1921 2066/2130/1921 2065/2131/1921
f 2059/2129/1922 2060/2132/1922 2067/2133/1922 2066/2130/1922
f 2060/2132/1923 2061/2134/1923 2068/2135/1923 2067/2133/1923
f 2061/2134/1924 2062/2136/1924 2069/2137/1924 2068/2135/1924
f 2062/2136/1925 2063/2138/1925 2070/2139/1925 2069/2137/1925
f 2063/2138/1926 2064/2140/1926 2071/2141/1926 2070/2139/1926
f 2065/2131/1927 2066/2130/1927 2073/2142/1927 2072/2143/1927
f 2066/2130/1928 2067/2133/1928 2074/2144/1928 2073/2142/1928
f 2067/2133/1929 2068/2135/1929 2075/2145/1929 2074/2144/1929
f 2068/2135/1930 2069/2137/1930 2076/2146/1930 2075/2145/1930
f 2069/2137/1931 2070/2139/1931 2077/2147/1931 2076/2146/1931
f 2070/2139/1932 2071/2141/1932 2078/2148/1932 2077/2147/1932
f 2072/2143/1933 2073/2142/1933 2080/2149/1933 2079/2150/1933
f 2073/2142/1934 2074/2144/1934 2081/2151/1934 2080/2149/1934
f 2074/2144/1935 2075/2145/1935 2082/2152/1935 2081/2151/1935
f 2075/2145/1936 2076/2146/1936 2083/2153/1936 2082/2152/1936
f 2076/2146/1937 2077/2147/1937 2084/2154/1937 2083/2153/1937
f 2077/2147/1938 2078/2148/1938 2085/2155/1938 2084/2154/1938
f 2079/2150/1939 2080/2149/1939 2087/2156/1939 2086/2157/1939
f 2080/2149/1940 2081/2151/1940 2088/2158/1940 2087/2156/1940
f 2081/2151/1941 2082/2152/1941 2089/2159/1941 2088/2158/1941
f 2082/2152/1942 2083/2153/1942 2090/2160/1942 2089/2159/1942
f 2083/2153/1943 2084/2154/1943 2091/2161/1943 2090/2160/1943
f 2084/2154/1944 2085/2155/1944 2092/2162/1944 2091/2161/1944
f 2086/2157/1945 2087/2156/1945 2094/2163/1945 2093/2164/1945
f 2087/2156/1946 2088/2158/1946 2095/2165/1946 2094/2163/1946
f 2088/2158/1947 2089/2159/1947 2096/2166/1947 2095/2165/1947
f 2089/2159/1948 2090/2160/1948 2097/2167/1948 2096/2166/1948
f 2090/2160/1949 2091/2161/1949 2098/2168/1949 2097/2167/1949
f 2091/2161/1950 2092/2162/1950 2099/2169/1950 2098/2168/1950
f 2093/2164/1951 2094/2163/1951 2101/2170/1951 2100/2171/1951
f 2094/2163/1952 2095/2165/1952 2102/2172/1952 2101/2170/1952
f 2095/2165/1953 2096/2166/1953 2103/2173/1953 2102/2172/1953
f 2096/2166/1954 2097/2167/1954 2104/2174/1954 2103/2173/1954
f 2097/2167/1955 2098/2168/1955 2105/2175/1955 2104/2174/1955
f 2098/2168/1956 2099/2169/1956 2106/2176/1956 2105/2175/1956
f 37/2177/1957 471/2178/1957 2058/2128/1957 479/2179/1957
f 471/2178/1958 470/2180/1958 2059/2129/1958 2058/2128/1958
f 470/2180/1959 469/2181/1959 2060/2132/1959 2059/2129/1959
f 469/2181/1960 468/2182/1960 2061/2134/1960 2060/2132/1960
f 468/2182/1961 467/2183/1961 2062/2136/1961 2061/2134/1961
f 467/2183/1962 466/2184/1962 2063/2138/1962 2062/2136/1962
f 466/2184/1963 465/2185/1963 2064/2140/1963 2063/2138/1963
f 465/2185/1964 35/905/1964 458/2186/1964 2064/2140/1964
f 2064/2140/1965 458/2186/1965 459/2187/1965 2071/2141/1965
f 2071/2141/1966 459/2187/1966 460/2188/1966 2078/2148/1966
f 2078/2148/1967 460/2188/1967 461/2189/1967 2085/2155/1967
f 2085/2155/1968 461/2189/1968 462/2190/1968 2092/2162/1968
f 2092/2162/1969 462/2190/1969 463/2191/1969 2099/2169/1969
f 2099/2169/1970 463/2191/1970 464/2192/1970 2106/2176/1970
f 2106/2176/1971 464/2192/1971 36/67/1971 472/2193/1971
f 2105/2175/1972 2106/2176/1972 472/2193/1972 473/2194/1972
f 2104/2174/1973 2105/2175/1973 473/2194/1973 474/2195/1973
f 2103/2173/1974 2104/2174/1974 474/2195/1974 475/2196/1974
f 2102/2172/1975 2103/2173/1975 475/2196/1975 476/2197/1975
f 2101/2170/1976 2102/2172/1976 476/2197/1976 477/2198/1976
f 2100/2171/1977 2101/2170/1977 477/2198/1977 478/2199/1977
f 485/2200/1978 2100/2171/1978 478/2199/1978 38/2201/1978
f 484/2202/1979 2093/2164/1979 2100/2171/1979 485/2200/1979
f 483/2203/1980 2086/2157/1980 2093/2164/1980 484/2202/1980
f 482/2204/1981 2079/2150/1981 2086/2157/1981 483/2203/1981
f 481/2205/1982 2072/2143/1982 2079/2150/1982 482/2204/1982
f 480/2206/1983 2065/2131/1983 2072/2143/1983 481/2205/1983
f 479/2179/1984 2058/2128/1984 2065/2131/1984 480/2206/1984
f 2107/2207/1985 2108/2208/1985 2115/2209/1985 2114/2210/1985
f 2108/2208/1986 2109/2211/1986 2116/2212/1986 2115/2209/1986
f 2109/2211/1987 2110/2213/1987 2117/2214/1987 2116/2212/1987
f 2110/2213/1988 2111/2215/1988 2118/2216/1988 2117/2214/1988
f 2111/2215/1989 2112/2217/1989 2119/2218/1989 2118/2216/1989
f 2112/2217/1990 2113/2219/1990 2120/2220/1990 2119/2218/1990
f 2114/2210/1991 2115/2209/1991 2122/2221/1991 2121/2222/1991
f 2115/2209/1992 2116/2212/1992 2123/2223/1992 2122/2221/1992
f 2116/2212/1993 2117/2214/1993 2124/2224/1993 2123/2223/1993
f 2117/2214/1994 2118/2216/1994 2125/2225/1994 2124/2224/1994
f 2118/2216/1995 2119/2218/1995 2126/2226/1995 2125/2225/1995
f 2119/2218/1996 2120/2220/1996 2127/2227/1996 2126/2226/1996
f 2121/2222/1997 2122/2221/1997 2129/2228/1997 2128/2229/1997
f 2122/2221/1998 2123/2223/1998 2130/2230/1998 2129/2228/1998
f 2123/2223/1999 2124/2224/1999 2131/2231/1999 2130/2230/1999
f 2124/2224/2000 2125/2225/2000 2132/2232/2000 2131/2231/2000
f 2125/2225/2001 2126/2226/2001 2133/2233/2001 2132/2232/2001
f 2126/2226/2002 2127/2227/2002 2134/2234/2002 2133/2233/2002
f 2128/2229/2003 2129/2228/2003 2136/2235/2003 2135/2236/2003
f 2129/2228/2004 2130/2230/2004 2137/2237/2004 2136/2235/2004
f 2130/2230/2005 2131/2231/2005 2138/2238/2005 2137/2237/2005
f 2131/2231/2006 2132/2232/2006 2139/2239/2006 2138/2238/2006
f 2132/2232/2007 2133/2233/2007 2140/2240/2007 2139/2239/2007
f 2133/2233/2008 2134/2234/2008 2141/2241/2008 2140/2240/2008
f 2135/2236/2009 2136/2235/2009 2143/2242/2009 2142/2243/2009
f 2136/2235/2010 2137/2237/2010 2144/2244/2010 2143/2242/2010
f 2137/2237/2011 2138/2238/2011 2145/2245/2011 2144/2244/2011
f 2138/2238/2012 2139/2239/2012 2146/2246/2012 2145/2245/2012
f 2139/2239/2013 2140/2240/2013 2147/2247/2013 2146/2246/2013
f 2140/2240/2014 2141/2241/2014 2148/2248/2014 2147/2247/2014
f 2142/2243/2015 2143/2242/2015 2150/2249/2015 2149/2250/2015
f 2143/2242/2016 2144/2244/2016 2151/2251/2016 2150/2249/2016
f 2144/2244/2017 2145/2245/2017 2152/2252/2017 2151/2251/2017
f 2145/2245/2018 2146/2246/2018 2153/2253/2018 2152/2252/2018
f 2146/2246/2019 2147/2247/2019 2154/2254/2019 2153/2253/2019
f 2147/2247/2020 2148/2248/2020 2155/2255/2020 2154/2254/2020
f 34/2256/2021 443/2257/2021 2107/2207/2021 513/2258/2021
f 443/2257/2022 442/2259/2022 2108/2208/2022 2107/2207/2022
f 442/2259/2023 441/2260/2023 2109/2211/2023 2108/2208/2023
f 441/2260/2024 440/2261/2024 2110/2213/2024 2109/2211/2024
f 440/2261/2025 439/2262/2025 2111/2215/2025 2110/2213/2025
f 439/2262/2026 438/2263/2026 2112/2217/2026 2111/2215/2026
f 438/2263/2027 437/2264/2027 2113/2219/2027 2112/2217/2027
f 437/2264/2028 33/2265/2028 500/2266/2028 2113/2219/2028
f 2113/2219/2029 500/2266/2029 501/2267/2029 2120/2220/2029
f 2120/2220/2030 501/2267/2030 502/2268/2030 2127/2227/2030
f 2127/2227/2031 502/2268/2031 503/2269/2031 2134/2234/2031
f 2134/2234/2032 503/2269/2032 504/2270/2032 2141/2241/2032
f 2141/2241/2033 504/2270/2033 505/2271/2033 2148/2248/2033
f 2148/2248/2034 505/2271/2034 506/2272/2034 2155/2255/2034
f 2155/2255/2035 506/2272/2035 37/2177/2035 479/2273/2035
f 2154/2254/2036 2155/2255/2036 479/2273/2036 480/2274/2036
f 2153/2253/2037 2154/2254/2037 480/2274/2037 481/2275/2037
f 2152/2252/2038 2153/2253/2038 481/2275/2038 482/2276/2038
f 2151/2251/2039 2152/2252/2039 482/2276/2039 483/2277/2039
f 2150/2249/2040 2151/2251/2040 483/2277/2040 484/2278/2040
f 2149/2250/2041 2150/2249/2041 484/2278/2041 485/2279/2041
f 507/2280/2042 2149/2250/2042 485/2279/2042 38/2201/2042
f 508/2281/2043 2142/2243/2043 2149/2250/2043 507/2280/2043
f 509/2282/2044 2135/2236/2044 2142/2243/2044 508/2281/2044
f 510/2283/2045 2128/2229/2045 2135/2236/2045 509/2282/2045
f 511/2284/2046 2121/2222/2046 2128/2229/2046 510/2283/2046
f 512/2285/2047 2114/2210/2047 2121/2222/2047 511/2284/2047
f 513/2258/2048 2107/2207/2048 2114/2210/2048 512/2285/2048
f 2156/2286/2049 2157/2287/2049 2164/2288/2049 2163/2289/2049
f 2157/2287/2050 2158/2290/2050 2165/2291/2050 2164/2288/2050
f 2158/2290/2051 2159/2292/2051 2166/2293/2051 2165/2291/2051
f 2159/2292/2052 2160/2294/2052 2167/2295/2052 2166/2293/2052
f 2160/2294/2053 2161/2296/2053 2168/2297/2053 2167/2295/2053
f 2161/2296/2054 2162/2298/2054 2169/2299/2054 2168/2297/2054
f 2163/2289/2055 2164/2288/2055 2171/2300/2055 2170/2301/2055
f 2164/2288/2056 2165/2291/2056 2172/2302/2056 2171/2300/2056
f 2165/2291/2057 2166/2293/2057 2173/2303/2057 2172/2302/2057
f 2166/2293/2058 2167/2295/2058 2174/2304/2058 2173/2303/2058
f 2167/2295/2059 2168/2297/2059 2175/2305/2059 2174/2304/2059
f 2168/2297/2060 2169/2299/2060 2176/2306/2060 2175/2305/2060
f 2170/2301/2061 2171/2300/2061 2178/2307/2061 2177/2308/2061
f 2171/2300/2062 2172/2302/2062 2179/2309/2062 2178/2307/2062
f 2172/2302/2063 2173/2303/2063 2180/2310/2063 2179/2309/2063
f 2173/2303/2064 2174/2304/2064 2181/2311/2064 2180/2310/2064
f 2174/2304/2065 2175/2305/2065 2182/2312/2065 2181/2311/2065
f 2175/2305/2066 2176/2306/2066 2183/2313/2066 2182/2312/2066
f 2177/2308/2067 2178/2307/2067 2185/2314/2067 2184/2315/2067
f 2178/2307/2068 2179/2309/2068 2186/2316/2068 2185/2314/2068
f 2179/2309/2069 2180/2310/2069 2187/2317/2069 2186/2316/2069
f 2180/2310/2070 2181/2311/2070 2188/2318/2070 2187/2317/2070
f 2181/2311/2071 2182/2312/2071 2189/2319/2071 2188/2318/2071
f 2182/2312/2072 2183/2313/2072 2190/2320/2072 2189/2319/2072
f 2184/2315/2073 2185/2314/2073 2192/2321/2073 2191/2322/2073
f 2185/2314/2074 2186/2316/2074 2193/2323/2074 2192/2321/2074
f 2186/2316/2075 2187/2317/2075 2194/2324/2075 2193/2323/2075
f 2187/2317/2076 2188/2318/2076 2195/2325/2076 2194/2324/2076
f 2188/2318/2077 2189/2319/2077 2196/2326/2077 2195/2325/2077
f 2189/2319/2078 2190/2320/2078 2197/2327/2078 2196/2326/2078
f 2191/2322/2079 2192/2321/2079 2199/2328/2079 2198/2329/2079
f 2192/2321/2080 2193/2323/2080 2200/2330/2080 2199/2328/2080
f 2193/2323/2081 2194/2324/2081 2201/2331/2081 2200/2330/2081
f 2194/2324/2082 2195/2325/2082 2202/2332/2082 2201/2331/2082
f 2195/2325/2083 2196/2326/2083 2203/2333/2083 2202/2332/2083
f 2196/2326/2084 2197/2327/2084 2204/2334/2084 2203/2333/2084
f 33/2265/2085 429/915/2085 2156/2286/2085 500/2266/2085
f 429/915/2086 428/2335/2086 2157/2287/2086 2156/2286/2086
f 428/2335/2087 427/2336/2087 2158/2290/2087 2157/2287/2087
f 427/2336/2088 426/2337/2088 2159/2292/2088 2158/2290/2088
f 426/2337/2089 425/2338/2089 2160/2294/2089 2159/2292/2089
f 425/2338/2090 424/2339/2090 2161/2296/2090 2160/2294/2090
f 424/2339/2091 423/2340/2091 2162/2298/2091 2161/2296/2091
f 423/2340/2092 4/905/2092 499/2341/2092 2162/2298/2092
f 2162/2298/2093 499/2341/2093 498/2341/2093 2169/2299/2093
f 2169/2299/2094 498/2341/2094 497/2341/2094 2176/2306/2094
f 2176/2306/2095 497/2341/2095 496/2341/2095 2183/2313/2095
f 2183/2313/2096 496/2341/2096 495/2341/2096 2190/2320/2096
f 2190/2320/2097 495/2341/2097 494/2341/2097 2197/2327/2097
f 2197/2327/2098 494/2341/2098 493/2342/2098 2204/2334/2098
f 2204/2334/2099 493/2342/2099 35/905/2099 465/2185/2099
f 2203/2333/2100 2204/2334/2100 465/2185/2100 466/2184/2100
f 2202/2332/2101 2203/2333/2101 466/2184/2101 467/2183/2101
f 2201/2331/2102 2202/2332/2102 467/2183/2102 468/2182/2102
f 2200/2330/2103 2201/2331/2103 468/2182/2103 469/2181/2103
f 2199/2328/2104 2200/2330/2104 469/2181/2104 470/2180/2104
f 2198/2329/2105 2199/2328/2105 470/2180/2105 471/2178/2105
f 506/2272/2106 2198/2329/2106 471/2178/2106 37/2177/2106
f 505/2271/2107 2191/2322/2107 2198/2329/2107 506/2272/2107
f 504/2270/2108 2184/2315/2108 2191/2322/2108 505/2271/2108
f 503/2269/2109 2177/2308/2109 2184/2315/2109 504/2270/2109
f 502/2268/2110 2170/2301/2110 2177/2308/2110 503/2269/2110
f 501/2267/2111 2163/2289/2111 2170/2301/2111 502/2268/2111
f 500/2266/2112 2156/2286/2112 2163/2289/2112 501/2267/2112
f 2205/2343/2113 2206/2344/2113 2213/2345/2113 2212/2346/2113
f 2206/2344/2114 2207/2347/2114 2214/2348/2114 2213/2345/2114
f 2207/2347/2115 2208/2349/2115 2215/2350/2115 2214/2348/2115
f 2208/2349/2116 2209/2351/2116 2216/2352/2116 2215/2350/2116
f 2209/2351/2117 2210/2353/2117 2217/2354/2117 2216/2352/2117
f 2210/2353/2118 2211/2355/2118 2218/2356/2118 2217/2354/2118
f 2212/2346/2119 2213/2345/2119 2220/2357/2119 2219/2358/2119
f 2213/2345/2120 2214/2348/2120 2221/2359/2120 2220/2357/2120
f 2214/2348/2121 2215/2350/2121 2222/2360/2121 2221/2359/2121
f 2215/2350/2122 2216/2352/2122 2223/2361/2122 2222/2360/2122
f 2216/2352/2123 2217/2354/2123 2224/2362/2123 2223/2361/2123
f 2217/2354/2124 2218/2356/2124 2225/2363/2124 2224/2362/2124
f 2219/2358/2125 2220/2357/2125 2227/2364/2125 2226/2365/2125
f 2220/2357/2126 2221/2359/2126 2228/2366/2126 2227/2364/2126
f 2221/2359/2127 2222/2360/2127 2229/2367/2127 2228/2366/2127
f 2222/2360/2128 2223/2361/2128 2230/2368/2128 2229/2367/2128
f 2223/2361/2129 2224/2362/2129 2231/2369/2129 2230/2368/2129
f 2224/2362/2130 2225/2363/2130 2232/2370/2130 2231/2369/2130
f 2226/2365/2131 2227/2364/2131 2234/2371/2131 2233/2372/2131
f 2227/2364/2132 2228/2366/2132 2235/2373/2132 2234/2371/2132
f 2228/2366/2133 2229/2367/2133 2236/2374/2133 2235/2373/2133
f 2229/2367/2134 2230/2368/2134 2237/2375/2134 2236/2374/2134
f 2230/2368/2135 2231/2369/2135 2238/2376/2135 2237/2375/2135
f 2231/2369/2136 2232/2370/2136 2239/2377/2136 2238/2376/2136
f 2233/2372/2137 2234/2371/2137 2241/2378/2137 2240/2379/2137
f 2234/2371/2138 2235/2373/2138 2242/2380/2138 2241/2378/2138
f 2235/2373/2139 2236/2374/2139 2243/2381/2139 2242/2380/2139
f 2236/2374/2140 2237/2375/2140 2244/2382/2140 2243/2381/2140
f 2237/2375/2141 2238/2376/2141 2245/2383/2141 2244/2382/2141
f 2238/2376/2142 2239/2377/2142 2246/2384/2142 2245/2383/2142
f 2240/2379/2143 2241/2378/2143 2248/2385/2143 2247/2386/2143
f 2241/2378/2144 2242/2380/2144 2249/2387/2144 2248/2385/2144
f 2242/2380/2145 2243/2381/2145 2250/2388/2145 2249/2387/2145
f 2243/2381/2146 2244/2382/2146 2251/2389/2146 2250/2388/2146
f 2244/2382/2147 2245/2383/2147 2252/2390/2147 2251/2389/2147
f 2245/2383/2148 2246/2384/2148 2253/2391/2148 2252/2390/2148
f 8/59/2149 430/2392/2149 2205/2343/2149 486/60/2149
f 430/2392/2150 431/2393/2150 2206/2344/2150 2205/2343/2150
f 431/2393/2151 432/2394/2151 2207/2347/2151 2206/2344/2151
f 432/2394/2152 433/2395/2152 2208/2349/2152 2207/2347/2152
f 433/2395/2153 434/2396/2153 2209/2351/2153 2208/2349/2153
f 434/2396/2154 435/739/2154 2210/2353/2154 2209/2351/2154
f 435/739/2155 436/2397/2155 2211/2355/2155 2210/2353/2155
f 436/2397/2156 34/2256/2156 513/2258/2156 2211/2355/2156
f 2211/2355/2157 513/2258/2157 512/2285/2157 2218/2356/2157
f 2218/2356/2158 512/2285/2158 511/2284/2158 2225/2363/2158
f 2225/2363/2159 511/2284/2159 510/2283/2159 2232/2370/2159
f 2232/2370/2160 510/2283/2160 509/2282/2160 2239/2377/2160
f 2239/2377/2161 509/2282/2161 508/2281/2161 2246/2384/2161
f 2246/2384/2162 508/2281/2162 507/2280/2162 2253/2391/2162
f 2253/2391/2163 507/2280/2163 38/2201/2163 478/2398/2163
f 2252/2390/2164 2253/2391/2164 478/2398/2164 477/2399/2164
f 2251/2389/2165 2252/2390/2165 477/2399/2165 476/2400/2165
f 2250/2388/2166 2251/2389/2166 476/2400/2166 475/2196/2166
f 2249/2387/2167 2250/2388/2167 475/2196/2167 474/2401/2167
f 2248/2385/2168 2249/2387/2168 474/2401/2168 473/2402/2168
f 2247/2386/2169 2248/2385/2169 473/2402/2169 472/2403/2169
f 492/66/2170 2247/2386/2170 472/2403/2170 36/67/2170
f 491/65/2171 2240/2379/2171 2247/2386/2171 492/66/2171
f 490/64/2172 2233/2372/2172 2240/2379/2172 491/65/2172
f 489/63/2173 2226/2365/2173 2233/2372/2173 490/64/2173
f 488/62/2174 2219/2358/2174 2226/2365/2174 489/63/2174
f 487/61/2175 2212/2346/2175 2219/2358/2175 488/62/2175
f 486/60/2176 2205/2343/2176 2212/2346/2176 487/61/2176
f 2254/2404/2177 2255/2405/2177 2262/2406/2177 2261/2407/2177
f 2255/2405/2178 2256/2408/2178 2263/2409/2178 2262/2406/2178
f 2256/2408/2179 2257/2410/2179 2264/2411/2179 2263/2409/2179
f 2257/2410/2180 2258/2412/2180 2265/2413/2180 2264/2411/2180
f 2258/2412/2181 2259/2414/2181 2266/2415/2181 2265/2413/2181
f 2259/2414/2182 2260/2416/2182 2267/2417/2182 2266/2415/2182
f 2261/2407/2183 2262/2406/2183 2269/2418/2183 2268/2419/2183
f 2262/2406/2184 2263/2409/2184 2270/2420/2184 2269/2418/2184
f 2263/2409/2185 2264/2411/2185 2271/2421/2185 2270/2420/2185
f 2264/2411/2186 2265/2413/2186 2272/2422/2186 2271/2421/2186
f 2265/2413/2187 2266/2415/2187 2273/2423/2187 2272/2422/2187
f 2266/2415/2188 2267/2417/2188 2274/2424/2188 2273/2423/2188
f 2268/2419/2189 2269/2418/2189 2276/2425/2189 2275/2426/2189
f 2269/2418/2190 2270/2420/2190 2277/2427/2190 2276/2425/2190
f 2270/2420/2191 2271/2421/2191 2278/2428/2191 2277/2427/2191
f 2271/2421/2192 2272/2422/2192 2279/2429/2192 2278/2428/2192
f 2272/2422/2193 2273/2423/2193 2280/2430/2193 2279/2429/2193
f 2273/2423/2194 2274/2424/2194 2281/2431/2194 2280/2430/2194
f 2275/2426/2195 2276/2425/2195 2283/2432/2195 2282/2433/2195
f 2276/2425/2196 2277/2427/2196 2284/2434/2196 2283/2432/2196
f 2277/2427/2197 2278/2428/2197 2285/2435/2197 2284/2434/2197
f 2278/2428/2198 2279/2429/2198 2286/2436/2198 2285/2435/2198
f 2279/2429/2199 2280/2430/2199 2287/2437/2199 2286/2436/2199
f 2280/2430/2200 2281/2431/2200 2288/2438/2200 2287/2437/2200
f 2282/2433/2201 2283/2432/2201 2290/2439/2201 2289/2440/2201
f 2283/2432/2202 2284/2434/2202 2291/2441/2202 2290/2439/2202
f 2284/2434/2203 2285/2435/2203 2292/2442/2203 2291/2441/2203
f 2285/2435/2204 2286/2436/2204 2293/2443/2204 2292/2442/2204
f 2286/2436/2205 2287/2437/2205 2294/2444/2205 2293/2443/2205
f 2287/2437/2206 2288/2438/2206 2295/2445/2206 2294/2444/2206
f 2289/2440/2207 2290/2439/2207 2297/2446/2207 2296/2447/2207
f 2290/2439/2208 2291/2441/2208 2298/2448/2208 2297/2446/2208
f 2291/2441/2209 2292/2442/2209 2299/2449/2209 2298/2448/2209
f 2292/2442/2210 2293/2443/2210 2300/2450/2210 2299/2449/2210
f 2293/2443/2211 2294/2444/2211 2301/2451/2211 2300/2450/2211
f 2294/2444/2212 2295/2445/2212 2302/2452/2212 2301/2451/2212
f 41/2453/2213 555/2454/2213 2254/2404/2213 590/2455/2213
f 555/2454/2214 554/2456/2214 2255/2405/2214 2254/2404/2214
f 554/2456/2215 553/2457/2215 2256/2408/2215 2255/2405/2215
f 553/2457/2216 552/2458/2216 2257/2410/2216 2256/2408/2216
f 552/2458/2217 551/2459/2217 2258/2412/2217 2257/2410/2217
f 551/2459/2218 550/2460/2218 2259/2414/2218 2258/2412/2218
f 550/2460/2219 549/2461/2219 2260/2416/2219 2259/2414/2219
f 549/2461/2220 42/2462/2220 577/2463/2220 2260/2416/2220
f 2260/2416/2221 577/2463/2221 578/2464/2221 2267/2417/2221
f 2267/2417/2222 578/2464/2222 579/2465/2222 2274/2424/2222
f 2274/2424/2223 579/2465/2223 580/2466/2223 2281/2431/2223
f 2281/2431/2224 580/2466/2224 581/2467/2224 2288/2438/2224
f 2288/2438/2225 581/2467/2225 582/2468/2225 2295/2445/2225
f 2295/2445/2226 582/2468/2226 583/2469/2226 2302/2452/2226
f 2302/2452/2227 583/2469/2227 44/2470/2227 556/2471/2227
f 2301/2451/2228 2302/2452/2228 556/2471/2228 557/2472/2228
f 2300/2450/2229 2301/2451/2229 557/2472/2229 558/2473/2229
f 2299/2449/2230 2300/2450/2230 558/2473/2230 559/2474/2230
f 2298/2448/2231 2299/2449/2231 559/2474/2231 560/2475/2231
f 2297/2446/2232 2298/2448/2232 560/2475/2232 561/2476/2232
f 2296/2447/2233 2297/2446/2233 561/2476/2233 562/2477/2233
f 584/2453/2234 2296/2447/2234 562/2477/2234 43/2453/2234
f 585/2455/2235 2289/2440/2235 2296/2447/2235 584/2453/2235
f 586/2455/2236 2282/2433/2236 2289/2440/2236 585/2455/2236
f 587/2455/2237 2275/2426/2237 2282/2433/2237 586/2455/2237
f 588/2455/2238 2268/2419/2238 2275/2426/2238 587/2455/2238
f 589/2455/2239 2261/2407/2239 2268/2419/2239 588/2455/2239
f 590/2455/2240 2254/2404/2240 2261/2407/2240 589/2455/2240
f 2303/2478/2241 2304/2479/2241 2311/2480/2241 2310/2481/2241
f 2304/2479/2242 2305/2482/2242 2312/2483/2242 2311/2480/2242
f 2305/2482/2243 2306/2484/2243 2313/2485/2243 2312/2483/2243
f 2306/2484/2244 2307/2486/2244 2314/2487/2244 2313/2485/2244
f 2307/2486/2245 2308/2488/2245 2315/2489/2245 2314/2487/2245
f 2308/2488/2246 2309/2490/2246 2316/2491/2246 2315/2489/2246
f 2310/2481/2247 2311/2480/2247 2318/2492/2247 2317/2493/2247
f 2311/2480/2248 2312/2483/2248 2319/2494/2248 2318/2492/2248
f 2312/2483/2249 2313/2485/2249 2320/2495/2249 2319/2494/2249
f 2313/2485/2250 2314/2487/2250 2321/2496/2250 2320/2495/2250
f 2314/2487/2251 2315/2489/2251 2322/2497/2251 2321/2496/2251
f 2315/2489/2252 2316/2491/2252 2323/2498/2252 2322/2497/2252
f 2317/2493/2253 2318/2492/2253 2325/2499/2253 2324/2500/2253
f 2318/2492/2254 2319/2494/2254 2326/2501/2254 2325/2499/2254
f 2319/2494/2255 2320/2495/2255 2327/2502/2255 2326/2501/2255
f 2320/2495/2256 2321/2496/2256 2328/2503/2256 2327/2502/2256
f 2321/2496/2257 2322/2497/2257 2329/2504/2257 2328/2503/2257
f 2322/2497/2258 2323/2498/2258 2330/2505/2258 2329/2504/2258
f 2324/2500/2259 2325/2499/2259 2332/2506/2259 2331/2507/2259
f 2325/2499/2260 2326/2501/2260 2333/2508/2260 2332/2506/2260
f 2326/2501/2261 2327/2502/2261 2334/2509/2261 2333/2508/2261
f 2327/2502/2262 2328/2503/2262 2335/2510/2262 2334/2509/2262
f 2328/2503/2263 2329/2504/2263 2336/2511/2263 2335/2510/2263
f 2329/2504/2264 2330/2505/2264 2337/2512/2264 2336/2511/2264
f 2331/2507/2265 2332/2506/2265 2339/2513/2265 2338/2514/2265
f 2332/2506/2266 2333/2508/2266 2340/2515/2266 2339/2513/2266
f 2333/2508/2267 2334/2509/2267 2341/2516/2267 2340/2515/2267
f 2334/2509/2268 2335/2510/2268 2342/2517/2268 2341/2516/2268
f 2335/2510/2269 2336/2511/2269 2343/2518/2269 2342/2517/2269
f 2336/2511/2270 2337/2512/2270 2344/2519/2270 2343/2518/2270
f 2338/2514/2271 2339/2513/2271 2346/2520/2271 2345/2521/2271
f 2339/2513/2272 2340/2515/2272 2347/2522/2272 2346/2520/2272
f 2340/2515/2273 2341/2516/2273 2348/2523/2273 2347/2522/2273
f 2341/2516/2274 2342/2517/2274 2349/2524/2274 2348/2523/2274
f 2342/2517/2275 2343/2518/2275 2350/2525/2275 2349/2524/2275
f 2343/2518/2276 2344/2519/2276 2351/2526/2276 2350/2525/2276
f 44/2470/2277 534/2527/2277 2303/2478/2277 556/2528/2277
f 534/2527/2278 533/2529/2278 2304/2479/2278 2303/2478/2278
f 533/2529/2279 532/2530/2279 2305/2482/2279 2304/2479/2279
f 532/2530/2280 531/2531/2280 2306/2484/2280 2305/2482/2280
f 531/2531/2281 530/2532/2281 2307/2486/2281 2306/2484/2281
f 530/2532/2282 529/2533/2282 2308/2488/2282 2307/2486/2282
f 529/2533/2283 528/2534/2283 2309/2490/2283 2308/2488/2283
f 528/2534/2284 40/2049/2284 451/2535/2284 2309/2490/2284
f 2309/2490/2285 451/2535/2285 452/2536/2285 2316/2491/2285
f 2316/2491/2286 452/2536/2286 453/2537/2286 2323/2498/2286
f 2323/2498/2287 453/2537/2287 454/2538/2287 2330/2505/2287
f 2330/2505/2288 454/2538/2288 455/2539/2288 2337/2512/2288
f 2337/2512/2289 455/2539/2289 456/2540/2289 2344/2519/2289
f 2344/2519/2290 456/2540/2290 457/2541/2290 2351/2526/2290
f 2351/2526/2291 457/2541/2291 39/2542/2291 520/2543/2291
f 2350/2525/2292 2351/2526/2292 520/2543/2292 519/2544/2292
f 2349/2524/2293 2350/2525/2293 519/2544/2293 518/2545/2293
f 2348/2523/2294 2349/2524/2294 518/2545/2294 517/2546/2294
f 2347/2522/2295 2348/2523/2295 517/2546/2295 516/2547/2295
f 2346/2520/2296 2347/2522/2296 516/2547/2296 515/2548/2296
f 2345/2521/2297 2346/2520/2297 515/2548/2297 514/2549/2297
f 562/2550/2298 2345/2521/2298 514/2549/2298 43/2453/2298
f 561/2551/2299 2338/2514/2299 2345/2521/2299 562/2550/2299
f 560/2475/2300 2331/2507/2300 2338/2514/2300 561/2551/2300
f 559/2552/2301 2324/2500/2301 2331/2507/2301 560/2475/2301
f 558/2553/2302 2317/2493/2302 2324/2500/2302 559/2552/2302
f 557/2472/2303 2310/2481/2303 2317/2493/2303 558/2553/2303
f 556/2528/2304 2303/2478/2304 2310/2481/2304 557/2472/2304
f 2352/2554/2305 2353/2555/2305 2360/2556/2305 2359/2557/2305
f 2353/2555/2306 2354/2558/2306 2361/2559/2306 2360/2556/2306
f 2354/2558/2307 2355/2560/2307 2362/2561/2307 2361/2559/2307
f 2355/2560/2308 2356/2562/2308 2363/2563/2308 2362/2561/2308
f 2356/2562/2309 2357/2564/2309 2364/2565/2309 2363/2563/2309
f 2357/2564/2310 2358/2566/2310 2365/2567/2310 2364/2565/2310
f 2359/2557/2311 2360/2556/2311 2367/2568/2311 2366/2569/2311
f 2360/2556/2312 2361/2559/2312 2368/2570/2312 2367/2568/2312
f 2361/2559/2313 2362/2561/2313 2369/2571/2313 2368/2570/2313
f 2362/2561/2314 2363/2563/2314 2370/2572/2314 2369/2571/2314
f 2363/2563/2315 2364/2565/2315 2371/2573/2315 2370/2572/2315
f 2364/2565/2316 2365/2567/2316 2372/2574/2316 2371/2573/2316
f 2366/2569/2317 2367/2568/2317 2374/2575/2317 2373/2576/2317
f 2367/2568/2318 2368/2570/2318 2375/2577/2318 2374/2575/2318
f 2368/2570/2319 2369/2571/2319 2376/2578/2319 2375/2577/2319
f 2369/2571/2320 2370/2572/2320 2377/2579/2320 2376/2578/2320
f 2370/2572/2321 2371/2573/2321 2378/2580/2321 2377/2579/2321
f 2371/2573/2322 2372/2574/2322 2379/2581/2322 2378/2580/2322
f 2373/2576/2323 2374/2575/2323 2381/2582/2323 2380/2583/2323
f 2374/2575/2324 2375/2577/2324 2382/2584/2324 2381/2582/2324
f 2375/2577/2325 2376/2578/2325 2383/2585/2325 2382/2584/2325
f 2376/2578/2326 2377/2579/2326 2384/2586/2326 2383/2585/2326
f 2377/2579/2327 2378/2580/2327 2385/2587/2327 2384/2586/2327
f 2378/2580/2328 2379/2581/2328 2386/2588/2328 2385/2587/2328
f 2380/2583/2329 2381/2582/2329 2388/2589/2329 2387/2590/2329
f 2381/2582/2330 2382/2584/2330 2389/2591/2330 2388/2589/2330
f 2382/2584/2331 2383/2585/2331 2390/2592/2331 2389/2591/2331
f 2383/2585/2332 2384/2586/2332 2391/2593/2332 2390/2592/2332
f 2384/2586/2333 2385/2587/2333 2392/2594/2333 2391/2593/2333
f 2385/2587/2334 2386/2588/2334 2393/2595/2334 2392/2594/2334
f 2387/2590/2335 2388/2589/2335 2395/2596/2335 2394/2597/2335
f 2388/2589/2336 2389/2591/2336 2396/2598/2336 2395/2596/2336
f 2389/2591/2337 2390/2592/2337 2397/2599/2337 2396/2598/2337
f 2390/2592/2338 2391/2593/2338 2398/2600/2338 2397/2599/2338
f 2391/2593/2339 2392/2594/2339 2399/2601/2339 2398/2600/2339
f 2392/2594/2340 2393/2595/2340 2400/2602/2340 2399/2601/2340
f 5/2603/2341 527/2604/2341 2352/2554/2341 65/2605/2341
f 527/2604/2342 526/2606/2342 2353/2555/2342 2352/2554/2342
f 526/2606/2343 525/2607/2343 2354/2558/2343 2353/2555/2343
f 525/2607/2344 524/702/2344 2355/2560/2344 2354/2558/2344
f 524/702/2345 523/2608/2345 2356/2562/2345 2355/2560/2345
f 523/2608/2346 522/2609/2346 2357/2564/2346 2356/2562/2346
f 522/2609/2347 521/2610/2347 2358/2566/2347 2357/2564/2347
f 521/2610/2348 42/2611/2348 549/2612/2348 2358/2566/2348
f 2358/2566/2349 549/2612/2349 550/2613/2349 2365/2567/2349
f 2365/2567/2350 550/2613/2350 551/2614/2350 2372/2574/2350
f 2372/2574/2351 551/2614/2351 552/2615/2351 2379/2581/2351
f 2379/2581/2352 552/2615/2352 553/2457/2352 2386/2588/2352
f 2386/2588/2353 553/2457/2353 554/2456/2353 2393/2595/2353
f 2393/2595/2354 554/2456/2354 555/2616/2354 2400/2602/2354
f 2400/2602/2355 555/2616/2355 41/2453/2355 541/2617/2355
f 2399/2601/2356 2400/2602/2356 541/2617/2356 540/2618/2356
f 2398/2600/2357 2399/2601/2357 540/2618/2357 539/2619/2357
f 2397/2599/2358 2398/2600/2358 539/2619/2358 538/2620/2358
f 2396/2598/2359 2397/2599/2359 538/2620/2359 537/2621/2359
f 2395/2596/2360 2396/2598/2360 537/2621/2360 536/2622/2360
f 2394/2597/2361 2395/2596/2361 536/2622/2361 535/2623/2361
f 59/1236/2362 2394/2597/2362 535/2623/2362 1/1234/2362
f 60/2624/2363 2387/2590/2363 2394/2597/2363 59/1236/2363
f 61/2625/2364 2380/2583/2364 2387/2590/2364 60/2624/2364
f 62/2626/2365 2373/2576/2365 2380/2583/2365 61/2625/2365
f 63/1255/2366 2366/2569/2366 2373/2576/2366 62/2626/2366
f 64/2627/2367 2359/2557/2367 2366/2569/2367 63/1255/2367
f 65/2605/2368 2352/2554/2368 2359/2557/2368 64/2627/2368
f 2401/2628/2369 2402/2629/2369 2409/2630/2369 2408/2631/2369
f 2402/2629/2370 2403/2632/2370 2410/2633/2370 2409/2630/2370
f 2403/2632/2371 2404/2634/2371 2411/2635/2371 2410/2633/2371
f 2404/2634/2372 2405/2636/2372 2412/2637/2372 2411/2635/2372
f 2405/2636/2373 2406/2638/2373 2413/2639/2373 2412/2637/2373
f 2406/2638/2374 2407/2640/2374 2414/2641/2374 2413/2639/2374
f 2408/2631/2375 2409/2630/2375 2416/2642/2375 2415/2643/2375
f 2409/2630/2376 2410/2633/2376 2417/2644/2376 2416/2642/2376
f 2410/2633/2377 2411/2635/2377 2418/2645/2377 2417/2644/2377
f 2411/2635/2378 2412/2637/2378 2419/2646/2378 2418/2645/2378
f 2412/2637/2379 2413/2639/2379 2420/2647/2379 2419/2646/2379
f 2413/2639/2380 2414/2641/2380 2421/2648/2380 2420/2647/2380
f 2415/2643/2381 2416/2642/2381 2423/2649/2381 2422/2650/2381
f 2416/2642/2382 2417/2644/2382 2424/2651/2382 2423/2649/2382
f 2417/2644/2383 2418/2645/2383 2425/2652/2383 2424/2651/2383
f 2418/2645/2384 2419/2646/2384 2426/2653/2384 2425/2652/2384
f 2419/2646/2385 2420/2647/2385 2427/2654/2385 2426/2653/2385
f 2420/2647/2386 2421/2648/2386 2428/2655/2386 2427/2654/2386
f 2422/2650/2387 2423/2649/2387 2430/2656/2387 2429/2657/2387
f 2423/2649/2388 2424/2651/2388 2431/2658/2388 2430/2656/2388
f 2424/2651/2389 2425/2652/2389 2432/2659/2389 2431/2658/2389
f 2425/2652/2390 2426/2653/2390 2433/2660/2390 2432/2659/2390
f 2426/2653/2391 2427/2654/2391 2434/2661/2391 2433/2660/2391
f 2427/2654/2392 2428/2655/2392 2435/2662/2392 2434/2661/2392
f 2429/2657/2393 2430/2656/2393 2437/2663/2393 2436/2664/2393
f 2430/2656/2394 2431/2658/2394 2438/2665/2394 2437/2663/2394
f 2431/2658/2395 2432/2659/2395 2439/2666/2395 2438/2665/2395
f 2432/2659/2396 2433/2660/2396 2440/2667/2396 2439/2666/2396
f 2433/2660/2397 2434/2661/2397 2441/2668/2397 2440/2667/2397
f 2434/2661/2398 2435/2662/2398 2442/2669/2398 2441/2668/2398
f 2436/2664/2399 2437/2663/2399 2444/2670/2399 2443/2671/2399
f 2437/2663/2400 2438/2665/2400 2445/2672/2400 2444/2670/2400
f 2438/2665/2401 2439/2666/2401 2446/2673/2401 2445/2672/2401
f 2439/2666/2402 2440/2667/2402 2447/2674/2402 2446/2673/2402
f 2440/2667/2403 2441/2668/2403 2448/2675/2403 2447/2674/2403
f 2441/2668/2404 2442/2669/2404 2449/2676/2404 2448/2675/2404
f 2/962/2405 450/2677/2405 2401/2628/2405 563/2678/2405
f 450/2677/2406 449/2679/2406 2402/2629/2406 2401/2628/2406
f 449/2679/2407 448/2680/2407 2403/2632/2407 2402/2629/2407
f 448/2680/2408 447/2681/2408 2404/2634/2408 2403/2632/2408
f 447/2681/2409 446/2682/2409 2405/2636/2409 2404/2634/2409
f 446/2682/2410 445/2683/2410 2406/2638/2410 2405/2636/2410
f 445/2683/2411 444/2684/2411 2407/2640/2411 2406/2638/2411
f 444/2684/2412 41/954/2412 590/2685/2412 2407/2640/2412
f 2407/2640/2413 590/2685/2413 589/2685/2413 2414/2641/2413
f 2414/2641/2414 589/2685/2414 588/2685/2414 2421/2648/2414
f 2421/2648/2415 588/2685/2415 587/2685/2415 2428/2655/2415
f 2428/2655/2416 587/2685/2416 586/2685/2416 2435/2662/2416
f 2435/2662/2417 586/2685/2417 585/2685/2417 2442/2669/2417
f 2442/2669/2418 585/2685/2418 584/2685/2418 2449/2676/2418
f 2449/2676/2419 584/2685/2419 43/2685/2419 514/2686/2419
f 2448/2675/2420 2449/2676/2420 514/2686/2420 515/2687/2420
f 2447/2674/2421 2448/2675/2421 515/2687/2421 516/2688/2421
f 2446/2673/2422 2447/2674/2422 516/2688/2422 517/2689/2422
f 2445/2672/2423 2446/2673/2423 517/2689/2423 518/2690/2423
f 2444/2670/2424 2445/2672/2424 518/2690/2424 519/2691/2424
f 2443/2671/2425 2444/2670/2425 519/2691/2425 520/2692/2425
f 569/2678/2426 2443/2671/2426 520/2692/2426 39/2678/2426
f 568/2678/2427 2436/2664/2427 2443/2671/2427 569/2678/2427
f 567/2678/2428 2429/2657/2428 2436/2664/2428 568/2678/2428
f 566/2678/2429 2422/2650/2429 2429/2657/2429 567/2678/2429
f 565/2678/2430 2415/2643/2430 2422/2650/2430 566/2678/2430
f 564/2678/2431 2408/2631/2431 2415/2643/2431 565/2678/2431
f 563/2678/2432 2401/2628/2432 2408/2631/2432 564/2678/2432
f 2450/2693/2433 2451/2694/2433 2458/2695/2433 2457/2696/2433
f 2451/2694/2434 2452/2697/2434 2459/2698/2434 2458/2695/2434
f 2452/2697/2435 2453/2699/2435 2460/2700/2435 2459/2698/2435
f 2453/2699/2436 2454/2701/2436 2461/2702/2436 2460/2700/2436
f 2454/2701/2437 2455/2703/2437 2462/2704/2437 2461/2702/2437
f 2455/2703/2438 2456/2705/2438 2463/2706/2438 2462/2704/2438
f 2457/2696/2439 2458/2695/2439 2465/2707/2439 2464/2708/2439
f 2458/2695/2440 2459/2698/2440 2466/2709/2440 2465/2707/2440
f 2459/2698/2441 2460/2700/2441 2467/2710/2441 2466/2709/2441
f 2460/2700/2442 2461/2702/2442 2468/2711/2442 2467/2710/2442
f 2461/2702/2443 2462/2704/2443 2469/2712/2443 2468/2711/2443
f 2462/2704/2444 2463/2706/2444 2470/2713/2444 2469/2712/2444
f 2464/2708/2445 2465/2707/2445 2472/2714/2445 2471/2715/2445
f 2465/2707/2446 2466/2709/2446 2473/2716/2446 2472/2714/2446
f 2466/2709/2447 2467/2710/2447 2474/2717/2447 2473/2716/2447
f 2467/2710/2448 2468/2711/2448 2475/2718/2448 2474/2717/2448
f 2468/2711/2449 2469/2712/2449 2476/2719/2449 2475/2718/2449
f 2469/2712/2450 2470/2713/2450 2477/2720/2450 2476/2719/2450
f 2471/2715/2451 2472/2714/2451 2479/2721/2451 2478/2722/2451
f 2472/2714/2452 2473/2716/2452 2480/2723/2452 2479/2721/2452
f 2473/2716/2453 2474/2717/2453 2481/2724/2453 2480/2723/2453
f 2474/2717/2454 2475/2718/2454 2482/2725/2454 2481/2724/2454
f 2475/2718/2455 2476/2719/2455 2483/2726/2455 2482/2725/2455
f 2476/2719/2456 2477/2720/2456 2484/2727/2456 2483/2726/2456
f 2478/2722/2457 2479/2721/2457 2486/2728/2457 2485/2729/2457
f 2479/2721/2458 2480/2723/2458 2487/2730/2458 2486/2728/2458
f 2480/2723/2459 2481/2724/2459 2488/2731/2459 2487/2730/2459
f 2481/2724/2460 2482/2725/2460 2489/2732/2460 2488/2731/2460
f 2482/2725/2461 2483/2726/2461 2490/2733/2461 2489/2732/2461
f 2483/2726/2462 2484/2727/2462 2491/2734/2462 2490/2733/2462
f 2485/2729/2463 2486/2728/2463 2493/2735/2463 2492/2736/2463
f 2486/2728/2464 2487/2730/2464 2494/2737/2464 2493/2735/2464
f 2487/2730/2465 2488/2731/2465 2495/2738/2465 2494/2737/2465
f 2488/2731/2466 2489/2732/2466 2496/2739/2466 2495/2738/2466
f 2489/2732/2467 2490/2733/2467 2497/2740/2467 2496/2739/2467
f 2490/2733/2468 2491/2734/2468 2498/2741/2468 2497/2740/2468
f 42/2462/2469 548/699/2469 2450/2693/2469 577/2463/2469
f 548/699/2470 547/2742/2470 2451/2694/2470 2450/2693/2470
f 547/2742/2471 546/704/2471 2452/2697/2471 2451/2694/2471
f 546/704/2472 545/2743/2472 2453/2699/2472 2452/2697/2472
f 545/2743/2473 544/2744/2473 2454/2701/2473 2453/2699/2473
f 544/2744/2474 543/2745/2474 2455/2703/2474 2454/2701/2474
f 543/2745/2475 542/2746/2475 2456/2705/2475 2455/2703/2475
f 542/2746/2476 6/371/2476 576/2037/2476 2456/2705/2476
f 2456/2705/2477 576/2037/2477 575/2054/2477 2463/2706/2477
f 2463/2706/2478 575/2054/2478 574/2053/2478 2470/2713/2478
f 2470/2713/2479 574/2053/2479 573/2052/2479 2477/2720/2479
f 2477/2720/2480 573/2052/2480 572/2051/2480 2484/2727/2480
f 2484/2727/2481 572/2051/2481 571/2050/2481 2491/2734/2481
f 2491/2734/2482 571/2050/2482 570/2048/2482 2498/2741/2482
f 2498/2741/2483 570/2048/2483 40/2049/2483 528/2534/2483
f 2497/2740/2484 2498/2741/2484 528/2534/2484 529/2533/2484
f 2496/2739/2485 2497/2740/2485 529/2533/2485 530/2532/2485
f 2495/2738/2486 2496/2739/2486 530/2532/2486 531/2531/2486
f 2494/2737/2487 2495/2738/2487 531/2531/2487 532/2530/2487
f 2493/2735/2488 2494/2737/2488 532/2530/2488 533/2529/2488
f 2492/2736/2489 2493/2735/2489 533/2529/2489 534/2527/2489
f 583/2469/2490 2492/2736/2490 534/2527/2490 44/2470/2490
f 582/2468/2491 2485/2729/2491 2492/2736/2491 583/2469/2491
f 581/2467/2492 2478/2722/2492 2485/2729/2492 582/2468/2492
f 580/2466/2493 2471/2715/2493 2478/2722/2493 581/2467/2493
f 579/2465/2494 2464/2708/2494 2471/2715/2494 580/2466/2494
f 578/2464/2495 2457/2696/2495 2464/2708/2495 579/2465/2495
f 577/2463/2496 2450/2693/2496 2457/2696/2496 578/2464/2496
